cik,sec_name,ticker,exchange,cik_str,sec_name_clean,is_public_exchange
1045810,NVIDIA CORP,NVDA,Nasdaq,0001045810,NVIDIA,1
1652044,Alphabet Inc.,GOOGL,Nasdaq,0001652044,ALPHABET,1
320193,Apple Inc.,AAPL,Nasdaq,0000320193,APPLE,1
789019,MICROSOFT CORP,MSFT,Nasdaq,0000789019,MICROSOFT,1
1018724,AMAZON COM INC,AMZN,Nasdaq,0001018724,AMAZON COM,1
1730168,Broadcom Inc.,AVGO,Nasdaq,0001730168,BROADCOM,1
1318605,"Tesla, Inc.",TSLA,Nasdaq,0001318605,TESLA,1
1326801,"Meta Platforms, Inc.",META,Nasdaq,0001326801,META PLATFORMS,1
104169,Walmart Inc.,WMT,Nasdaq,0000104169,WALMART,1
1067983,BERKSHIRE HATHAWAY INC,BRK-B,NYSE,0001067983,BERKSHIRE HATHAWAY,1
59478,ELI LILLY & Co,LLY,NYSE,0000059478,ELI LILLY,1
723125,MICRON TECHNOLOGY INC,MU,Nasdaq,0000723125,MICRON TECHNOLOGY,1
19617,JPMORGAN CHASE & CO,JPM,NYSE,0000019617,JPMORGAN CHASE,1
2488,ADVANCED MICRO DEVICES INC,AMD,Nasdaq,0000002488,ADVANCED MICRO DEVICES,1
34088,EXXON MOBIL CORP,XOM,NYSE,0000034088,EXXON MOBIL,1
1403161,VISA INC.,V,NYSE,0001403161,VISA,1
937966,ASML HOLDING NV,ASML,Nasdaq,0000937966,ASML NV,1
1341439,ORACLE CORP,ORCL,NYSE,0001341439,ORACLE,1
50863,INTEL CORP,INTC,Nasdaq,0000050863,INTEL,1
200406,JOHNSON & JOHNSON,JNJ,NYSE,0000200406,JOHNSON JOHNSON,1
858877,"CISCO SYSTEMS, INC.",CSCO,Nasdaq,0000858877,CISCO SYSTEMS,1
909832,COSTCO WHOLESALE CORP /NEW,COST,Nasdaq,0000909832,COSTCO WHOLESALE NEW,1
1141391,Mastercard Inc,MA,NYSE,0001141391,MASTERCARD,1
18230,CATERPILLAR INC,CAT,NYSE,0000018230,CATERPILLAR,1
2070829,"Contemporary Amperex Technology Co., Limited/ADR",CYATY,OTC,0002070829,CONTEMPORARY AMPEREX TECHNOLOGY ADR,0
93410,CHEVRON CORP,CVX,NYSE,0000093410,CHEVRON,1
1551152,AbbVie Inc.,ABBV,NYSE,0001551152,ABBVIE,1
1065280,NETFLIX INC,NFLX,Nasdaq,0001065280,NETFLIX,1
731766,UNITEDHEALTH GROUP INC,UNH,NYSE,0000731766,UNITEDHEALTH,1
707549,LAM RESEARCH CORP,LRCX,Nasdaq,0000707549,LAM RESEARCH,1
70858,BANK OF AMERICA CORP /DE/,BAC,NYSE,0000070858,OF AMERICA DE,1
6951,APPLIED MATERIALS INC /DE,AMAT,Nasdaq,0000006951,APPLIED MATERIALS DE,1
21344,COCA COLA CO,KO,NYSE,0000021344,COCA COLA,1
80424,PROCTER & GAMBLE Co,PG,NYSE,0000080424,PROCTER GAMBLE,1
1321655,Palantir Technologies Inc.,PLTR,Nasdaq,0001321655,PALANTIR TECHNOLOGIES,1
1577552,Alibaba Group Holding Ltd,BABA,NYSE,0001577552,ALIBABA,1
895421,MORGAN STANLEY,MS,NYSE,0000895421,MORGAN STANLEY,1
1089113,HSBC HOLDINGS PLC,HSBC,NYSE,0001089113,HSBC,1
354950,"HOME DEPOT, INC.",HD,NYSE,0000354950,HOME DEPOT,1
1413329,Philip Morris International Inc.,PM,NYSE,0001413329,PHILIP MORRIS INTERNATIONAL,1
40545,GENERAL ELECTRIC CO,GE,NYSE,0000040545,GENERAL ELECTRIC,1
1114448,NOVARTIS AG,NVS,NYSE,0001114448,NOVARTIS AG,1
1996810,GE Vernova Inc.,GEV,NYSE,0001996810,GE VERNOVA,1
901832,ASTRAZENECA PLC,AZN,NYSE,0000901832,ASTRAZENECA,1
886982,GOLDMAN SACHS GROUP INC,GS,NYSE,0000886982,GOLDMAN SACHS,1
97476,TEXAS INSTRUMENTS INC,TXN,Nasdaq,0000097476,TEXAS INSTRUMENTS,1
310158,"Merck & Co., Inc.",MRK,NYSE,0000310158,MERCK,1
1000275,ROYAL BANK OF CANADA,RY,NYSE,0001000275,ROYAL OF CANADA,1
1094517,TOYOTA MOTOR CORP/,TM,NYSE,0001094517,TOYOTA MOTOR,1
1306965,Shell plc,SHEL,NYSE,0001306965,SHELL,1
319201,KLA CORP,KLAC,Nasdaq,0000319201,KLA,1
1707925,LINDE PLC,LIN,Nasdaq,0001707925,LINDE,1
101829,RTX Corp,RTX,NYSE,0000101829,RTX,1
1973239,ARM HOLDINGS PLC /UK,ARM,Nasdaq,0001973239,ARM UK,1
72971,WELLS FARGO & COMPANY/MN,WFC,NYSE,0000072971,WELLS FARGO MN,1
811809,BHP Group Ltd,BHP,NYSE,0000811809,BHP,1
4962,AMERICAN EXPRESS CO,AXP,NYSE,0000004962,AMERICAN EXPRESS,1
67088,MITSUBISHI UFJ FINANCIAL GROUP INC,MUFG,NYSE,0000067088,MITSUBISHI UFJ,1
804328,QUALCOMM INC/DE,QCOM,Nasdaq,0000804328,QUALCOMM DE,1
831001,CITIGROUP INC,C,NYSE,0000831001,CITIGROUP,1
2023554,Sandisk Corp,SNDK,Nasdaq,0002023554,SANDISK,1
51143,INTERNATIONAL BUSINESS MACHINES CORP,IBM,NYSE,0000051143,INTERNATIONAL BUSINESS MACHINES,1
879764,TotalEnergies SE,TTE,NYSE,0000879764,TOTALENERGIES SE,1
887028,RIO TINTO LTD,RTNTF,OTC,0000887028,RIO TINTO,0
6281,ANALOG DEVICES INC,ADI,Nasdaq,0000006281,ANALOG DEVICES,1
77476,PEPSICO INC,PEP,Nasdaq,0000077476,PEPSICO,1
1283699,"T-Mobile US, Inc.",TMUS,Nasdaq,0001283699,T MOBILE US,1
1000184,SAP SE,SAP,NYSE,0001000184,SAP SE,1
353278,NOVO NORDISK A S,NVO,NYSE,0000353278,NOVO NORDISK S,1
1327567,Palo Alto Networks Inc,PANW,Nasdaq,0001327567,PALO ALTO NETWORKS,1
63908,MCDONALDS CORP,MCD,NYSE,0000063908,MCDONALDS,1
753308,NEXTERA ENERGY INC,NEE,NYSE,0000753308,NEXTERA ENERGY,1
732712,VERIZON COMMUNICATIONS INC,VZ,NYSE,0000732712,VERIZON COMMUNICATIONS,1
2053383,Kioxia Holdings Corporation/ADR,KXIAY,OTC,0002053383,KIOXIA ADR,0
947263,TORONTO DOMINION BANK,TD,NYSE,0000947263,TORONTO DOMINION,1
1596532,"Arista Networks, Inc.",ANET,NYSE,0001596532,ARISTA NETWORKS,1
1744489,Walt Disney Co,DIS,NYSE,0001744489,WALT DISNEY,1
1137789,Seagate Technology Holdings plc,STX,Nasdaq,0001137789,SEAGATE TECHNOLOGY,1
318154,AMGEN INC,AMGN,Nasdaq,0000318154,AMGEN,1
12927,BOEING CO,BA,NYSE,0000012927,BOEING,1
891478,"Banco Santander, S.A.",SAN,NYSE,0000891478,BANCO SANTANDER S,1
863064,RIO TINTO PLC,RIO,NYSE,0000863064,RIO TINTO,1
1751008,AppLovin Corp,APP,Nasdaq,0001751008,APPLOVIN,1
2012383,"BlackRock, Inc.",BLK,NYSE,0002012383,BLACKROCK,1
1830056,Siemens Energy AG/ADR,SMERY,OTC,0001830056,SIEMENS ENERGY AG ADR,0
732717,AT&T INC.,T,NYSE,0000732717,AT T,1
106040,WESTERN DIGITAL CORP,WDC,Nasdaq,0000106040,WESTERN DIGITAL,1
24741,CORNING INC /NY,GLW,NYSE,0000024741,CORNING NY,1
109198,TJX COMPANIES INC /DE/,TJX,NYSE,0000109198,TJX COMPANIES DE,1
97745,THERMO FISHER SCIENTIFIC INC.,TMO,NYSE,0000097745,THERMO FISHER SCIENTIFIC,1
882095,"GILEAD SCIENCES, INC.",GILD,Nasdaq,0000882095,GILEAD SCIENCES,1
100885,UNION PACIFIC CORP,UNP,NYSE,0000100885,UNION PACIFIC,1
316709,SCHWAB CHARLES CORP,SCHW,NYSE,0000316709,SCHWAB CHARLES,1
1571996,Dell Technologies Inc.,DELL,NYSE,0001571996,DELL TECHNOLOGIES,1
1668717,Anheuser-Busch InBev SA/NV,BUD,NYSE,0001668717,ANHEUSER BUSCH INBEV SA NV,1
946770,DEUTSCHE TELEKOM AG,DTEGY,OTC,0000946770,DEUTSCHE TELEKOM AG,0
1551182,Eaton Corp plc,ETN,NYSE,0001551182,EATON,1
1835632,"Marvell Technology, Inc.",MRVL,Nasdaq,0001835632,MARVELL TECHNOLOGY,1
820313,AMPHENOL CORP /DE/,APH,NYSE,0000820313,AMPHENOL DE,1
1543151,"Uber Technologies, Inc",UBER,NYSE,0001543151,UBER TECHNOLOGIES,1
315189,DEERE & CO,DE,NYSE,0000315189,DEERE,1
1535527,"CrowdStrike Holdings, Inc.",CRWD,Nasdaq,0001535527,CROWDSTRIKE,1
766704,WELLTOWER INC.,WELL,NYSE,0000766704,WELLTOWER,1
1610520,UBS Group AG,UBS,NYSE,0001610520,UBS AG,1
1035267,INTUITIVE SURGICAL INC,ISRG,Nasdaq,0001035267,INTUITIVE SURGICAL,1
1163165,CONOCOPHILLIPS,COP,NYSE,0001163165,CONOCOPHILLIPS,1
1381197,"Interactive Brokers Group, Inc.",IBKR,Nasdaq,0001381197,INTERACTIVE BROKERS,1
1800,ABBOTT LABORATORIES,ABT,NYSE,0000001800,ABBOTT LABORATORIES,1
1001838,SOUTHERN COPPER CORP/,SCCO,NYSE,0001001838,SOUTHERN COPPER,1
78003,PFIZER INC,PFE,NYSE,0000078003,PFIZER,1
1393818,Blackstone Inc.,BX,NYSE,0001393818,BLACKSTONE,1
1674101,Vertiv Holdings Co,VRT,NYSE,0001674101,VERTIV,1
1108524,"Salesforce, Inc.",CRM,NYSE,0001108524,SALESFORCE,1
1303523,British American Tobacco p.l.c.,BTI,NYSE,0001303523,BRITISH AMERICAN TOBACCO P L C,1
1022837,"SUMITOMO MITSUI FINANCIAL GROUP, INC.",SMFG,NYSE,0001022837,SUMITOMO MITSUI,1
47710,HITACHI LTD,HTHIY,OTC,0000047710,HITACHI,0
1737806,PDD Holdings Inc.,PDD,Nasdaq,0001737806,PDD,1
773840,HONEYWELL INTERNATIONAL INC,HON,Nasdaq,0000773840,HONEYWELL INTERNATIONAL,1
313838,Sony Group Corp,SONY,NYSE,0000313838,SONY,1
1045609,"Prologis, Inc.",PLD,NYSE,0001045609,PROLOGIS,1
1594805,SHOPIFY INC.,SHOP,Nasdaq,0001594805,SHOPIFY,1
1119639,PETROBRAS - PETROLEO BRASILEIRO SA,PBR,NYSE,0001119639,PETROBRAS PETROLEO BRASILEIRO SA,1
896159,Chubb Ltd,CB,NYSE,0000896159,CHUBB,1
1144967,HDFC BANK LTD,HDB,NYSE,0001144967,HDFC,1
1158838,ADVANTEST CORP,ATEYY,OTC,0001158838,ADVANTEST,0
217410,UNILEVER PLC,UL,NYSE,0000217410,UNILEVER,1
64803,CVS HEALTH Corp,CVS,NYSE,0000064803,CVS HEALTH,1
60667,LOWES COMPANIES INC,LOW,NYSE,0000060667,LOWES COMPANIES,1
764180,"ALTRIA GROUP, INC.",MO,NYSE,0000764180,ALTRIA,1
842180,"BANCO BILBAO VIZCAYA ARGENTARIA, S.A.",BBVA,NYSE,0000842180,BANCO BILBAO VIZCAYA ARGENTARIA S,1
829224,STARBUCKS CORP,SBUX,Nasdaq,0000829224,STARBUCKS,1
895728,ENBRIDGE INC,ENB,NYSE,0000895728,ENBRIDGE,1
1075531,Booking Holdings Inc.,BKNG,Nasdaq,0001075531,BOOKING,1
64040,S&P Global Inc.,SPGI,NYSE,0000064040,S P GLOBAL,1
936468,LOCKHEED MARTIN CORP,LMT,NYSE,0000936468,LOCKHEED MARTIN,1
310764,STRYKER CORP,SYK,NYSE,0000310764,STRYKER,1
80661,PROGRESSIVE CORP/OH/,PGR,NYSE,0000080661,PROGRESSIVE OH,1
927628,CAPITAL ONE FINANCIAL CORP,COF,NYSE,0000927628,CAPITAL ONE,1
14272,BRISTOL MYERS SQUIBB CO,BMY,NYSE,0000014272,BRISTOL MYERS SQUIBB,1
1164727,NEWMONT Corp /DE/,NEM,NYSE,0001164727,NEWMONT DE,1
1050915,"QUANTA SERVICES, INC.",PWR,NYSE,0001050915,QUANTA,1
313616,DANAHER CORP /DE/,DHR,NYSE,0000313616,DANAHER DE,1
313807,BP PLC,BP,NYSE,0000313807,BP,1
875320,VERTEX PHARMACEUTICALS INC / MA,VRTX,Nasdaq,0000875320,VERTEX PHARMACEUTICALS MA,1
896878,INTUIT INC.,INTU,Nasdaq,0000896878,INTUIT,1
76334,Parker-Hannifin Corp,PH,NYSE,0000076334,PARKER HANNIFIN,1
1156375,CME GROUP INC.,CME,Nasdaq,0001156375,CME,1
927971,BANK OF MONTREAL /CAN/,BMO,NYSE,0000927971,OF MONTREAL CAN,1
1335730,MIZUHO FINANCIAL GROUP INC,MFG,NYSE,0001335730,MIZUHO,1
1101239,EQUINIX INC,EQIX,Nasdaq,0001101239,EQUINIX,1
92122,SOUTHERN CO,SO,NYSE,0000092122,SOUTHERN,1
4281,Howmet Aerospace Inc.,HWM,NYSE,0000004281,HOWMET AEROSPACE,1
1467373,Accenture plc,ACN,NYSE,0001467373,ACCENTURE,1
1466258,Trane Technologies plc,TT,NYSE,0001466258,TRANE TECHNOLOGIES,1
1045520,CANADIAN IMPERIAL BANK OF COMMERCE /CAN/,CM,NYSE,0001045520,CANADIAN IMPERIAL OF COMMERCE CAN,1
1121404,Sanofi,SNY,Nasdaq,0001121404,SANOFI,1
1001085,BROOKFIELD Corp /ON/,BN,NYSE,0001001085,BROOKFIELD ON,1
1017413,CANADIAN NATURAL RESOURCES LTD,CNQ,NYSE,0001017413,CANADIAN NATURAL RESOURCES,1
1131399,GSK plc,GSK,NYSE,0001131399,GSK,1
796343,ADOBE INC.,ADBE,Nasdaq,0000796343,ADOBE,1
1140625,EQUINOR ASA,EQNR,NYSE,0001140625,EQUINOR ASA,1
1107457,INFINEON TECHNOLOGIES AG,IFNNY,OTC,0001107457,INFINEON TECHNOLOGIES AG,0
1373715,"ServiceNow, Inc.",NOW,NYSE,0001373715,SERVICENOW,1
1613103,Medtronic plc,MDT,NYSE,0001613103,MEDTRONIC,1
1868275,Constellation Energy Corp,CEG,Nasdaq,0001868275,CONSTELLATION ENERGY,1
26172,CUMMINS INC,CMI,NYSE,0000026172,CUMMINS,1
883241,SYNOPSYS INC,SNPS,Nasdaq,0000883241,SYNOPSYS,1
813672,CADENCE DESIGN SYSTEMS INC,CDNS,Nasdaq,0000813672,CADENCE DESIGN SYSTEMS,1
107263,"WILLIAMS COMPANIES, INC.",WMB,NYSE,0000107263,WILLIAMS COMPANIES,1
9631,BANK OF NOVA SCOTIA,BNS,NYSE,0000009631,OF NOVA SCOTIA,1
1326160,Duke Energy CORP,DUK,NYSE,0001326160,DUKE ENERGY,1
860730,"HCA Healthcare, Inc.",HCA,NYSE,0000860730,HCA HEALTHCARE,1
1103838,ICICI BANK LTD,IBN,NYSE,0001103838,ICICI,1
1048286,MARRIOTT INTERNATIONAL INC /MD/,MAR,Nasdaq,0001048286,MARRIOTT INTERNATIONAL MD,1
1390777,Bank of New York Mellon Corp,BK,NYSE,0001390777,OF NEW YORK MELLON,1
927653,MCKESSON CORP,MCK,NYSE,0000927653,MCKESSON,1
831259,FREEPORT-MCMORAN INC,FCX,NYSE,0000831259,FREEPORT MCMORAN,1
2809,AGNICO EAGLE MINES LTD,AEM,NYSE,0000002809,AGNICO EAGLE MINES,1
40533,GENERAL DYNAMICS CORP,GD,NYSE,0000040533,GENERAL DYNAMICS,1
1404912,KKR & Co. Inc.,KKR,NYSE,0001404912,KKR,1
1262039,"Fortinet, Inc.",FTNT,Nasdaq,0001262039,FORTINET,1
1639920,Spotify Technology S.A.,SPOT,NYSE,0001639920,SPOTIFY TECHNOLOGY S,1
1048911,FEDEX CORP,FDX,NYSE,0001048911,FEDEX,1
2039784,"Midea Group Co., Ltd./ADR",MGCLY,OTC,0002039784,MIDEA ADR,0
1166691,COMCAST CORP,CMCSA,Nasdaq,0001166691,COMCAST,1
823768,WASTE MANAGEMENT INC,WM,NYSE,0000823768,WASTE MANAGEMENT,1
833444,Johnson Controls International plc,JCI,NYSE,0000833444,JOHNSON CONTROLS INTERNATIONAL,1
1571949,"Intercontinental Exchange, Inc.",ICE,NYSE,0001571949,INTERCONTINENTAL EXCHANGE,1
1132597,Itau Unibanco Holding S.A.,ITUB,NYSE,0001132597,ITAU UNIBANCO S,1
8670,AUTOMATIC DATA PROCESSING INC,ADP,Nasdaq,0000008670,AUTOMATIC DATA PROCESSING,1
713676,"PNC FINANCIAL SERVICES GROUP, INC.",PNC,NYSE,0000713676,PNC,1
1156039,"Elevance Health, Inc.",ELV,NYSE,0001156039,ELEVANCE HEALTH,1
865752,Monster Beverage Corp,MNST,Nasdaq,0000865752,MONSTER BEVERAGE,1
1061219,ENTERPRISE PRODUCTS PARTNERS L.P.,EPD,NYSE,0001061219,ENTERPRISE PRODUCTS PARTNERS L P,1
277948,CSX CORP,CSX,Nasdaq,0000277948,CSX,1
1039765,ING GROEP NV,ING,NYSE,0001039765,ING GROEP NV,1
1090727,UNITED PARCEL SERVICE INC,UPS,NYSE,0001090727,UNITED PARCEL,1
87347,SLB LIMITED/NV,SLB,NYSE,0000087347,SLB NV,1
36104,US BANCORP DE,USB,NYSE,0000036104,US DE,1
1002242,ENI SPA,E,NYSE,0001002242,ENI SPA,1
311337,SUNCOR ENERGY INC,SU,NYSE,0000311337,SUNCOR ENERGY,1
1004315,NATIONAL GRID PLC,NGG,NYSE,0001004315,GRID,1
1129137,AMERICA MOVIL SAB DE CV/,AMX,NYSE,0001129137,AMERICA MOVIL SAB DE CV,1
1664703,Bloom Energy Corp,BE,NYSE,0001664703,BLOOM ENERGY,1
1053507,AMERICAN TOWER CORP /MA/,AMT,NYSE,0001053507,AMERICAN TOWER MA,1
1559720,"Airbnb, Inc.",ABNB,Nasdaq,0001559720,AIRBNB,1
1099590,MERCADOLIBRE INC,MELI,Nasdaq,0001099590,MERCADOLIBRE,1
936395,CIENA CORP,CIEN,NYSE,0000936395,CIENA,1
885725,BOSTON SCIENTIFIC CORP,BSX,NYSE,0000885725,BOSTON SCIENTIFIC,1
924613,NOKIA CORP,NOK,NYSE,0000924613,NOKIA,1
1858681,"Apollo Global Management, Inc.",APO,NYSE,0001858681,APOLLO GLOBAL MANAGEMENT,1
62709,"MARSH & MCLENNAN COMPANIES, INC.",MRSH,NYSE,0000062709,MARSH MCLENNAN COMPANIES,1
1103982,"Mondelez International, Inc.",MDLZ,Nasdaq,0001103982,MONDELEZ INTERNATIONAL,1
1133421,NORTHROP GRUMMAN CORP /DE/,NOC,NYSE,0001133421,NORTHROP GRUMMAN DE,1
312069,BARCLAYS PLC,BCS,NYSE,0000312069,BARCLAYS,1
1937926,Brookfield Asset Management Ltd.,BAM,NYSE,0001937926,BROOKFIELD ASSET MANAGEMENT,1
66740,3M CO,MMM,NYSE,0000066740,3M,1
1280452,MONOLITHIC POWER SYSTEMS INC,MPWR,Nasdaq,0001280452,MONOLITHIC POWER SYSTEMS,1
1063761,SIMON PROPERTY GROUP INC.,SPG,NYSE,0001063761,SIMON PROPERTY,1
16875,CANADIAN PACIFIC KANSAS CITY LTD/CN,CP,NYSE,0000016875,CANADIAN PACIFIC KANSAS CITY CN,1
1633978,Lumentum Holdings Inc.,LITE,Nasdaq,0001633978,LUMENTUM,1
1739940,Cigna Group,CI,NYSE,0001739940,CIGNA,1
820318,COHERENT CORP.,COHR,NYSE,0000820318,COHERENT,1
1059556,MOODYS CORP /DE/,MCO,NYSE,0001059556,MOODYS DE,1
1506307,"KINDER MORGAN, INC.",KMI,NYSE,0001506307,KINDER MORGAN,1
821189,EOG RESOURCES INC,EOG,NYSE,0000821189,EOG RESOURCES,1
1122411,"ASE Technology Holding Co., Ltd.",ASX,NYSE,0001122411,ASE TECHNOLOGY,1
32604,EMERSON ELECTRIC CO,EMR,NYSE,0000032604,EMERSON ELECTRIC,1
1035002,VALERO ENERGY CORP/TX,VLO,NYSE,0001035002,VALERO ENERGY TX,1
1510295,Marathon Petroleum Corp,MPC,NYSE,0001510295,MARATHON PETROLEUM,1
1561550,"Datadog, Inc.",DDOG,Nasdaq,0001561550,DATADOG,1
89800,SHERWIN WILLIAMS CO,SHW,NYSE,0000089800,SHERWIN WILLIAMS,1
1160106,Lloyds Banking Group plc,LYG,NYSE,0001160106,LLOYDS BANKING,1
1413447,NXP Semiconductors N.V.,NXPI,Nasdaq,0001413447,NXP SEMICONDUCTORS V,1
898173,O REILLY AUTOMOTIVE INC,ORLY,Nasdaq,0000898173,O REILLY AUTOMOTIVE,1
872589,"REGENERON PHARMACEUTICALS, INC.",REGN,Nasdaq,0000872589,REGENERON PHARMACEUTICALS,1
895564,BAE SYSTEMS PLC /FI/,BAESY,OTC,0000895564,BAE SYSTEMS FI,0
1110646,"NetEase, Inc.",NTES,Nasdaq,0001110646,NETEASE,1
1819994,Rocket Lab Corp,RKLB,Nasdaq,0001819994,ROCKET LAB,1
1585689,Hilton Worldwide Holdings Inc.,HLT,NYSE,0001585689,HILTON WORLDWIDE,1
49826,ILLINOIS TOOL WORKS INC,ITW,NYSE,0000049826,ILLINOIS TOOL WORKS,1
1232384,TC ENERGY CORP,TRP,NYSE,0001232384,TC ENERGY,1
702165,NORFOLK SOUTHERN CORP,NSC,NYSE,0000702165,NORFOLK SOUTHERN,1
1534701,Phillips 66,PSX,NYSE,0001534701,PHILLIPS 66,1
21665,COLGATE PALMOLIVE CO,CL,NYSE,0000021665,COLGATE PALMOLIVE,1
1035983,COMFORT SYSTEMS USA INC,FIX,NYSE,0001035983,COMFORT SYSTEMS USA,1
1477333,"Cloudflare, Inc.",NET,NYSE,0001477333,CLOUDFLARE,1
884887,ROYAL CARIBBEAN CRUISES LTD,RCL,NYSE,0000884887,ROYAL CARIBBEAN CRUISES,1
31462,ECOLAB INC.,ECL,NYSE,0000031462,ECOLAB,1
917851,Vale S.A.,VALE,NYSE,0000917851,VALE S,1
1783879,"Robinhood Markets, Inc.",HOOD,Nasdaq,0001783879,ROBINHOOD MARKETS,1
1276187,Energy Transfer LP,ET,NYSE,0001276187,ENERGY TRANSFER,1
1792789,"DoorDash, Inc.",DASH,Nasdaq,0001792789,DOORDASH,1
849395,CRH PUBLIC LTD CO,CRH,NYSE,0000849395,CRH PUBLIC,1
745732,"ROSS STORES, INC.",ROST,Nasdaq,0000745732,ROSS STORES,1
756894,BARRICK MINING CORP,B,NYSE,0000756894,BARRICK MINING,1
4904,AMERICAN ELECTRIC POWER CO INC,AEP,Nasdaq,0000004904,AMERICAN ELECTRIC POWER,1
315293,Aon plc,AON,NYSE,0000315293,AON,1
16868,CANADIAN NATIONAL RAILWAY CO,CNI,NYSE,0000016868,CANADIAN RAILWAY,1
1437107,"Warner Bros. Discovery, Inc.",WBD,Nasdaq,0001437107,WARNER BROS DISCOVERY,1
1467858,General Motors Co,GM,NYSE,0001467858,GENERAL MOTORS,1
1297996,"DIGITAL REALTY TRUST, INC.",DLR,NYSE,0001297996,DIGITAL REALTY,1
723254,CINTAS CORP,CTAS,Nasdaq,0000723254,CINTAS,1
49938,IMPERIAL OIL LTD,IMO,NYSE,0000049938,IMPERIAL OIL,1
2969,"Air Products & Chemicals, Inc.",APD,NYSE,0000002969,AIR PRODUCTS CHEMICALS,1
68505,"Motorola Solutions, Inc.",MSI,NYSE,0000068505,MOTOROLA SOLUTIONS,1
1260221,TransDigm Group INC,TDG,NYSE,0001260221,TRANSDIGM,1
1060391,"REPUBLIC SERVICES, INC.",RSG,NYSE,0001060391,REPUBLIC,1
86312,"TRAVELERS COMPANIES, INC.",TRV,NYSE,0000086312,TRAVELERS COMPANIES,1
1701605,Baker Hughes Co,BKR,Nasdaq,0001701605,BAKER HUGHES,1
1086888,MANULIFE FINANCIAL CORP,MFC,NYSE,0001086888,MANULIFE,1
1050446,Strategy Inc,MSTR,Nasdaq,0001050446,STRATEGY,1
320187,"NIKE, Inc.",NKE,NYSE,0000320187,NIKE,1
2021728,Cerebras Systems Inc.,CBRS,Nasdaq,0002021728,CEREBRAS SYSTEMS,1
1067701,"UNITED RENTALS, INC.",URI,NYSE,0001067701,UNITED RENTALS,1
277135,"W.W. GRAINGER, INC.",GWW,NYSE,0000277135,W W GRAINGER,1
1385157,TE Connectivity plc,TEL,NYSE,0001385157,TE CONNECTIVITY,1
1601046,"Keysight Technologies, Inc.",KEYS,NYSE,0001601046,KEYSIGHT TECHNOLOGIES,1
2071868,"Jiangsu Hengrui Pharmaceuticals Co., Ltd./ADR",JHPCY,OTC,0002071868,JIANGSU HENGRUI PHARMACEUTICALS ADR,0
1842726,London Stock Exchange Group plc,LSEGY,OTC,0001842726,LONDON STOCK EXCHANGE,0
4977,AFLAC INC,AFL,NYSE,0000004977,AFLAC,1
844150,NatWest Group plc,NWG,NYSE,0000844150,NATWEST,1
797468,OCCIDENTAL PETROLEUM CORP /DE/,OXY,NYSE,0000797468,OCCIDENTAL PETROLEUM DE,1
1691493,Nu Holdings Ltd.,NU,NYSE,0001691493,NU,1
1323404,Wheaton Precious Metals Corp.,WPM,NYSE,0001323404,WHEATON PRECIOUS METALS,1
1159508,DEUTSCHE BANK AKTIENGESELLSCHAFT,DB,NYSE,0001159508,DEUTSCHE AKTIENGESELLSCHAFT,1
1032208,SEMPRA,SRE,NYSE,0001032208,SEMPRA,1
1769628,"CoreWeave, Inc.",CRWV,Nasdaq,0001769628,COREWEAVE,1
92230,TRUIST FINANCIAL CORP,TFC,NYSE,0000092230,TRUIST,1
1389170,Targa Resources Corp.,TRGP,NYSE,0001389170,TARGA RESOURCES,1
1039684,ONEOK INC /NEW/,OKE,NYSE,0001039684,ONEOK NEW,1
75362,PACCAR INC,PCAR,Nasdaq,0000075362,PACCAR,1
1475260,CENOVUS ENERGY INC.,CVE,NYSE,0001475260,CENOVUS ENERGY,1
929869,RELX PLC,RELX,NYSE,0000929869,RELX,1
1539838,"Diamondback Energy, Inc.",FANG,Nasdaq,0001539838,DIAMONDBACK ENERGY,1
1090012,DEVON ENERGY CORP/DE,DVN,NYSE,0001090012,DEVON ENERGY DE,1
726728,REALTY INCOME CORP,O,NYSE,0000726728,REALTY INCOME,1
1648416,Ferrari N.V.,RACE,NYSE,0001648416,FERRARI V,1
202058,"L3HARRIS TECHNOLOGIES, INC. /DE/",LHX,NYSE,0000202058,L3HARRIS TECHNOLOGIES DE,1
899051,ALLSTATE CORP,ALL,NYSE,0000899051,ALLSTATE,1
1513845,Nebius Group N.V.,NBIS,Nasdaq,0001513845,NEBIUS V,1
1552000,MPLX LP,MPLX,NYSE,0001552000,MPLX,1
27419,TARGET CORP,TGT,NYSE,0000027419,TARGET,1
1755672,"Corteva, Inc.",CTVA,NYSE,0001755672,CORTEVA,1
866787,AUTOZONE INC,AZO,NYSE,0000866787,AUTOZONE,1
932787,STMicroelectronics N.V.,STM,NYSE,0000932787,STMICROELECTRONICS V,1
1640147,Snowflake Inc.,SNOW,NYSE,0001640147,SNOWFLAKE,1
1136808,E.ON SE,EONGY,OTC,0001136808,E ON SE,0
715957,"DOMINION ENERGY, INC",D,NYSE,0000715957,DOMINION ENERGY,1
2071881,Tourmaline Oil Corp/ADR,TRMOY,OTC,0002071881,TOURMALINE OIL ADR,0
1703399,Sea Ltd,SE,NYSE,0001703399,SEA,1
1783180,CARRIER GLOBAL Corp,CARR,NYSE,0001783180,CARRIER GLOBAL,1
37996,FORD MOTOR CO,F,NYSE,0000037996,FORD MOTOR,1
1690820,CARVANA CO.,CVNA,NYSE,0001690820,CARVANA,1
97210,"TERADYNE, INC",TER,Nasdaq,0000097210,TERADYNE,1
1446250,Bayerische Motoren Werke AG/ADR,BMWKY,OTC,0001446250,BAYERISCHE MOTOREN WERKE AG ADR,0
1395064,TAKEDA PHARMACEUTICAL CO LTD,TAK,NYSE,0001395064,TAKEDA PHARMACEUTICAL,1
1037868,AMETEK INC/,AME,NYSE,0001037868,AMETEK,1
73309,NUCOR CORP,NUE,NYSE,0000073309,NUCOR,1
1065088,EBAY INC,EBAY,Nasdaq,0001065088,EBAY,1
1679788,"Coinbase Global, Inc.",COIN,Nasdaq,0001679788,COINBASE GLOBAL,1
1120193,"NASDAQ, INC.",NDAQ,Nasdaq,0001120193,NASDAQ,1
1393311,Public Storage,PSA,NYSE,0001393311,PUBLIC STORAGE,1
1099219,METLIFE INC,MET,NYSE,0001099219,METLIFE,1
354190,Arthur J. Gallagher & Co.,AJG,NYSE,0000354190,ARTHUR J GALLAGHER,1
827054,MICROCHIP TECHNOLOGY INC,MCHP,Nasdaq,0000827054,MICROCHIP TECHNOLOGY,1
850918,GREAT-WEST LIFECO INC.,GWLIF,OTC,0000850918,GREAT WEST LIFECO,0
866374,FLEX LTD.,FLEX,Nasdaq,0000866374,FLEX,1
3570,"Cheniere Energy, Inc.",LNG,NYSE,0000003570,CHENIERE ENERGY,1
712515,ELECTRONIC ARTS INC.,EA,Nasdaq,0000712515,ELECTRONIC ARTS,1
1697862,ARGENX SE,ARGX,Nasdaq,0001697862,ARGENX SE,1
1140859,"Cencora, Inc.",COR,NYSE,0001140859,CENCORA,1
1024478,"ROCKWELL AUTOMATION, INC",ROK,NYSE,0001024478,ROCKWELL AUTOMATION,1
65984,ENTERGY CORP /DE/,ETR,NYSE,0000065984,ENTERGY DE,1
769397,"Autodesk, Inc.",ADSK,Nasdaq,0000769397,AUTODESK,1
815556,FASTENAL CO,FAST,Nasdaq,0000815556,FASTENAL,1
2018139,Toyota Tsusho Corporation/ADR,TYHOY,OTC,0002018139,TOYOTA TSUSHO ADR,0
1067491,Infosys Ltd,INFY,NYSE,0001067491,INFOSYS,1
72903,XCEL ENERGY INC,XEL,Nasdaq,0000072903,XCEL ENERGY,1
1565025,AMBEV S.A.,ABEV,NYSE,0001565025,AMBEV S,1
1468522,Ferrovial N.V.,FER,Nasdaq,0001468522,FERROVIAL V,1
1692819,Vistra Corp.,VST,NYSE,0001692819,VISTRA,1
1099800,Edwards Lifesciences Corp,EW,NYSE,0001099800,EDWARDS LIFESCIENCES,1
1973832,AngloGold Ashanti PLC,AU,NYSE,0001973832,ANGLOGOLD ASHANTI,1
1009001,CAMECO CORP,CCJ,NYSE,0001009001,CAMECO,1
2021390,Galderma Group AG/ADR,GALDY,OTC,0002021390,GALDERMA AG ADR,0
27904,"DELTA AIR LINES, INC.",DAL,NYSE,0000027904,DELTA AIR LINES,1
1329099,"Baidu, Inc.",BIDU,Nasdaq,0001329099,BAIDU,1
1243429,ArcelorMittal,MT,NYSE,0001243429,ARCELORMITTAL,1
721371,CARDINAL HEALTH INC,CAH,NYSE,0000721371,CARDINAL HEALTH,1
835403,DIAGEO PLC,DEO,NYSE,0000835403,DIAGEO,1
946581,TAKE TWO INTERACTIVE SOFTWARE INC,TTWO,Nasdaq,0000946581,TAKE TWO INTERACTIVE SOFTWARE,1
943452,WESTINGHOUSE AIR BRAKE TECHNOLOGIES CORP,WAB,NYSE,0000943452,WESTINGHOUSE AIR BRAKE TECHNOLOGIES,1
1069336,SWISSCOM AG,SCMWY,OTC,0001069336,SWISSCOM AG,0
1109357,EXELON CORP,EXC,Nasdaq,0001109357,EXELON,1
1097864,ON SEMICONDUCTOR CORP,ON,Nasdaq,0001097864,ON SEMICONDUCTOR,1
1645590,Hewlett Packard Enterprise Co,HPE,NYSE,0001645590,HEWLETT PACKARD ENTERPRISE,1
1121788,GARMIN LTD,GRMN,NYSE,0001121788,GARMIN,1
1456346,FRANCO NEVADA Corp,FNV,NYSE,0001456346,FRANCO NEVADA,1
2011641,Ferguson Enterprises Inc. /DE/,FERG,NYSE,0002011641,FERGUSON ENTERPRISES DE,1
1549802,"JD.com, Inc.",JD,Nasdaq,0001549802,JD COM,1
1033767,UNITED MICROELECTRONICS CORP,UMC,NYSE,0001033767,UNITED MICROELECTRONICS,1
35527,FIFTH THIRD BANCORP,FITB,Nasdaq,0000035527,FIFTH THIRD,1
740260,"Ventas, Inc.",VTR,NYSE,0000740260,VENTAS,1
820027,AMERIPRISE FINANCIAL INC,AMP,NYSE,0000820027,AMERIPRISE,1
93751,STATE STREET CORP,STT,NYSE,0000093751,STATE STREET,1
878927,"OLD DOMINION FREIGHT LINE, INC.",ODFL,Nasdaq,0000878927,OLD DOMINION FREIGHT LINE,1
1512673,"Block, Inc.",XYZ,NYSE,0001512673,BLOCK,1
1058090,CHIPOTLE MEXICAN GRILL INC,CMG,NYSE,0001058090,CHIPOTLE MEXICAN GRILL,1
874716,IDEXX LABORATORIES INC /DE,IDXX,Nasdaq,0000874716,IDEXX LABORATORIES DE,1
717826,ERICSSON LM TELEPHONE CO,ERIC,Nasdaq,0000717826,ERICSSON LM TELEPHONE,1
1061736,MEXICAN ECONOMIC DEVELOPMENT INC,FMX,NYSE,0001061736,MEXICAN ECONOMIC DEVELOPMENT,1
1041061,YUM BRANDS INC,YUM,NYSE,0001041061,YUM BRANDS,1
1030894,CELESTICA INC,CLS,NYSE,0001030894,CELESTICA,1
1408198,MSCI Inc.,MSCI,NYSE,0001408198,MSCI,1
1176948,Ares Management Corp,ARES,NYSE,0001176948,ARES MANAGEMENT,1
56873,KROGER CO,KR,NYSE,0000056873,KROGER,1
105634,"EMCOR Group, Inc.",EME,NYSE,0000105634,EMCOR,1
5272,"AMERICAN INTERNATIONAL GROUP, INC.",AIG,NYSE,0000005272,AMERICAN INTERNATIONAL,1
46619,HEICO CORP,HEI,NYSE,0000046619,HEICO,1
1070304,ORIX CORP,IX,NYSE,0001070304,ORIX,1
1736297,"Astera Labs, Inc.",ALAB,Nasdaq,0001736297,ASTERA LABS,1
1471055,Banco Santander (Brasil) S.A.,BSBR,NYSE,0001471055,BANCO SANTANDER BRASIL S,1
818686,TEVA PHARMACEUTICAL INDUSTRIES LTD,TEVA,NYSE,0000818686,TEVA PHARMACEUTICAL INDUSTRIES,1
1097362,SUN LIFE FINANCIAL INC,SLF,NYSE,0001097362,SUN LIFE,1
1318220,"Waste Connections, Inc.",WCN,NYSE,0001318220,WASTE CONNECTIONS,1
1415404,EchoStar CORP,SATS,Nasdaq,0001415404,ECHOSTAR,1
1900304,Haleon plc,HLN,NYSE,0001900304,HALEON,1
1650107,COCA-COLA EUROPACIFIC PARTNERS plc,CCEP,Nasdaq,0001650107,COCA COLA EUROPACIFIC PARTNERS,1
10795,BECTON DICKINSON & CO,BDX,NYSE,0000010795,BECTON DICKINSON,1
1418135,Keurig Dr Pepper Inc.,KDP,Nasdaq,0001418135,KEURIG DR PEPPER,1
1335258,"Live Nation Entertainment, Inc.",LYV,NYSE,0001335258,LIVE NATION ENTERTAINMENT,1
1633917,"PayPal Holdings, Inc.",PYPL,Nasdaq,0001633917,PAYPAL,1
1709048,GLOBALFOUNDRIES Inc.,GFS,Nasdaq,0001709048,GLOBALFOUNDRIES,1
1047862,CONSOLIDATED EDISON INC,ED,NYSE,0001047862,CONSOLIDATED EDISON,1
1178670,"ALNYLAM PHARMACEUTICALS, INC.",ALNY,Nasdaq,0001178670,ALNYLAM PHARMACEUTICALS,1
7084,Archer-Daniels-Midland Co,ADM,NYSE,0000007084,ARCHER DANIELS MIDLAND,1
882184,HORTON D R INC /DE/,DHI,NYSE,0000882184,HORTON D R DE,1
1116578,PRUDENTIAL PLC,PUK,NYSE,0001116578,PRUDENTIAL,1
1138118,"CBRE GROUP, INC.",CBRE,NYSE,0001138118,CBRE,1
788784,PUBLIC SERVICE ENTERPRISE GROUP INC,PEG,NYSE,0000788784,PUBLIC ENTERPRISE,1
47111,HERSHEY CO,HSY,NYSE,0000047111,HERSHEY,1
1051470,CROWN CASTLE INC.,CCI,NYSE,0001051470,CROWN CASTLE,1
1374310,"Cboe Global Markets, Inc.",CBOE,CBOE,0001374310,CBOE GLOBAL MARKETS,0
1805284,"Rocket Companies, Inc.",RKT,NYSE,0001805284,ROCKET COMPANIES,1
1511737,Ubiquiti Inc.,UI,NYSE,0001511737,UBIQUITI,1
1745201,Viking Holdings Ltd,VIK,NYSE,0001745201,VIKING,1
1020569,IRON MOUNTAIN INC,IRM,NYSE,0001020569,IRON MOUNTAIN,1
1445930,KB Financial Group Inc.,KB,NYSE,0001445930,KB,1
874766,"HARTFORD INSURANCE GROUP, INC.",HIG,NYSE,0000874766,HARTFORD INSURANCE,1
1160330,BANK BRADESCO,BBD,NYSE,0001160330,BRADESCO,1
49071,HUMANA INC,HUM,NYSE,0000049071,HUMANA,1
1075124,THOMSON REUTERS CORP /CAN/,TRI,Nasdaq,0001075124,THOMSON REUTERS CAN,1
1172724,GOLD FIELDS LTD,GFI,NYSE,0001172724,GOLD FIELDS,1
898293,JABIL INC,JBL,NYSE,0000898293,JABIL,1
783325,"WEC ENERGY GROUP, INC.",WEC,NYSE,0000783325,WEC ENERGY,1
1004980,PG&E Corp,PCG,NYSE,0001004980,PG E,1
1137774,PRUDENTIAL FINANCIAL INC,PRU,NYSE,0001137774,PRUDENTIAL,1
2007855,"Venture Global, Inc.",VG,NYSE,0002007855,VENTURE GLOBAL,1
33213,EQT Corp,EQT,NYSE,0000033213,EQT,1
1027664,ELBIT SYSTEMS LTD,ESLT,Nasdaq,0001027664,ELBIT SYSTEMS,1
45012,HALLIBURTON CO,HAL,NYSE,0000045012,HALLIBURTON,1
1396009,Vulcan Materials CO,VMC,NYSE,0001396009,VULCAN MATERIALS,1
96021,SYSCO CORP,SYY,NYSE,0000096021,SYSCO,1
1618756,Restaurant Brands International Inc.,QSR,NYSE,0001618756,RESTAURANT BRANDS INTERNATIONAL,1
1725964,Nutrien Ltd.,NTR,NYSE,0001725964,NUTRIEN,1
2073893,Dollarama Inc./ADR,DLMAY,OTC,0002073893,DOLLARAMA ADR,0
815097,Carnival Corp Ltd.,CCL,NYSE,0000815097,CARNIVAL,1
715153,HONDA MOTOR CO LTD,HMC,NYSE,0000715153,HONDA MOTOR,1
1300514,LAS VEGAS SANDS CORP,LVS,NYSE,0001300514,LAS VEGAS SANDS,1
701818,KINROSS GOLD CORP,KGC,NYSE,0000701818,KINROSS GOLD,1
839923,VODAFONE GROUP PUBLIC LTD CO,VOD,Nasdaq,0000839923,VODAFONE PUBLIC,1
1132924,CHUNGHWA TELECOM CO LTD,CHT,NYSE,0001132924,CHUNGHWA TELECOM,1
916076,MARTIN MARIETTA MATERIALS INC,MLM,NYSE,0000916076,MARTIN MARIETTA MATERIALS,1
1274152,CSL LTD,CSLLY,OTC,0001274152,CSL,0
1022671,STEEL DYNAMICS INC,STLD,Nasdaq,0001022671,STEEL DYNAMICS,1
2058873,"Qnity Electronics, Inc.",Q,NYSE,0002058873,QNITY ELECTRONICS,1
947484,ARCH CAPITAL GROUP LTD.,ACGL,Nasdaq,0000947484,ARCH CAPITAL,1
1944048,Kenvue Inc.,KVUE,NYSE,0001944048,KENVUE,1
723531,PAYCHEX INC,PAYX,Nasdaq,0000723531,PAYCHEX,1
15615,MASTEC INC,MTZ,NYSE,0000015615,MASTEC,1
1780312,"AST SpaceMobile, Inc.",ASTS,Nasdaq,0001780312,AST SPACEMOBILE,1
928876,TOWER SEMICONDUCTOR LTD,TSEM,Nasdaq,0000928876,TOWER SEMICONDUCTOR,1
915191,FAIRFAX FINANCIAL HOLDINGS LTD/ CAN,FRFHF,OTC,0000915191,FAIRFAX CAN,0
882835,ROPER TECHNOLOGIES INC,ROP,Nasdaq,0000882835,ROPER TECHNOLOGIES,1
1000697,WATERS CORP /DE/,WAT,NYSE,0001000697,WATERS DE,1
55785,KIMBERLY CLARK CORP,KMB,Nasdaq,0000055785,KIMBERLY CLARK,1
1807794,Credo Technology Group Holding Ltd,CRDO,Nasdaq,0001807794,CREDO TECHNOLOGY,1
1069183,"AXON ENTERPRISE, INC.",AXON,Nasdaq,0001069183,AXON ENTERPRISE,1
726958,CASEYS GENERAL STORES INC,CASY,Nasdaq,0000726958,CASEYS GENERAL STORES,1
1090872,"AGILENT TECHNOLOGIES, INC.",A,NYSE,0001090872,AGILENT TECHNOLOGIES,1
2083785,"Sunbelt Rentals Holdings, Inc.",SUNB,NYSE,0002083785,SUNBELT RENTALS,1
1535759,Kongsberg Gruppen ASA/ADR,KBGGY,OTC,0001535759,KONGSBERG GRUPPEN ASA ADR,0
1269238,Trip.com Group Ltd,TCOM,Nasdaq,0001269238,TRIP COM,1
49196,HUNTINGTON BANCSHARES INC /MD/,HBAN,Nasdaq,0000049196,HUNTINGTON BANCSHARES MD,1
1327811,"Workday, Inc.",WDAY,Nasdaq,0001327811,WORKDAY,1
1190723,TENARIS SA,TS,NYSE,0001190723,TENARIS SA,1
900075,COPART INC,CPRT,Nasdaq,0000900075,COPART,1
1167379,ALCON INC,ALC,NYSE,0001167379,ALCON,1
1555280,Zoetis Inc.,ZTS,NYSE,0001555280,ZOETIS,1
1628171,"Revolution Medicines, Inc.",RVMD,Nasdaq,0001628171,REVOLUTION MEDICINES,1
1383650,"Cheniere Energy Partners, L.P.",CQP,NYSE,0001383650,CHENIERE ENERGY PARTNERS L P,1
1315098,Roblox Corp,RBLX,NYSE,0001315098,ROBLOX,1
2046386,Medline Inc.,MDLN,Nasdaq,0002046386,MEDLINE,1
1876042,"Circle Internet Group, Inc.",CRCL,NYSE,0001876042,CIRCLE INTERNET,1
1713445,"Reddit, Inc.",RDDT,NYSE,0001713445,REDDIT,1
1802768,Royalty Pharma plc,RPRX,Nasdaq,0001802768,ROYALTY PHARMA,1
1651308,BeOne Medicines Ltd.,ONC,Nasdaq,0001651308,BEONE MEDICINES,1
73124,NORTHERN TRUST CORP,NTRS,Nasdaq,0000073124,NORTHERN,1
1289490,Extra Space Storage Inc.,EXR,NYSE,0001289490,EXTRA SPACE STORAGE,1
1263043,SHINHAN FINANCIAL GROUP CO LTD,SHG,NYSE,0001263043,SHINHAN,1
100517,"United Airlines Holdings, Inc.",UAL,Nasdaq,0000100517,UNITED AIRLINES,1
1447669,TWILIO INC,TWLO,NYSE,0001447669,TWILIO,1
886986,TECK RESOURCES LTD,TECK,NYSE,0000886986,TECK RESOURCES,1
1705696,VICI PROPERTIES INC.,VICI,NYSE,0001705696,VICI PROPERTIES,1
720005,RAYMOND JAMES FINANCIAL INC,RJF,NYSE,0000720005,RAYMOND JAMES,1
36270,M&T BANK CORP,MTB,NYSE,0000036270,M T,1
1474968,Geely Automobile Holdings Limited/ADR,GELHY,OTC,0001474968,GEELY AUTOMOBILE ADR,0
1002910,AMEREN CORP,AEE,NYSE,0001002910,AMEREN,1
1585521,"Zoom Communications, Inc.",ZM,Nasdaq,0001585521,ZOOM COMMUNICATIONS,1
798354,FISERV INC,FISV,Nasdaq,0000798354,FISERV,1
731802,ATMOS ENERGY CORP,ATO,NYSE,0000731802,ATMOS ENERGY,1
943819,RESMED INC,RMD,NYSE,0000943819,RESMED,1
1447391,RESONA HOLDINGS INC,RSHGY,OTC,0001447391,RESONA,0
936340,DTE ENERGY CO,DTE,NYSE,0000936340,DTE ENERGY,1
1001250,ESTEE LAUDER COMPANIES INC,EL,NYSE,0001001250,ESTEE LAUDER COMPANIES,1
1834584,"Coupang, Inc.",CPNG,NYSE,0001834584,COUPANG,1
1071739,CENTENE CORP,CNC,NYSE,0001071739,CENTENE,1
1469059,Capitec Bank Holdings Ltd / ADR,CKHGF,OTC,0001469059,CAPITEC ADR,0
1493594,"MACOM Technology Solutions Holdings, Inc.",MTSI,Nasdaq,0001493594,MACOM TECHNOLOGY SOLUTIONS,1
1094285,TELEDYNE TECHNOLOGIES INC,TDY,NYSE,0001094285,TELEDYNE TECHNOLOGIES,1
1837240,Symbotic Inc.,SYM,Nasdaq,0001837240,SYMBOTIC,1
875045,BIOGEN INC.,BIIB,Nasdaq,0000875045,BIOGEN,1
1546066,PEMBINA PIPELINE CORP,PBA,NYSE,0001546066,PEMBINA PIPELINE,1
1681459,TechnipFMC plc,FTI,NYSE,0001681459,TECHNIPFMC,1
29905,DOVER Corp,DOV,NYSE,0000029905,DOVER,1
1478242,IQVIA HOLDINGS INC.,IQV,NYSE,0001478242,IQVIA,1
1751788,DOW INC.,DOW,NYSE,0001751788,DOW,1
1666175,Fortis Inc.,FTS,NYSE,0001666175,FORTIS,1
1038683,RYANAIR HOLDINGS PLC,RYAAY,Nasdaq,0001038683,RYANAIR,1
1932393,GE HealthCare Technologies Inc.,GEHC,Nasdaq,0001932393,GE HEALTHCARE TECHNOLOGIES,1
1699150,Ingersoll Rand Inc.,IR,NYSE,0001699150,INGERSOLL RAND,1
1885110,Chocoladefabriken Lindt & Spruengli AG/ADR,CHLSY,OTC,0001885110,CHOCOLADEFABRIKEN LINDT SPRUENGLI AG ADR,0
1720635,nVent Electric plc,NVT,NYSE,0001720635,NVENT ELECTRIC,1
1754301,Fox Corp,FOXA,Nasdaq,0001754301,FOX,1
1781335,Otis Worldwide Corp,OTIS,NYSE,0001781335,OTIS WORLDWIDE,1
1130310,CENTERPOINT ENERGY INC,CNP,NYSE,0001130310,CENTERPOINT ENERGY,1
1637459,Kraft Heinz Co,KHC,Nasdaq,0001637459,KRAFT HEINZ,1
2035989,Amrize Ltd,AMRZ,NYSE,0002035989,AMRIZE,1
1014473,VERISIGN INC/CA,VRSN,Nasdaq,0001014473,VERISIGN CA,1
1013871,"NRG ENERGY, INC.",NRG,NYSE,0001013871,NRG ENERGY,1
1474432,"Everpure, Inc.",P,NYSE,0001474432,EVERPURE,1
1444406,ECOPETROL S.A.,EC,NYSE,0001444406,ECOPETROL S,1
1604821,"Natera, Inc.",NTRA,Nasdaq,0001604821,NATERA,1
827052,EDISON INTERNATIONAL,EIX,NYSE,0000827052,EDISON INTERNATIONAL,1
1811074,Texas Pacific Land Corp,TPL,NYSE,0001811074,TEXAS PACIFIC LAND,1
1547873,PT Chandra Asri Petrochemical Tbk/ADR,PTCAY,OTC,0001547873,PT CHANDRA ASRI PETROCHEMICAL TBK ADR,0
26324,CURTISS WRIGHT CORP,CW,NYSE,0000026324,CURTISS WRIGHT,1
922224,PPL Corp,PPL,NYSE,0000922224,PPL,1
1324424,"Expedia Group, Inc.",EXPE,Nasdaq,0001324424,EXPEDIA,1
1116132,"TAPESTRY, INC.",TPR,NYSE,0001116132,TAPESTRY,1
874238,"STERLING INFRASTRUCTURE, INC.",STRL,Nasdaq,0000874238,STERLING INFRASTRUCTURE,1
904868,Fresenius SE & Co. KGaA,FSNUY,OTC,0000904868,FRESENIUS SE KGAA,0
1393052,VEEVA SYSTEMS INC,VEEV,NYSE,0001393052,VEEVA SYSTEMS,1
1713683,"Zscaler, Inc.",ZS,Nasdaq,0001713683,ZSCALER,1
1408710,Fabrinet,FN,NYSE,0001408710,FABRINET,1
20286,CINCINNATI FINANCIAL CORP,CINF,Nasdaq,0000020286,CINCINNATI,1
84839,ROLLINS INC,ROL,NYSE,0000084839,ROLLINS,1
759944,CITIZENS FINANCIAL GROUP INC/RI,CFG,NYSE,0000759944,CITIZENS RI,1
1524472,Xylem Inc.,XYL,NYSE,0001524472,XYLEM,1
814547,FAIR ISAAC CORP,FICO,NYSE,0000814547,FAIR ISAAC,1
48898,HUBBELL INC,HUBB,NYSE,0000048898,HUBBELL,1
1031296,FIRSTENERGY CORP,FE,NYSE,0001031296,FIRSTENERGY,1
72741,EVERSOURCE ENERGY,ES,NYSE,0000072741,EVERSOURCE ENERGY,1
915912,AVALONBAY COMMUNITIES INC,AVB,NYSE,0000915912,AVALONBAY COMMUNITIES,1
1441816,"MongoDB, Inc.",MDB,Nasdaq,0001441816,MONGODB,1
1274494,"FIRST SOLAR, INC.",FSLR,Nasdaq,0001274494,FIRST SOLAR,1
1001290,CREDICORP LTD,BAP,NYSE,0001001290,CREDICORP,1
11544,BERKLEY W R CORP,WRB,NYSE,0000011544,BERKLEY W R,1
728535,HUNT J B TRANSPORT SERVICES INC,JBHT,Nasdaq,0000728535,HUNT J B TRANSPORT,1
906107,EQUITY RESIDENTIAL,EQR,NYSE,0000906107,EQUITY RESIDENTIAL,1
16918,"CONSTELLATION BRANDS, INC.",STZ,NYSE,0000016918,CONSTELLATION BRANDS,1
1590364,FTAI Aviation Ltd.,FTAI,Nasdaq,0001590364,FTAI AVIATION,1
1410636,"American Water Works Company, Inc.",AWK,NYSE,0001410636,AMERICAN WATER WORKS,1
1439124,AXIA Energia S.A.,AXIA,NYSE,0001439124,AXIA ENERGIA S,1
1489393,LyondellBasell Industries N.V.,LYB,NYSE,0001489393,LYONDELLBASELL INDUSTRIES V,1
1758730,Tradeweb Markets Inc.,TW,Nasdaq,0001758730,TRADEWEB MARKETS,1
1082554,UNITED THERAPEUTICS Corp,UTHR,Nasdaq,0001082554,UNITED THERAPEUTICS,1
909037,CHEMICAL & MINING CO OF CHILE INC,SQM,NYSE,0000909037,CHEMICAL MINING OF CHILE,1
313216,KONINKLIJKE PHILIPS NV,PHG,NYSE,0000313216,KONINKLIJKE PHILIPS NV,1
1601712,Synchrony Financial,SYF,NYSE,0001601712,SYNCHRONY,1
1166003,"XPO, Inc.",XPO,NYSE,0001166003,XPO,1
1397911,LPL Financial Holdings Inc.,LPLA,Nasdaq,0001397911,LPL,1
1093557,DEXCOM INC,DXCM,Nasdaq,0001093557,DEXCOM,1
771992,PAN AMERICAN SILVER CORP,PAAS,NYSE,0000771992,PAN AMERICAN SILVER,1
1002047,"NetApp, Inc.",NTAP,Nasdaq,0001002047,NETAPP,1
1996862,Bunge Global SA,BG,NYSE,0001996862,BUNGE GLOBAL SA,1
1104506,INSMED Inc,INSM,Nasdaq,0001104506,INSMED,1
1126113,TELENOR ASA,TELNY,OTC,0001126113,TELENOR ASA,0
889132,POSCO HOLDINGS INC.,PKX,NYSE,0000889132,POSCO,1
1140536,WILLIS TOWERS WATSON PLC,WTW,Nasdaq,0001140536,WILLIS TOWERS WATSON,1
1163653,NOMURA HOLDINGS INC,NMR,NYSE,0001163653,NOMURA,1
100493,"TYSON FOODS, INC.",TSN,NYSE,0000100493,TYSON FOODS,1
895126,EXPAND ENERGY Corp,EXE,Nasdaq,0000895126,EXPAND ENERGY,1
1096343,MARKEL GROUP INC.,MKL,NYSE,0001096343,MARKEL,1
79879,PPG INDUSTRIES INC,PPG,NYSE,0000079879,PPG INDUSTRIES,1
91576,KEYCORP /NEW/,KEY,NYSE,0000091576,KEYCORP NEW,1
1281761,REGIONS FINANCIAL CORP,RF,NYSE,0001281761,REGIONS,1
1776985,BioNTech SE,BNTX,Nasdaq,0001776985,BIONTECH SE,1
29534,DOLLAR GENERAL CORP,DG,NYSE,0000029534,DOLLAR GENERAL,1
940944,DARDEN RESTAURANTS INC,DRI,NYSE,0000940944,DARDEN RESTAURANTS,1
1066119,TELEFONICA BRASIL S.A.,VIV,NYSE,0001066119,TELEFONICA BRASIL S,1
798941,FIRST CITIZENS BANCSHARES INC /DE/,FCNCA,Nasdaq,0000798941,FIRST CITIZENS BANCSHARES DE,1
1058290,COGNIZANT TECHNOLOGY SOLUTIONS CORP,CTSH,Nasdaq,0001058290,COGNIZANT TECHNOLOGY SOLUTIONS,1
313927,CHURCH & DWIGHT CO INC /DE/,CHD,NYSE,0000313927,CHURCH DWIGHT DE,1
1111711,NISOURCE INC.,NI,NYSE,0001111711,NISOURCE,1
1650372,Atlassian Corp,TEAM,Nasdaq,0001650372,ATLASSIAN,1
718940,BCE INC,BCE,NYSE,0000718940,BCE,1
858446,INTERCONTINENTAL HOTELS GROUP PLC /NEW/,IHG,NYSE,0000858446,INTERCONTINENTAL HOTELS NEW,1
811156,CMS ENERGY CORP,CMS,NYSE,0000811156,CMS ENERGY,1
1378789,AerCap Holdings N.V.,AER,NYSE,0001378789,AERCAP V,1
1820953,"Affirm Holdings, Inc.",AFRM,Nasdaq,0001820953,AFFIRM,1
1533232,Brookfield Renewable Partners L.P.,BEP,NYSE,0001533232,BROOKFIELD RENEWABLE PARTNERS L P,1
910631,COCA COLA FEMSA SAB DE CV,KOF,NYSE,0000910631,COCA COLA FEMSA SAB DE CV,1
1113169,PRICE T ROWE GROUP INC,TROW,Nasdaq,0001113169,PRICE T ROWE,1
1086222,AKAMAI TECHNOLOGIES INC,AKAM,Nasdaq,0001086222,AKAMAI TECHNOLOGIES,1
60086,LOEWS CORP,L,NYSE,0000060086,LOEWS,1
1126328,PRINCIPAL FINANCIAL GROUP INC,PFG,Nasdaq,0001126328,PRINCIPAL,1
1605484,Stellantis N.V.,STLA,NYSE,0001605484,STELLANTIS V,1
1852131,Nextpower Inc.,NXT,Nasdaq,0001852131,NEXTPOWER,1
1403568,"Ulta Beauty, Inc.",ULTA,Nasdaq,0001403568,ULTA BEAUTY,1
1136893,"Fidelity National Information Services, Inc.",FIS,NYSE,0001136893,FIDELITY INFORMATION,1
1110803,"ILLUMINA, INC.",ILMN,Nasdaq,0001110803,ILLUMINA,1
1175454,"CORPAY, INC.",CPAY,NYSE,0001175454,CORPAY,1
105770,WEST PHARMACEUTICAL SERVICES INC,WST,NYSE,0000105770,WEST PHARMACEUTICAL,1
915913,ALBEMARLE CORP,ALB,NYSE,0000915913,ALBEMARLE,1
1442145,"Verisk Analytics, Inc.",VRSK,Nasdaq,0001442145,VERISK ANALYTICS,1
1034054,SBA COMMUNICATIONS CORP,SBAC,Nasdaq,0001034054,SBA COMMUNICATIONS,1
1018963,ATI INC,ATI,NYSE,0001018963,ATI,1
822416,PULTEGROUP INC/MI/,PHM,NYSE,0000822416,PULTEGROUP MI,1
1635088,Roivant Sciences Ltd.,ROIV,Nasdaq,0001635088,ROIVANT SCIENCES,1
1037646,METTLER TOLEDO INTERNATIONAL INC/,MTD,NYSE,0001037646,METTLER TOLEDO INTERNATIONAL,1
1967680,Veralto Corp,VLTO,NYSE,0001967680,VERALTO,1
1757898,STERIS plc,STE,NYSE,0001757898,STERIS,1
108312,"Woodward, Inc.",WWD,Nasdaq,0000108312,WOODWARD,1
1022079,QUEST DIAGNOSTICS INC,DGX,NYSE,0001022079,QUEST DIAGNOSTICS,1
2098430,Madison Air Solutions Corp,MAIR,NYSE,0002098430,MADISON AIR SOLUTIONS,1
1560385,Liberty Media Corp,FWONA,Nasdaq,0001560385,LIBERTY MEDIA,1
920148,LABCORP HOLDINGS INC.,LH,NYSE,0000920148,LABCORP,1
1039610,EDP ENERGIAS DE PORTUGAL SA,EDPFY,OTC,0001039610,EDP ENERGIAS DE PORTUGAL SA,0
1049502,MKS INC,MKSI,Nasdaq,0001049502,MKS,1
1048695,"F5, INC.",FFIV,Nasdaq,0001048695,F5,1
1451809,SITIME Corp,SITM,Nasdaq,0001451809,SITIME,1
746515,EXPEDITORS INTERNATIONAL OF WASHINGTON INC,EXPD,NYSE,0000746515,EXPEDITORS INTERNATIONAL OF WASHINGTON,1
17843,CARPENTER TECHNOLOGY CORP,CRS,NYSE,0000017843,CARPENTER TECHNOLOGY,1
1809587,KE Holdings Inc.,BEKE,NYSE,0001809587,KE,1
1101302,ENTEGRIS INC,ENTG,Nasdaq,0001101302,ENTEGRIS,1
920760,LENNAR CORP /NEW/,LEN,NYSE,0000920760,LENNAR NEW,1
1666700,"DuPont de Nemours, Inc.",DD,NYSE,0001666700,DUPONT DE NEMOURS,1
29989,OMNICOM GROUP INC.,OMC,NYSE,0000029989,OMNICOM,1
1170858,COMPANHIA DE SANEAMENTO BASICO DO ESTADO DE SAO PAULO-SABESP,SBS,NYSE,0001170858,COMPANHIA DE SANEAMENTO BASICO DO ESTADO DE SAO PAULO SABESP,1
2055337,"Asahi Group Holdings, Ltd./ADR",ASBHY,OTC,0002055337,ASAHI ADR,0
1818874,"SoFi Technologies, Inc.",SOFI,Nasdaq,0001818874,SOFI TECHNOLOGIES,1
1901440,UL Solutions Inc.,ULS,NYSE,0001901440,UL SOLUTIONS,1
719955,WILLIAMS SONOMA INC,WSM,NYSE,0000719955,WILLIAMS SONOMA,1
1037038,RALPH LAUREN CORP,RL,NYSE,0001037038,RALPH LAUREN,1
1123799,WIPRO LTD,WIT,NYSE,0001123799,WIPRO,1
1091667,"CHARTER COMMUNICATIONS, INC. /MO/",CHTR,Nasdaq,0001091667,CHARTER COMMUNICATIONS MO,1
2098381,"Lens Technology Co., Ltd./ADR",LNTCY,OTC,0002098381,LENS TECHNOLOGY ADR,0
2005951,Smurfit Westrock plc,SW,NYSE,0002005951,SMURFIT WESTROCK,1
1682852,"Moderna, Inc.",MRNA,Nasdaq,0001682852,MODERNA,1
1824920,"IonQ, Inc.",IONQ,NYSE,0001824920,IONQ,1
85535,ROYAL GOLD INC,RGLD,Nasdaq,0000085535,ROYAL GOLD,1
1142231,HEINEKEN HOLDING N V,HKHHY,OTC,0001142231,HEINEKEN V,0
1089063,"DICK'S SPORTING GOODS, INC.",DKS,NYSE,0001089063,DICK S SPORTING GOODS,1
1043277,"C. H. ROBINSON WORLDWIDE, INC.",CHRW,Nasdaq,0001043277,C H ROBINSON WORLDWIDE,1
1324404,"CF Industries Holdings, Inc.",CF,NYSE,0001324404,CF INDUSTRIES,1
1792044,Viatris Inc,VTRS,Nasdaq,0001792044,VIATRIS,1
1988894,"Amer Sports, Inc.",AS,NYSE,0001988894,AMERICA SPORTS,1
47217,HP INC,HPQ,NYSE,0000047217,HP,1
33185,EQUIFAX INC,EFX,NYSE,0000033185,EQUIFAX,1
733099,ROGERS COMMUNICATIONS INC,RCI,NYSE,0000733099,ROGERS COMMUNICATIONS,1
868675,TELUS CORP,TU,NYSE,0000868675,TELUS,1
79282,"BROWN & BROWN, INC.",BRO,NYSE,0000079282,BROWN BROWN,1
879169,INCYTE CORP,INCY,Nasdaq,0000879169,INCYTE,1
1046102,RB GLOBAL INC.,RBA,NYSE,0001046102,RB GLOBAL,1
1878848,IREN Ltd,IREN,Nasdaq,0001878848,IREN,1
75677,PACKAGING CORP OF AMERICA,PKG,NYSE,0000075677,PACKAGING OF AMERICA,1
1791706,Li Auto Inc.,LI,Nasdaq,0001791706,LI AUTO,1
1754581,Futu Holdings Ltd,FUTU,Nasdaq,0001754581,FUTU,1
92380,SOUTHWEST AIRLINES CO,LUV,NYSE,0000092380,SOUTHWEST AIRLINES,1
1796209,APi Group Corp,APG,NYSE,0001796209,API,1
1486957,"BWX Technologies, Inc.",BWXT,NYSE,0001486957,BWX TECHNOLOGIES,1
1375365,"Super Micro Computer, Inc.",SMCI,Nasdaq,0001375365,SUPER MICRO COMPUTER,1
51253,INTERNATIONAL FLAVORS & FRAGRANCES INC,IFF,NYSE,0000051253,INTERNATIONAL FLAVORS FRAGRANCES,1
91440,Snap-on Inc,SNA,NYSE,0000091440,SNAP ON,1
1177394,TD SYNNEX CORP,SNX,NYSE,0001177394,TD SYNNEX,1
1711269,"Evergy, Inc.",EVRG,Nasdaq,0001711269,EVERGY,1
1874178,"Rivian Automotive, Inc. / DE",RIVN,Nasdaq,0001874178,RIVIAN AUTOMOTIVE DE,1
1123360,GLOBAL PAYMENTS INC,GPN,NYSE,0001123360,GLOBAL PAYMENTS,1
861884,"RELIANCE, INC.",RS,NYSE,0000861884,RELIANCE,1
1579298,"Burlington Stores, Inc.",BURL,NYSE,0001579298,BURLINGTON STORES,1
904851,YPF SOCIEDAD ANONIMA,YPF,NYSE,0000904851,YPF SOCIEDAD ANONIMA,1
920522,"ESSEX PROPERTY TRUST, INC.",ESS,NYSE,0000920522,ESSEX PROPERTY,1
1428439,"ROKU, INC",ROKU,Nasdaq,0001428439,ROKU,1
352541,ALLIANT ENERGY CORP,LNT,Nasdaq,0000352541,ALLIANT ENERGY,1
215466,"Coeur Mining, Inc.",CDE,NYSE,0000215466,COEUR MINING,1
1677250,ZTO Express (Cayman) Inc.,ZTO,NYSE,0001677250,ZTO EXPRESS CAYMAN,1
1665918,US Foods Holding Corp.,USFD,NYSE,0001665918,US FOODS,1
1423902,"Western Midstream Partners, LP",WES,NYSE,0001423902,WESTERN MIDSTREAM PARTNERS,1
1076378,CEMEX SAB DE CV,CX,NYSE,0001076378,CEMEX SAB DE CV,1
1161125,BANK OF CHILE,BCH,NYSE,0001161125,OF CHILE,1
1324948,RBC Bearings INC,RBC,NYSE,0001324948,RBC BEARINGS,1
1658566,Permian Resources Corp,PR,NYSE,0001658566,PERMIAN RESOURCES,1
1659166,Fortive Corp,FTV,NYSE,0001659166,FORTIVE,1
40704,GENERAL MILLS INC,GIS,NYSE,0000040704,GENERAL MILLS,1
2074176,"Viper Energy, Inc.",VNOM,Nasdaq,0002074176,VIPER ENERGY,1
929008,WESCO INTERNATIONAL INC,WCC,NYSE,0000929008,WESCO INTERNATIONAL,1
1047127,"AMKOR TECHNOLOGY, INC.",AMKR,Nasdaq,0001047127,AMKOR TECHNOLOGY,1
1406234,Brookfield Infrastructure Partners L.P.,BIP,NYSE,0001406234,BROOKFIELD INFRASTRUCTURE PARTNERS L P,1
216228,ITT INC.,ITT,NYSE,0000216228,ITT,1
935703,"DOLLAR TREE, INC.",DLTR,Nasdaq,0000935703,DOLLAR TREE,1
1319161,Warner Music Group Corp.,WMG,Nasdaq,0001319161,WARNER MUSIC,1
1069202,LENNOX INTERNATIONAL INC,LII,NYSE,0001069202,LENNOX INTERNATIONAL,1
1116942,TTM TECHNOLOGIES INC,TTMI,Nasdaq,0001116942,TTM TECHNOLOGIES,1
1527166,Carlyle Group Inc.,CG,Nasdaq,0001527166,CARLYLE,1
1642896,Samsara Inc.,IOT,NYSE,0001642896,SAMSARA,1
1748790,Amcor plc,AMCR,NYSE,0001748790,AMCOR,1
1178819,ALAMOS GOLD INC,AGI,NYSE,0001178819,ALAMOS GOLD,1
70318,TENET HEALTHCARE CORP,THC,NYSE,0000070318,TENET HEALTHCARE,1
1792580,Ovintiv Inc.,OVV,NYSE,0001792580,OVINTIV,1
1383312,"BROADRIDGE FINANCIAL SOLUTIONS, INC.",BR,NYSE,0001383312,BROADRIDGE SOLUTIONS,1
887225,KOREA ELECTRIC POWER CORP,KEP,NYSE,0000887225,KOREA ELECTRIC POWER,1
1985487,Joint Stock Co Kaspi.kz,KSPI,Nasdaq,0001985487,JOINT STOCK KASPI KZ,1
1687229,Invitation Homes Inc.,INVH,NYSE,0001687229,INVITATION HOMES,1
38777,FRANKLIN RESOURCES INC,BEN,NYSE,0000038777,FRANKLIN RESOURCES,1
2026053,PERSHING SQUARE INC.,PS,NYSE,0002026053,PERSHING SQUARE,1
855658,LATTICE SEMICONDUCTOR CORP,LSCC,Nasdaq,0000855658,LATTICE SEMICONDUCTOR,1
749098,MAGNA INTERNATIONAL INC,MGA,NYSE,0000749098,MAGNA INTERNATIONAL,1
1675149,Alcoa Corp,AA,NYSE,0001675149,ALCOA,1
1001807,PERUSAHAAN PERSEROAN PERSERO PT TELEKOMUNIKASI INDONESIA TBK,TLK,NYSE,0001001807,PERUSAHAAN PERSEROAN PERSERO PT TELEKOMUNIKASI INDONESIA TBK,1
1719117,ASR Nederland N.V./ADR,ARNNY,OTC,0001719117,ASR NEDERLAND V ADR,0
857005,PTC INC.,PTC,Nasdaq,0000857005,PTC,1
105016,WATSCO INC,WSO,NYSE,0000105016,WATSCO,1
1477049,Sprott Physical Gold Trust,PHYS,NYSE,0001477049,SPROTT PHYSICAL GOLD,1
1069157,EAST WEST BANCORP INC,EWBC,Nasdaq,0001069157,EAST WEST,1
106535,WEYERHAEUSER CO,WY,NYSE,0000106535,WEYERHAEUSER,1
1434265,GENMAB A/S,GMAB,Nasdaq,0001434265,GENMAB S,1
1025378,W. P. Carey Inc.,WPC,NYSE,0001025378,W P CAREY,1
1136869,"ZIMMER BIOMET HOLDINGS, INC.",ZBH,NYSE,0001136869,ZIMMER BIOMET,1
1109345,NOVA LTD.,NVMI,Nasdaq,0001109345,NOVA,1
1582961,"DigitalOcean Holdings, Inc.",DOCN,NYSE,0001582961,DIGITALOCEAN,1
1070423,PLAINS ALL AMERICAN PIPELINE LP,PAA,Nasdaq,0001070423,PLAINS ALL AMERICAN PIPELINE,1
1880661,TPG Inc.,TPG,Nasdaq,0001880661,TPG,1
916365,TRACTOR SUPPLY CO /DE/,TSCO,Nasdaq,0000916365,TRACTOR SUPPLY DE,1
1635327,Flutter Entertainment plc,FLUT,NYSE,0001635327,FLUTTER ENTERTAINMENT,1
51434,INTERNATIONAL PAPER CO /NEW/,IP,NYSE,0000051434,INTERNATIONAL PAPER NEW,1
822818,CLEAN HARBORS INC,CLH,NYSE,0000822818,CLEAN HARBORS,1
1673358,"Yum China Holdings, Inc.",YUMC,NYSE,0001673358,YUM CHINA,1
914475,NEUROCRINE BIOSCIENCES INC,NBIX,Nasdaq,0000914475,NEUROCRINE BIOSCIENCES,1
861967,WOLTERS KLUWER N V /FI,WTKWY,OTC,0000861967,WOLTERS KLUWER V FI,0
1468174,Hyatt Hotels Corp,H,NYSE,0001468174,HYATT HOTELS,1
1043219,ANNALY CAPITAL MANAGEMENT INC,NLY,NYSE,0001043219,ANNALY CAPITAL MANAGEMENT,1
930157,RENTOKIL INITIAL PLC /FI,RTO,NYSE,0000930157,RENTOKIL INITIAL FI,1
1127248,EMERA INC,EMA,NYSE,0001127248,EMERA,1
1494728,Sprott Physical Silver Trust,PSLV,NYSE,0001494728,SPROTT PHYSICAL SILVER,1
1764757,DiDi Global Inc.,DIDIY,OTC,0001764757,DIDI GLOBAL,0
1336920,"Leidos Holdings, Inc.",LDOS,NYSE,0001336920,LEIDOS,1
1402436,SS&C Technologies Holdings Inc,SSNC,Nasdaq,0001402436,SS C TECHNOLOGIES,1
1474735,GENERAC HOLDINGS INC.,GNRC,NYSE,0001474735,GENERAC,1
879101,KIMCO REALTY CORP,KIM,NYSE,0000879101,KIMCO REALTY,1
2029472,Puig Brands S.A./ADR,PUGBY,OTC,0002029472,PUIG BRANDS S ADR,0
217346,TEXTRON INC,TXT,NYSE,0000217346,TEXTRON,1
1264136,WOORI FINANCIAL GROUP INC.,WF,NYSE,0001264136,WOORI,1
912593,SUN COMMUNITIES INC,SUI,NYSE,0000912593,SUN COMMUNITIES,1
832101,IDEX CORP /DE/,IEX,NYSE,0000832101,IDEX DE,1
72331,NORDSON CORP,NDSN,Nasdaq,0000072331,NORDSON,1
1736541,NIO Inc.,NIO,NYSE,0001736541,NIO,1
1158114,"APPLIED OPTOELECTRONICS, INC.",AAOI,Nasdaq,0001158114,APPLIED OPTOELECTRONICS,1
1622536,Talen Energy Corp,TLN,Nasdaq,0001622536,TALEN ENERGY,1
1828108,"Aurora Innovation, Inc.",AUR,Nasdaq,0001828108,AURORA INNOVATION,1
1842022,"DT Midstream, Inc.",DTM,NYSE,0001842022,DT MIDSTREAM,1
89439,MUELLER INDUSTRIES INC,MLI,NYSE,0000089439,MUELLER INDUSTRIES,1
1618673,Performance Food Group Co,PFGC,NYSE,0001618673,PERFORMANCE FOOD,1
906163,NVR INC,NVR,NYSE,0000906163,NVR,1
912595,MID AMERICA APARTMENT COMMUNITIES INC.,MAA,NYSE,0000912595,MID AMERICA APARTMENT COMMUNITIES,1
2058897,Grupo Cibest S.A.,CIB,NYSE,0002058897,GRUPO CIBEST S,1
1957132,"SharkNinja, Inc.",SN,NYSE,0001957132,SHARKNINJA,1
1810997,XPENG INC.,XPEV,NYSE,0001810997,XPENG,1
1612042,Ascendis Pharma A/S,ASND,Nasdaq,0001612042,ASCENDIS PHARMA S,1
1836833,Planet Labs PBC,PL,NYSE,0001836833,PLANET LABS PBC,1
1070750,"HOST HOTELS & RESORTS, INC.",HST,Nasdaq,0001070750,HOST HOTELS RESORTS,1
1032975,LOGITECH INTERNATIONAL S.A.,LOGI,Nasdaq,0001032975,LOGITECH INTERNATIONAL S,1
1090425,LAMAR ADVERTISING CO/NEW,LAMR,Nasdaq,0001090425,LAMAR ADVERTISING NEW,1
888491,OMEGA HEALTHCARE INVESTORS INC,OHI,NYSE,0000888491,OMEGA HEALTHCARE INVESTORS,1
1823945,BLUE OWL CAPITAL INC.,OWL,NYSE,0001823945,BLUE OWL CAPITAL,1
9389,BALL Corp,BALL,NYSE,0000009389,BALL,1
1015650,SK TELECOM CO LTD,SKM,NYSE,0001015650,SK TELECOM,1
1279956,YARA INTERNATIONAL ASA,YARIY,OTC,0001279956,YARA INTERNATIONAL ASA,0
1855612,Grab Holdings Ltd,GRAB,Nasdaq,0001855612,GRAB,1
1660134,"Okta, Inc.",OKTA,Nasdaq,0001660134,OKTA,1
1791942,JBS N.V.,JBS,NYSE,0001791942,JBS V,1
1232524,Jazz Pharmaceuticals plc,JAZZ,Nasdaq,0001232524,JAZZ PHARMACEUTICALS,1
67347,MODINE MANUFACTURING CO,MOD,NYSE,0000067347,MODINE MANUFACTURING,1
59527,LINCOLN ELECTRIC HOLDINGS INC,LECO,Nasdaq,0000059527,LINCOLN ELECTRIC,1
1973266,"TKO Group Holdings, Inc.",TKO,NYSE,0001973266,TKO,1
2093536,"Arxis, Inc.",ARXS,Nasdaq,0002093536,ARXIS,1
910606,REGENCY CENTERS CORP,REG,Nasdaq,0000910606,REGENCY CENTERS,1
1027552,BANCO SANTANDER CHILE,BSAC,NYSE,0001027552,BANCO SANTANDER CHILE,1
2082866,"Pinnacle Financial Partners, Inc.",PNFP,NYSE,0002082866,PINNACLE PARTNERS,1
849399,Gen Digital Inc.,GEN,Nasdaq,0000849399,GEN DIGITAL,1
1347557,Pacific Airport Group,PAC,NYSE,0001347557,PACIFIC AIRPORT,1
1078642,CARREFOUR SA,CRRFY,OTC,0001078642,CARREFOUR SA,0
1564708,NEWS CORP,NWSA,Nasdaq,0001564708,NEWS,1
1483994,H World Group Ltd,HTHT,Nasdaq,0001483994,H WORLD,1
1829667,Regencell Bioscience Holdings Ltd,RGC,Nasdaq,0001829667,REGENCELL BIOSCIENCE,1
1584509,Aramark,ARMK,NYSE,0001584509,ARAMARK,1
1397187,lululemon athletica inc.,LULU,Nasdaq,0001397187,LULULEMON ATHLETICA,1
1095073,"EVEREST GROUP, LTD.",EG,NYSE,0001095073,EVEREST,1
2052568,Legence Corp.,LGN,Nasdaq,0002052568,LEGENCE,1
1841666,APA Corp,APA,Nasdaq,0001841666,APA,1
898174,REINSURANCE GROUP OF AMERICA INC,RGA,NYSE,0000898174,REINSURANCE OF AMERICA,1
917273,RAMBUS INC,RMBS,Nasdaq,0000917273,RAMBUS,1
1047716,LATAM AIRLINES GROUP S.A.,LTM,NYSE,0001047716,LATAM AIRLINES S,1
2080126,"Forgent Power Solutions, Inc.",FPS,NYSE,0002080126,FORGENT POWER SOLUTIONS,1
74208,"UDR, Inc.",UDR,NYSE,0000074208,UDR,1
1287750,ARES CAPITAL CORP,ARCC,Nasdaq,0001287750,ARES CAPITAL,1
1048268,"IES Holdings, Inc.",IESC,Nasdaq,0001048268,IES,1
704532,ONTO INNOVATION INC.,ONTO,NYSE,0000704532,ONTO INNOVATION,1
2064953,Solstice Advanced Materials Inc.,SOLS,Nasdaq,0002064953,SOLSTICE ADVANCED MATERIALS,1
46080,"HASBRO, INC.",HAS,Nasdaq,0000046080,HASBRO,1
1552275,Sunoco LP,SUN,NYSE,0001552275,SUNOCO,1
1816319,Lytus Technologies Holdings PTV. Ltd.,LYTHF,OTC,0001816319,LYTUS TECHNOLOGIES PTV,0
1780232,GFL Environmental Inc.,GFL,NYSE,0001780232,GFL ENVIRONMENTAL,1
790051,CARLISLE COMPANIES INC,CSL,NYSE,0000790051,CARLISLE COMPANIES,1
1037976,JONES LANG LASALLE INC,JLL,NYSE,0001037976,JONES LANG LASALLE,1
1650164,"Toast, Inc.",TOST,NYSE,0001650164,TOAST,1
765880,"HEALTHPEAK PROPERTIES, INC.",DOC,NYSE,0000765880,HEALTHPEAK PROPERTIES,1
1744676,Tencent Music Entertainment Group,TME,NYSE,0001744676,TENCENT MUSIC ENTERTAINMENT,1
1057352,"COSTAR GROUP, INC.",CSGP,Nasdaq,0001057352,COSTAR,1
912958,MILLICOM INTERNATIONAL CELLULAR SA,TIGO,Nasdaq,0000912958,MILLICOM INTERNATIONAL CELLULAR SA,1
910521,DECKERS OUTDOOR CORP,DECK,NYSE,0000910521,DECKERS OUTDOOR,1
1061574,CGI INC,GIB,NYSE,0001061574,CGI,1
1206264,SOMNIGROUP INTERNATIONAL INC.,SGI,NYSE,0001206264,SOMNIGROUP INTERNATIONAL,1
1968385,BAWAG Group AG/ADR,BAWAY,OTC,0001968385,BAWAG AG ADR,0
2072098,Toromont Industries Ltd./ADR,TMTNY,OTC,0002072098,TOROMONT INDUSTRIES ADR,0
860731,TYLER TECHNOLOGIES INC,TYL,NYSE,0000860731,TYLER TECHNOLOGIES,1
62996,MASCO CORP /DE/,MAS,NYSE,0000062996,MASCO DE,1
1481045,Daiwa Securities Group Inc.,DSEEY,OTC,0001481045,DAIWA SECURITIES,0
1575965,"Gaming & Leisure Properties, Inc.",GLPI,Nasdaq,0001575965,GAMING LEISURE PROPERTIES,1
82811,REGAL REXNORD CORP,RRX,NYSE,0000082811,REGAL REXNORD,1
1943896,"Rubrik, Inc.",RBRK,NYSE,0001943896,RUBRIK,1
67215,DYCOM INDUSTRIES INC,DY,NYSE,0000067215,DYCOM INDUSTRIES,1
1599298,Summit Therapeutics Inc.,SMMT,Nasdaq,0001599298,SUMMIT THERAPEUTICS,1
1743881,"BridgeBio Pharma, Inc.",BBIO,Nasdaq,0001743881,BRIDGEBIO PHARMA,1
2080845,PayPay Corp,PAYP,Nasdaq,0002080845,PAYPAY,1
52988,JACOBS SOLUTIONS INC.,J,NYSE,0000052988,JACOBS SOLUTIONS,1
5513,Unum Group,UNM,NYSE,0000005513,UNUM,1
1402057,CDW Corp,CDW,Nasdaq,0001402057,CDW,1
1567094,CNH Industrial N.V.,CNH,NYSE,0001567094,CNH INDUSTRIAL V,1
40987,GENUINE PARTS CO,GPC,NYSE,0000040987,GENUINE PARTS,1
908255,BORGWARNER INC,BWA,NYSE,0000908255,BORGWARNER,1
1015922,CHECK POINT SOFTWARE TECHNOLOGIES LTD,CHKP,Nasdaq,0001015922,CHECK POINT SOFTWARE TECHNOLOGIES,1
40729,Ally Financial Inc.,ALLY,NYSE,0000040729,ALLY,1
1331875,"Fidelity National Financial, Inc.",FNF,NYSE,0001331875,FIDELITY,1
1360901,Evercore Inc.,EVR,NYSE,0001360901,EVERCORE,1
1964738,Solventum Corp,SOLV,NYSE,0001964738,SOLVENTUM,1
864749,TRIMBLE INC.,TRMB,Nasdaq,0000864749,TRIMBLE,1
1501585,"HUNTINGTON INGALLS INDUSTRIES, INC.",HII,NYSE,0001501585,HUNTINGTON INGALLS INDUSTRIES,1
1919275,Var Energi ASA/ADR,VARRY,OTC,0001919275,VAR ENERGI ASA ADR,0
927066,DAVITA INC.,DVA,NYSE,0000927066,DAVITA,1
88941,SEMTECH CORP,SMTC,Nasdaq,0000088941,SEMTECH,1
1552033,TransUnion,TRU,NYSE,0001552033,TRANSUNION,1
2099039,Wise Group plc,WSE,Nasdaq,0002099039,WISE,1
769218,AEGON LTD.,AEG,NYSE,0000769218,AEGON,1
1321732,Penumbra Inc,PEN,NYSE,0001321732,PENUMBRA,1
1915657,HF Sinclair Corp,DINO,NYSE,0001915657,HF SINCLAIR,1
897723,SANMINA CORP,SANM,Nasdaq,0000897723,SANMINA,1
845982,SMITH & NEPHEW PLC,SNN,NYSE,0000845982,SMITH NEPHEW,1
1562401,American Homes 4 Rent,AMH,NYSE,0001562401,AMERICAN HOMES 4 RENT,1
1267238,"ASSURANT, INC.",AIZ,NYSE,0001267238,ASSURANT,1
939767,"EXELIXIS, INC.",EXEL,Nasdaq,0000939767,EXELIXIS,1
1889539,"Corebridge Financial, Inc.",CRBG,NYSE,0001889539,COREBRIDGE,1
1576280,"Guardant Health, Inc.",GH,Nasdaq,0001576280,GUARDANT HEALTH,1
42888,GRACO INC,GGG,NYSE,0000042888,GRACO,1
913144,RENAISSANCERE HOLDINGS LTD,RNR,NYSE,0000913144,RENAISSANCERE,1
14693,BROWN FORMAN CORP,BF-A,NYSE,0000014693,BROWN FORMAN,1
1618732,"Nutanix, Inc.",NTNX,Nasdaq,0001618732,NUTANIX,1
1837429,Brookfield Wealth Solutions Ltd.,BNT,NYSE,0001837429,BROOKFIELD WEALTH SOLUTIONS,1
751978,VICOR CORP,VICR,Nasdaq,0000751978,VICOR,1
63754,MCCORMICK & CO INC,MKC,NYSE,0000063754,MCCORMICK,1
2109234,BELIMO Holding AG/ADR,BLMOY,OTC,0002109234,BELIMO AG ADR,0
1858985,On Holding AG,ONON,NYSE,0001858985,ON AG,1
1883685,DraftKings Inc.,DKNG,Nasdaq,0001883685,DRAFTKINGS,1
927003,ADVANCED ENERGY INDUSTRIES INC,AEIS,Nasdaq,0000927003,ADVANCED ENERGY INDUSTRIES,1
877212,ZEBRA TECHNOLOGIES CORP,ZBRA,Nasdaq,0000877212,ZEBRA TECHNOLOGIES,1
1531152,"BJ's Wholesale Club Holdings, Inc.",BJ,NYSE,0001531152,BJ S WHOLESALE CLUB,1
1544379,"SCREEN Holdings Co., Ltd./ADR",SCRNY,OTC,0001544379,SCREEN ADR,0
874015,IONIS PHARMACEUTICALS INC,IONS,Nasdaq,0000874015,IONIS PHARMACEUTICALS,1
895417,EQUITY LIFESTYLE PROPERTIES INC,ELS,NYSE,0000895417,EQUITY LIFESTYLE PROPERTIES,1
1177702,SAIA INC,SAIA,Nasdaq,0001177702,SAIA,1
110621,RPM INTERNATIONAL INC/DE/,RPM,NYSE,0000110621,RPM INTERNATIONAL DE,1
2068440,Laopu Gold Co. Ltd./ADR,LPGCY,OTC,0002068440,LAOPU GOLD ADR,0
1157601,"MADRIGAL PHARMACEUTICALS, INC.",MDGL,Nasdaq,0001157601,MADRIGAL PHARMACEUTICALS,1
1579878,"Figma, Inc.",FIG,NYSE,0001579878,FIGMA,1
1144879,Applied Digital Corp.,APLD,Nasdaq,0001144879,APPLIED DIGITAL,1
71691,NEW YORK TIMES CO,NYT,NYSE,0000071691,NEW YORK TIMES,1
320335,GLOBE LIFE INC.,GL,NYSE,0000320335,GLOBE LIFE,1
912093,VIAVI SOLUTIONS INC.,VIAV,Nasdaq,0000912093,VIAVI SOLUTIONS,1
914208,Invesco Ltd.,IVZ,NYSE,0000914208,INVESCO,1
1333986,"Equitable Holdings, Inc.",EQH,NYSE,0001333986,EQUITABLE,1
1922641,Enlight Renewable Energy Ltd.,ENLT,Nasdaq,0001922641,ENLIGHT RENEWABLE ENERGY,1
8818,Avery Dennison Corp,AVY,NYSE,0000008818,AVERY DENNISON,1
794170,"Toll Brothers, Inc.",TOL,NYSE,0000794170,TOLL BROTHERS,1
764622,PINNACLE WEST CAPITAL CORP,PNW,NYSE,0000764622,PINNACLE WEST CAPITAL,1
1423689,AGNC Investment Corp.,AGNC,Nasdaq,0001423689,AGNC INVESTMENT,1
764478,BEST BUY CO INC,BBY,NYSE,0000764478,BEST BUY,1
1668397,"Medpace Holdings, Inc.",MEDP,Nasdaq,0001668397,MEDPACE,1
1810806,Unity Software Inc.,U,NYSE,0001810806,UNITY SOFTWARE,1
1236275,"QXO, Inc.",QXO,NYSE,0001236275,QXO,1
1433270,ANTERO RESOURCES Corp,AR,NYSE,0001433270,ANTERO RESOURCES,1
21175,CNA FINANCIAL CORP,CNA,NYSE,0000021175,CNA,1
719413,HECLA MINING CO/DE/,HL,NYSE,0000719413,HECLA MINING DE,1
1177609,"FIVE BELOW, INC",FIVE,Nasdaq,0001177609,FIVE BELOW,1
77360,PENTAIR plc,PNR,NYSE,0000077360,PENTAIR,1
1592386,"Virtu Financial, Inc.",VIRT,NYSE,0001592386,VIRTU,1
1579428,"Axsome Therapeutics, Inc.",AXSM,Nasdaq,0001579428,AXSOME THERAPEUTICS,1
2103884,"Compass Sub North, Inc.",CONE,,0002103884,COMPASS SUB NORTH,0
1289460,"Texas Roadhouse, Inc.",TXRH,Nasdaq,0001289460,TEXAS ROADHOUSE,1
93556,"STANLEY BLACK & DECKER, INC.",SWK,NYSE,0000093556,STANLEY BLACK DECKER,1
711404,"COOPER COMPANIES, INC.",COO,Nasdaq,0000711404,COOPER COMPANIES,1
1333141,Fresenius Medical Care AG,FMS,NYSE,0001333141,FRESENIUS MEDICAL CARE AG,1
1588823,TFI International Inc.,TFII,NYSE,0001588823,TFI INTERNATIONAL,1
1521332,Aptiv PLC,APTV,NYSE,0001521332,APTIV,1
1859392,Galaxy Digital Inc.,GLXY,Nasdaq,0001859392,GALAXY DIGITAL,1
1609711,GoDaddy Inc.,GDDY,NYSE,0001609711,GODADDY,1
1964789,Hut 8 Corp.,HUT,Nasdaq,0001964789,HUT 8,1
801337,WEBSTER FINANCIAL CORP,WBS,NYSE,0000801337,WEBSTER,1
720672,STIFEL FINANCIAL CORP,SF,NYSE,0000720672,STIFEL,1
109563,APPLIED INDUSTRIAL TECHNOLOGIES INC,AIT,NYSE,0000109563,APPLIED INDUSTRIAL TECHNOLOGIES,1
1829311,"BITMINE IMMERSION TECHNOLOGIES, INC.",BMNR,NYSE,0001829311,BITMINE IMMERSION TECHNOLOGIES,1
1135951,DR REDDYS LABORATORIES LTD,RDY,NYSE,0001135951,DR REDDYS LABORATORIES,1
1262823,WESTLAKE CORP,WLK,NYSE,0001262823,WESTLAKE,1
317540,"Coca-Cola Consolidated, Inc.",COKE,Nasdaq,0000317540,COCA COLA CONSOLIDATED,1
1773383,"Dynatrace, Inc.",DT,NYSE,0001773383,DYNATRACE,1
889331,LITTELFUSE INC /DE,LFUS,Nasdaq,0000889331,LITTELFUSE DE,1
1633931,TopBuild Corp,BLD,NYSE,0001633931,TOPBUILD,1
1097149,ALIGN TECHNOLOGY INC,ALGN,Nasdaq,0001097149,ALIGN TECHNOLOGY,1
1865782,"BrightSpring Health Services, Inc.",BTSG,Nasdaq,0001865782,BRIGHTSPRING HEALTH,1
1492691,Knight-Swift Transportation Holdings Inc.,KNX,NYSE,0001492691,KNIGHT SWIFT TRANSPORTATION,1
36966,FIRST HORIZON CORP,FHN,NYSE,0000036966,FIRST HORIZON,1
1159152,James Hardie Industries plc,JHX,NYSE,0001159152,JAMES HARDIE INDUSTRIES,1
922621,ERIE INDEMNITY CO,ERIE,Nasdaq,0000922621,ERIE INDEMNITY,1
1042046,AMERICAN FINANCIAL GROUP INC,AFG,NYSE,0001042046,AMERICAN,1
1833756,"Leonardo DRS, Inc.",DRS,Nasdaq,0001833756,LEONARDO DRS,1
2041610,Paramount Skydance Corp,PSKY,Nasdaq,0002041610,PARAMOUNT SKYDANCE,1
1528396,"Guidewire Software, Inc.",GWRE,NYSE,0001528396,GUIDEWIRE SOFTWARE,1
1083301,TERAWULF INC.,WULF,Nasdaq,0001083301,TERAWULF,1
824142,"AAON, INC.",AAON,Nasdaq,0000824142,AAON,1
2077146,"OBIC Co., Ltd./ADR",OBICY,OTC,0002077146,OBIC ADR,0
21076,CLOROX CO /DE/,CLX,NYSE,0000021076,CLOROX DE,1
1801368,MP Materials Corp. / DE,MP,NYSE,0001801368,MP MATERIALS DE,1
1506293,"PINTEREST, INC.",PINS,NYSE,0001506293,PINTEREST,1
350894,SEI INVESTMENTS CO,SEIC,Nasdaq,0000350894,SEI INVESTMENTS,1
48465,HORMEL FOODS CORP /DE/,HRL,NYSE,0000048465,HORMEL FOODS DE,1
1849056,Oklo Inc.,OKLO,NYSE,0001849056,OKLO,1
1579241,Allegion plc,ALLE,NYSE,0001579241,ALLEGION,1
49600,EASTGROUP PROPERTIES INC,EGP,NYSE,0000049600,EASTGROUP PROPERTIES,1
16058,CACI INTERNATIONAL INC /DE/,CACI,NYSE,0000016058,CACI INTERNATIONAL DE,1
1219601,"CROWN HOLDINGS, INC.",CCK,NYSE,0001219601,CROWN,1
879407,"ARROWHEAD PHARMACEUTICALS, INC.",ARWR,Nasdaq,0000879407,ARROWHEAD PHARMACEUTICALS,1
89089,SERVICE CORP INTERNATIONAL,SCI,NYSE,0000089089,INTERNATIONAL,1
91419,J M SMUCKER Co,SJM,NYSE,0000091419,J M SMUCKER,1
7536,"ARROW ELECTRONICS, INC.",ARW,NYSE,0000007536,ARROW ELECTRONICS,1
851205,COGNEX CORP,CGNX,Nasdaq,0000851205,COGNEX,1
96223,Jefferies Financial Group Inc.,JEF,NYSE,0000096223,JEFFERIES,1
1019849,"PENSKE AUTOMOTIVE GROUP, INC.",PAG,NYSE,0001019849,PENSKE AUTOMOTIVE,1
80420,POWELL INDUSTRIES INC,POWL,Nasdaq,0000080420,POWELL INDUSTRIES,1
1049724,DEUTSCHE LUFTHANSA A G /FI,DLAKY,OTC,0001049724,DEUTSCHE LUFTHANSA G FI,0
785161,Encompass Health Corp,EHC,NYSE,0000785161,ENCOMPASS HEALTH,1
1604028,"ADVANCED DRAINAGE SYSTEMS, INC.",WMS,NYSE,0001604028,ADVANCED DRAINAGE SYSTEMS,1
1366868,"Globalstar, Inc.",GSAT,Nasdaq,0001366868,GLOBALSTAR,1
78128,"Essential Utilities, Inc.",WTRG,NYSE,0000078128,ESSENTIAL UTILITIES,1
31791,"REVVITY, INC.",RVTY,NYSE,0000031791,REVVITY,1
1826168,TIM S.A.,TIMB,NYSE,0001826168,TIM S,1
1061894,Gildan Activewear Inc.,GIL,NYSE,0001061894,GILDAN ACTIVEWEAR,1
1756607,Equinox Gold Corp.,EQX,NYSE,0001756607,EQUINOX GOLD,1
1302215,"HOULIHAN LOKEY, INC.",HLI,NYSE,0001302215,HOULIHAN LOKEY,1
1037540,"BXP, Inc.",BXP,NYSE,0001037540,BXP,1
1623925,Antero Midstream Corp,AM,NYSE,0001623925,ANTERO MIDSTREAM,1
1237831,GLOBUS MEDICAL INC,GMED,NYSE,0001237831,GLOBUS MEDICAL,1
1125376,"ENSIGN GROUP, INC",ENSG,Nasdaq,0001125376,ENSIGN,1
1573516,Murphy USA Inc.,MUSA,NYSE,0001573516,MURPHY USA,1
18926,"Lumen Technologies, Inc.",LUMN,NYSE,0000018926,LUMEN TECHNOLOGIES,1
874761,AES CORP,AES,NYSE,0000874761,AES,1
1590714,Element Solutions Inc,ESI,NYSE,0001590714,ELEMENT SOLUTIONS,1
4127,"SKYWORKS SOLUTIONS, INC.",SWKS,Nasdaq,0000004127,SKYWORKS SOLUTIONS,1
1061983,CYTOKINETICS INC,CYTK,Nasdaq,0001061983,CYTOKINETICS,1
1145197,INSULET CORP,PODD,Nasdaq,0001145197,INSULET,1
2071668,Magnum Ice Cream Co N.V.,MICC,NYSE,0002071668,MAGNUM ICE CREAM V,1
352915,UNIVERSAL HEALTH SERVICES INC,UHS,NYSE,0000352915,UNIVERSAL HEALTH,1
1819848,"Joby Aviation, Inc.",JOBY,NYSE,0001819848,JOBY AVIATION,1
906345,CAMDEN PROPERTY TRUST,CPT,NYSE,0000906345,CAMDEN PROPERTY,1
1404655,HUBSPOT INC,HUBS,NYSE,0001404655,HUBSPOT,1
909327,Suzano S.A.,SUZ,NYSE,0000909327,SUZANO S,1
1308648,FIRST MAJESTIC SILVER CORP,AG,NYSE,0001308648,FIRST MAJESTIC SILVER,1
1034983,MINEBEA MITSUMI Inc.,MINBY,OTC,0001034983,MINEBEA MITSUMI,0
88205,"SPX Technologies, Inc.",SPXC,NYSE,0000088205,SPX TECHNOLOGIES,1
1072397,BUNZL PLC,BZLFY,OTC,0001072397,BUNZL,0
1286681,DOMINOS PIZZA INC,DPZ,Nasdaq,0001286681,DOMINOS PIZZA,1
1048477,BIOMARIN PHARMACEUTICAL INC,BMRN,Nasdaq,0001048477,BIOMARIN PHARMACEUTICAL,1
100591,ARGAN INC,AGX,NYSE,0000100591,ARGAN,1
315852,RANGE RESOURCES CORP,RRC,NYSE,0000315852,RANGE RESOURCES,1
1671933,"Trade Desk, Inc.",TTD,Nasdaq,0001671933,TRADE DESK,1
840489,"FirstCash Holdings, Inc.",FCFS,Nasdaq,0000840489,FIRSTCASH,1
1355444,EMBRAER S.A.,EMBJ,NYSE,0001355444,EMBRAER S,1
1944013,Crane Co,CR,NYSE,0001944013,CRANE,1
892553,CHART INDUSTRIES INC,GTLS,NYSE,0000892553,CHART INDUSTRIES,1
1023514,HARMONY GOLD MINING CO LTD,HMY,NYSE,0001023514,HARMONY GOLD MINING,1
1739104,Elanco Animal Health Inc,ELAN,NYSE,0001739104,ELANCO ANIMAL HEALTH,1
916540,DARLING INGREDIENTS INC.,DAR,NYSE,0000916540,DARLING INGREDIENTS,1
795403,WATTS WATER TECHNOLOGIES INC,WTS,NYSE,0000795403,WATTS WATER TECHNOLOGIES,1
1322422,Hudbay Minerals Inc.,HBM,NYSE,0001322422,HUDBAY MINERALS,1
1174922,WYNN RESORTS LTD,WYNN,Nasdaq,0001174922,WYNN RESORTS,1
1039399,FORMFACTOR INC,FORM,Nasdaq,0001039399,FORMFACTOR,1
91388,SMITHFIELD FOODS INC,SFD,Nasdaq,0000091388,SMITHFIELD FOODS,1
102729,VALMONT INDUSTRIES INC,VMI,NYSE,0000102729,VALMONT INDUSTRIES,1
34903,FEDERAL REALTY INVESTMENT TRUST,FRT,NYSE,0000034903,FEDERAL REALTY INVESTMENT,1
1203464,IAMGOLD CORP,IAG,NYSE,0001203464,IAMGOLD,1
749251,GARTNER INC,IT,NYSE,0000749251,GARTNER,1
1069258,"KRATOS DEFENSE & SECURITY SOLUTIONS, INC.",KTOS,Nasdaq,0001069258,KRATOS DEFENSE SECURITY SOLUTIONS,1
1031308,BENTLEY SYSTEMS INC,BSY,Nasdaq,0001031308,BENTLEY SYSTEMS,1
1015328,WINTRUST FINANCIAL CORP,WTFC,Nasdaq,0001015328,WINTRUST,1
1411207,Allison Transmission Holdings Inc,ALSN,NYSE,0001411207,ALLISON TRANSMISSION,1
779152,JACK HENRY & ASSOCIATES INC,JKHY,Nasdaq,0000779152,JACK HENRY ASSOCIATES,1
1590717,"CareTrust REIT, Inc.",CTRE,NYSE,0001590717,CARETRUST REIT,1
1326380,GameStop Corp.,GME,NYSE,0001326380,GAMESTOP,1
1868159,"Lineage, Inc.",LINE,Nasdaq,0001868159,LINEAGE,1
1179929,"MOLINA HEALTHCARE, INC.",MOH,NYSE,0001179929,MOLINA HEALTHCARE,1
67887,MOOG INC.,MOG-A,NYSE,0000067887,MOOG,1
74260,OLD REPUBLIC INTERNATIONAL CORP,ORI,NYSE,0000074260,OLD REPUBLIC INTERNATIONAL,1
1632970,"American Healthcare REIT, Inc.",AHR,NYSE,0001632970,AMERICAN HEALTHCARE REIT,1
1689548,"Praxis Precision Medicines, Inc.",PRAX,Nasdaq,0001689548,PRAXIS PRECISION MEDICINES,1
1021635,OGE ENERGY CORP.,OGE,NYSE,0001021635,OGE ENERGY,1
2064124,"Figure Technology Solutions, Inc.",FIGR,Nasdaq,0002064124,FIGURE TECHNOLOGY SOLUTIONS,1
29644,DONALDSON Co INC,DCI,NYSE,0000029644,DONALDSON,1
101382,UMB FINANCIAL CORP,UMBF,Nasdaq,0000101382,UMB,1
789570,MGM Resorts International,MGM,NYSE,0000789570,MGM RESORTS INTERNATIONAL,1
797721,VIASAT INC,VSAT,Nasdaq,0000797721,VIASAT,1
892450,KT CORP,KT,NYSE,0000892450,KT,1
937556,MASIMO CORP,MASI,Nasdaq,0000937556,MASIMO,1
1579091,Maplebear Inc.,CART,Nasdaq,0001579091,MAPLEBEAR,1
763901,"POPULAR, INC.",BPOP,Nasdaq,0000763901,POPULAR,1
1261333,"DOCUSIGN, INC.",DOCU,Nasdaq,0001261333,DOCUSIGN,1
2062522,GAMES WORKSHOP GROUP PLC/ADR,GWKSY,OTC,0002062522,GAMES WORKSHOP ADR,0
4457,U-Haul Holding Co /NV/,UHAL,NYSE,0000004457,U HAUL NV,1
1370946,Owens Corning,OC,NYSE,0001370946,OWENS CORNING,1
1564408,Snap Inc,SNAP,NYSE,0001564408,SNAP,1
868857,AECOM,ACM,NYSE,0000868857,AECOM,1
1767582,Luckin Coffee Inc.,LKNCY,OTC,0001767582,LUCKIN COFFEE,0
1726122,Sprott Physical Gold & Silver Trust,CEF,NYSE,0001726122,SPROTT PHYSICAL GOLD SILVER,1
1856525,"Core & Main, Inc.",CNM,NYSE,0001856525,CORE MAIN,1
1956827,Abivax S.A.,ABVX,Nasdaq,0001956827,ABIVAX S,1
310522,FEDERAL NATIONAL MORTGAGE ASSOCIATION FANNIE MAE,FNMA,OTC,0000310522,FEDERAL MORTGAGE FANNIE MAE,0
1073404,GERDAU S.A.,GGB,NYSE,0001073404,GERDAU S,1
1838413,Full Truck Alliance Co. Ltd.,YMM,NYSE,0001838413,FULL TRUCK ALLIANCE,1
1060955,ICON PLC,ICLR,Nasdaq,0001060955,ICON,1
1711279,"Krystal Biotech, Inc.",KRYS,Nasdaq,0001711279,KRYSTAL BIOTECH,1
1787425,XP Inc.,XP,Nasdaq,0001787425,XP,1
764038,SouthState Bank Corp,SSB,NYSE,0000764038,SOUTHSTATE,1
707179,OLD NATIONAL BANCORP /IN/,ONB,Nasdaq,0000707179,OLD IN,1
917251,AGREE REALTY CORP,ADC,NYSE,0000917251,AGREE REALTY,1
1581068,Brixmor Property Group Inc.,BRX,NYSE,0001581068,BRIXMOR PROPERTY,1
10456,BAXTER INTERNATIONAL INC,BAX,NYSE,0000010456,BAXTER INTERNATIONAL,1
1913510,VinFast Auto Ltd.,VFS,Nasdaq,0001913510,VINFAST AUTO,1
1639438,"CAVA GROUP, INC.",CAVA,NYSE,0001639438,CAVA,1
85961,RYDER SYSTEM INC,R,NYSE,0000085961,RYDER SYSTEM,1
1866581,Dutch Bros Inc.,BROS,NYSE,0001866581,DUTCH BROS,1
1123452,SOUTHEAST AIRPORT GROUP,ASR,NYSE,0001123452,SOUTHEAST AIRPORT,1
1167419,"Riot Platforms, Inc.",RIOT,Nasdaq,0001167419,RIOT PLATFORMS,1
2078416,"Liberty Live Holdings, Inc.",LLYVA,Nasdaq,0002078416,LIBERTY LIVE,1
1766502,"Chewy, Inc.",CHWY,NYSE,0001766502,CHEWY,1
1329394,Silicon Motion Technology CORP,SIMO,Nasdaq,0001329394,SILICON MOTION TECHNOLOGY,1
2013003,Pro Medicus Ltd./ADR,PMDIY,OTC,0002013003,PRO MEDICUS ADR,0
1131383,STANTEC INC,STN,NYSE,0001131383,STANTEC,1
2065636,"SOLV Energy, Inc.",MWH,Nasdaq,0002065636,SOLV ENERGY,1
938323,PEARSON PLC,PSO,NYSE,0000938323,PEARSON,1
109380,"ZIONS BANCORPORATION, NATIONAL ASSOCIATION /UT/",ZION,Nasdaq,0000109380,ZIONS UT,1
1786909,Sibanye Stillwater Ltd,SBSW,NYSE,0001786909,SIBANYE STILLWATER,1
1443646,Booz Allen Hamilton Holding Corp,BAH,NYSE,0001443646,BOOZ ALLEN HAMILTON,1
1289308,EnerSys,ENS,NYSE,0001289308,ENERSYS,1
913760,StoneX Group Inc.,SNEX,Nasdaq,0000913760,STONEX,1
1298675,CubeSmart,CUBE,NYSE,0001298675,CUBESMART,1
1567683,"Clearway Energy, Inc.",CWEN,NYSE,0001567683,CLEARWAY ENERGY,1
1617640,"ZILLOW GROUP, INC.",ZG,Nasdaq,0001617640,ZILLOW,1
1013131,BUENAVENTURA MINING CO INC,BVN,NYSE,0001013131,BUENAVENTURA MINING,1
1041792,ENERGY CO OF PARANA,ELPC,NYSE,0001041792,ENERGY OF PARANA,1
908937,SIRIUS XM HOLDINGS INC.,SIRI,Nasdaq,0000908937,SIRIUS XM,1
2083221,SPIE SA/ADR,SPIIY,OTC,0002083221,SPIE SA ADR,0
737758,TORO CO,TTC,NYSE,0000737758,TORO,1
1034670,AUTOLIV INC,ALV,NYSE,0001034670,AUTOLIV,1
314590,SASOL LTD,SSL,NYSE,0000314590,SASOL,1
924805,Freedom Holding Corp.,FRHC,Nasdaq,0000924805,FREEDOM,1
1475922,"Primerica, Inc.",PRI,NYSE,0001475922,PRIMERICA,1
1801729,"Nitori Holdings Co., Ltd.",NCLTY,OTC,0001801729,NITORI,0
1144215,ACUITY INC. (DE),AYI,NYSE,0001144215,ACUITY DE,1
1526125,GDS Holdings Ltd,GDS,Nasdaq,0001526125,GDS,1
1372920,New Oriental Education & Technology Group Inc.,EDU,NYSE,0001372920,NEW ORIENTAL EDUCATION TECHNOLOGY,1
1636519,Madison Square Garden Sports Corp.,MSGS,NYSE,0001636519,MADISON SQUARE GARDEN SPORTS,1
1192448,GLAUKOS Corp,GKOS,NYSE,0001192448,GLAUKOS,1
39263,"CULLEN/FROST BANKERS, INC.",CFR,NYSE,0000039263,CULLEN FROST BANKERS,1
1895262,Noble Corp plc,NE,NYSE,0001895262,NOBLE,1
1910139,Mobileye Global Inc.,MBLY,Nasdaq,0001910139,MOBILEYE GLOBAL,1
2042694,Primo Brands Corp,PRMB,NYSE,0002042694,PRIMO BRANDS,1
28917,"DILLARD'S, INC.",DDS,NYSE,0000028917,DILLARD S,1
1342874,Ternium S.A.,TX,NYSE,0001342874,TERNIUM S,1
1849253,"RYAN SPECIALTY HOLDINGS, INC.",RYAN,NYSE,0001849253,RYAN SPECIALTY,1
2025410,"StandardAero, Inc.",SARO,NYSE,0002025410,STANDARDAERO,1
1486159,Chord Energy Corp,CHRD,Nasdaq,0001486159,CHORD ENERGY,1
1326110,"ImmunityBio, Inc.",IBRX,Nasdaq,0001326110,IMMUNITYBIO,1
1000377,Vibra Energia S.A./ADR,VBREY,OTC,0001000377,VIBRA ENERGIA S ADR,0
921825,FIRST INDUSTRIAL REALTY TRUST INC,FR,NYSE,0000921825,FIRST INDUSTRIAL REALTY,1
1819989,Cipher Digital Inc.,CIFR,Nasdaq,0001819989,CIPHER DIGITAL,1
887343,"COLUMBIA BANKING SYSTEM, INC.",COLB,Nasdaq,0000887343,COLUMBIA BANKING SYSTEM,1
751364,"NNN REIT, INC.",NNN,NYSE,0000751364,NNN REIT,1
2040127,Karman Holdings Inc.,KRMN,NYSE,0002040127,KARMAN,1
30625,FLOWSERVE CORP,FLS,NYSE,0000030625,FLOWSERVE,1
1000228,HENRY SCHEIN INC,HSIC,Nasdaq,0001000228,HENRY SCHEIN,1
1288469,"MAXLINEAR, INC",MXL,Nasdaq,0001288469,MAXLINEAR,1
941221,ICL Group Ltd.,ICL,NYSE,0000941221,ICL,1
891103,"Match Group, Inc.",MTCH,Nasdaq,0000891103,MATCH,1
918608,ELDORADO GOLD CORP /FI,EGO,NYSE,0000918608,ELDORADO GOLD FI,1
1789832,Hess Midstream LP,HESM,NYSE,0001789832,HESS MIDSTREAM,1
880266,AGCO CORP /DE,AGCO,NYSE,0000880266,AGCO DE,1
1173382,CAE INC,CAE,NYSE,0001173382,CAE,1
6201,American Airlines Group Inc.,AAL,Nasdaq,0000006201,AMERICAN AIRLINES,1
915389,EASTMAN CHEMICAL CO,EMN,NYSE,0000915389,EASTMAN CHEMICAL,1
913290,Frontline plc,FRO,NYSE,0000913290,FRONTLINE,1
1646972,"Albertsons Companies, Inc.",ACI,NYSE,0001646972,ALBERTSONS COMPANIES,1
772406,"CIRRUS LOGIC, INC.",CRUS,Nasdaq,0000772406,CIRRUS LOGIC,1
1212545,WESTERN ALLIANCE BANCORPORATION,WAL,NYSE,0001212545,WESTERN ALLIANCE,1
1604778,"Qorvo, Inc.",QRVO,Nasdaq,0001604778,QORVO,1
1051627,AXT INC,AXTI,Nasdaq,0001051627,AXT,1
1296445,"ORMAT TECHNOLOGIES, INC.",ORA,NYSE,0001296445,ORMAT TECHNOLOGIES,1
1861560,"Nuvalent, Inc.",NUVL,Nasdaq,0001861560,NUVALENT,1
94845,LEVI STRAUSS & CO,LEVI,NYSE,0000094845,LEVI STRAUSS,1
1439288,Zurn Elkay Water Solutions Corp,ZWS,NYSE,0001439288,ZURN ELKAY WATER SOLUTIONS,1
1575515,"Sprouts Farmers Market, Inc.",SFM,Nasdaq,0001575515,SPROUTS FARMERS MARKET,1
1571283,"Rexford Industrial Realty, Inc.",REXR,NYSE,0001571283,REXFORD INDUSTRIAL REALTY,1
866291,"ALLEGRO MICROSYSTEMS, INC.",ALGM,Nasdaq,0000866291,ALLEGRO MICROSYSTEMS,1
1368622,AeroVironment Inc,AVAV,Nasdaq,0001368622,AEROVIRONMENT,1
1800667,JFrog Ltd,FROG,Nasdaq,0001800667,JFROG,1
2015845,"Everus Construction Group, Inc.",ECG,NYSE,0002015845,EVERUS CONSTRUCTION,1
1274173,JANUS HENDERSON GROUP PLC,JHG,NYSE,0001274173,JANUS HENDERSON,1
1159036,"HALOZYME THERAPEUTICS, INC.",HALO,Nasdaq,0001159036,HALOZYME THERAPEUTICS,1
1723690,Bilibili Inc.,BILI,Nasdaq,0001723690,BILIBILI,1
98362,TIMKEN CO,TKR,NYSE,0000098362,TIMKEN,1
22444,COMMERCIAL METALS Co,CMC,NYSE,0000022444,COMMERCIAL METALS,1
1717115,"Tempus AI, Inc.",TEM,Nasdaq,0001717115,TEMPUS AI,1
1856314,"Clear Secure, Inc.",YOU,NYSE,0001856314,CLEAR SECURE,1
1451505,Transocean Ltd.,RIG,NYSE,0001451505,TRANSOCEAN,1
1109138,CAMTEK LTD,CAMT,Nasdaq,0001109138,CAMTEK,1
1035443,"ALEXANDRIA REAL ESTATE EQUITIES, INC.",ARE,NYSE,0001035443,ALEXANDRIA REAL ESTATE EQUITIES,1
1603923,Weatherford International plc,WFRD,Nasdaq,0001603923,WEATHERFORD INTERNATIONAL,1
893538,SM Energy Co,SM,NYSE,0000893538,SM ENERGY,1
56047,KIRBY CORP,KEX,NYSE,0000056047,KIRBY,1
1004434,"AFFILIATED MANAGERS GROUP, INC.",AMG,NYSE,0001004434,AFFILIATED MANAGERS,1
2019061,South Bow Corp,SOBO,NYSE,0002019061,SOUTH BOW,1
1056696,MANHATTAN ASSOCIATES INC,MANH,Nasdaq,0001056696,MANHATTAN ASSOCIATES,1
1057877,IDACORP INC,IDA,NYSE,0001057877,IDACORP,1
1013237,FACTSET RESEARCH SYSTEMS INC,FDS,NYSE,0001013237,FACTSET RESEARCH SYSTEMS,1
91142,SMITH A O CORP,AOS,NYSE,0000091142,SMITH O,1
70145,NATIONAL FUEL GAS CO,NFG,NYSE,0000070145,FUEL GAS,1
1341766,"Celsius Holdings, Inc.",CELH,Nasdaq,0001341766,CELSIUS,1
1839341,"Core Scientific, Inc./tx",CORZ,Nasdaq,0001839341,CORE SCIENTIFIC TX,1
39911,GAP INC,GAP,NYSE,0000039911,GAP,1
1616707,Wayfair Inc.,W,NYSE,0001616707,WAYFAIR,1
875357,BOK FINANCIAL CORP,BOKF,Nasdaq,0000875357,BOK,1
1822993,Jackson Financial Inc.,JXN,NYSE,0001822993,JACKSON,1
24545,MOLSON COORS BEVERAGE CO,TAP,NYSE,0000024545,MOLSON COORS BEVERAGE,1
2030781,"SailPoint, Inc.",SAIL,Nasdaq,0002030781,SAILPOINT,1
1762506,"Vista Energy, S.A.B. de C.V.",VIST,NYSE,0001762506,VISTA ENERGY S B DE C V,1
1649094,"Vaxcyte, Inc.",PCVX,Nasdaq,0001649094,VAXCYTE,1
1316835,"Builders FirstSource, Inc.",BLDR,NYSE,0001316835,BUILDERS FIRSTSOURCE,1
1907982,D-Wave Quantum Inc.,QBTS,NYSE,0001907982,D WAVE QUANTUM,1
866706,ESCO TECHNOLOGIES INC,ESE,NYSE,0000866706,ESCO TECHNOLOGIES,1
775158,OSHKOSH CORP,OSK,NYSE,0000775158,OSHKOSH,1
1869198,"Life Time Group Holdings, Inc.",LTH,NYSE,0001869198,LIFE TIME,1
1520006,Matador Resources Co,MTDR,NYSE,0001520006,MATADOR RESOURCES,1
2088896,"X-Energy, Inc.",XE,Nasdaq,0002088896,X ENERGY,1
1698535,NexGen Energy Ltd.,NXE,NYSE,0001698535,NEXGEN ENERGY,1
22356,COMMERCE BANCSHARES INC /MO/,CBSH,Nasdaq,0000022356,COMMERCE BANCSHARES MO,1
1535929,"Voya Financial, Inc.",VOYA,NYSE,0001535929,VOYA,1
1479094,"STAG Industrial, Inc.",STAG,NYSE,0001479094,STAG INDUSTRIAL,1
1510599,PIMCO Dynamic Income Fund,PDI,NYSE,0001510599,PIMCO DYNAMIC INCOME FUND,1
920371,"Simpson Manufacturing Co., Inc.",SSD,NYSE,0000920371,SIMPSON MANUFACTURING,1
1697500,"Solaris Energy Infrastructure, Inc.",SEI,NYSE,0001697500,SOLARIS ENERGY INFRASTRUCTURE,1
896622,"APTARGROUP, INC.",ATR,NYSE,0000896622,APTARGROUP,1
1021860,NOV Inc.,NOV,NYSE,0001021860,NOV,1
314808,Valaris Ltd,VAL,NYSE,0000314808,VALARIS,1
1214816,AXIS CAPITAL HOLDINGS LTD,AXS,NYSE,0001214816,AXIS CAPITAL,1
884614,UGI CORP /PA/,UGI,NYSE,0000884614,UGI PA,1
700923,MYR GROUP INC.,MYRG,Nasdaq,0000700923,MYR,1
1866368,"Clearwater Analytics Holdings, Inc.",CWAN,NYSE,0001866368,CLEARWATER ANALYTICS,1
1100682,"CHARLES RIVER LABORATORIES INTERNATIONAL, INC.",CRL,NYSE,0001100682,CHARLES RIVER LABORATORIES INTERNATIONAL,1
1669162,"Kinsale Capital Group, Inc.",KNSL,NYSE,0001669162,KINSALE CAPITAL,1
714310,VALLEY NATIONAL BANCORP,VLY,Nasdaq,0000714310,VALLEY,1
1038074,SILICON LABORATORIES INC.,SLAB,Nasdaq,0001038074,SILICON LABORATORIES,1
1513761,Norwegian Cruise Line Holdings Ltd.,NCLH,NYSE,0001513761,NORWEGIAN CRUISE LINE,1
1360604,Healthcare Realty Trust Inc,HR,NYSE,0001360604,HEALTHCARE REALTY,1
1477294,Sensata Technologies Holding plc,ST,NYSE,0001477294,SENSATA TECHNOLOGIES,1
2041918,Lottomatica Group S.p.A./ADR,LOTMY,OTC,0002041918,LOTTOMATICA S P ADR,0
1969729,Rockwool A/S/ADR,RCWLY,OTC,0001969729,ROCKWOOL S ADR,0
1568651,"Oscar Health, Inc.",OSCR,NYSE,0001568651,OSCAR HEALTH,1
1487326,OceanaGold Corp,OGC,NYSE,0001487326,OCEANAGOLD,1
1611052,"PROCORE TECHNOLOGIES, INC.",PCOR,NYSE,0001611052,PROCORE TECHNOLOGIES,1
1463101,"Enphase Energy, Inc.",ENPH,Nasdaq,0001463101,ENPHASE ENERGY,1
1285785,MOSAIC CO,MOS,NYSE,0001285785,MOSAIC,1
785786,PLEXUS CORP,PLXS,Nasdaq,0000785786,PLEXUS,1
8858,AVNET INC,AVT,Nasdaq,0000008858,AVNET,1
1114700,GRUPO FINANCIERO GALICIA SA,GGAL,Nasdaq,0001114700,GRUPO FINANCIERO GALICIA SA,1
1428336,"HEALTHEQUITY, INC.",HQY,Nasdaq,0001428336,HEALTHEQUITY,1
1476150,Terreno Realty Corp,TRNO,NYSE,0001476150,TERRENO REALTY,1
97216,TEREX CORP,TEX,NYSE,0000097216,TEREX,1
1472787,First American Financial Corp,FAF,NYSE,0001472787,FIRST AMERICAN,1
1971542,QMMM Holdings Ltd,QMMM,Nasdaq,0001971542,QMMM,1
1627272,OR Royalties Inc.,OR,NYSE,0001627272,OR ROYALTIES,1
1654795,Brookfield Business Corp,BBUC,NYSE,0001654795,BROOKFIELD BUSINESS,1
944695,"HANOVER INSURANCE GROUP, INC.",THG,NYSE,0000944695,HANOVER INSURANCE,1
1015820,QIAGEN N.V.,QGEN,NYSE,0001015820,QIAGEN V,1
831641,TETRA TECH INC,TTEK,Nasdaq,0000831641,TETRA TECH,1
277509,FEDERAL SIGNAL CORP /DE/,FSS,NYSE,0000277509,FEDERAL SIGNAL DE,1
842023,BIO-TECHNE Corp,TECH,Nasdaq,0000842023,BIO TECHNE,1
1815442,"Kymera Therapeutics, Inc.",KYMR,Nasdaq,0001815442,KYMERA THERAPEUTICS,1
1795586,"Chime Financial, Inc.",CHYM,Nasdaq,0001795586,CHIME,1
1405495,"InterDigital, Inc.",IDCC,Nasdaq,0001405495,INTERDIGITAL,1
1068851,PROSPERITY BANCSHARES INC,PB,NYSE,0001068851,PROSPERITY BANCSHARES,1
1529192,Vipshop Holdings Ltd,VIPS,NYSE,0001529192,VIPSHOP,1
769520,MIDDLEBY Corp,MIDD,Nasdaq,0000769520,MIDDLEBY,1
1796022,StepStone Group Inc.,STEP,Nasdaq,0001796022,STEPSTONE,1
1334933,URANIUM ENERGY CORP,UEC,NYSE,0001334933,URANIUM ENERGY,1
717605,HEXCEL CORP /DE/,HXL,NYSE,0000717605,HEXCEL DE,1
1878057,Super Group (SGHC) Ltd,SGHC,NYSE,0001878057,SUPER SGHC,1
1718227,"Construction Partners, Inc.",ROAD,Nasdaq,0001718227,CONSTRUCTION PARTNERS,1
842162,LEAR CORP,LEA,NYSE,0000842162,LEAR,1
2041385,Ralliant Corp,RAL,NYSE,0002041385,RALLIANT,1
7431,ARMSTRONG WORLD INDUSTRIES INC,AWI,NYSE,0000007431,ARMSTRONG WORLD INDUSTRIES,1
1791863,Brookfield Renewable Corp,BEPC,NYSE,0001791863,BROOKFIELD RENEWABLE,1
12208,"BIO-RAD LABORATORIES, INC.",BIO,NYSE,0000012208,BIO RAD LABORATORIES,1
1603454,Celcuity Inc.,CELC,Nasdaq,0001603454,CELCUITY,1
1040829,"Ryman Hospitality Properties, Inc.",RHP,NYSE,0001040829,RYMAN HOSPITALITY PROPERTIES,1
2044984,Ariston Holding N.V./ADR,ARSTY,OTC,0002044984,ARISTON V ADR,0
66570,MSA Safety Inc,MSA,NYSE,0000066570,MSA SAFETY,1
1829726,Triple Flag Precious Metals Corp.,TFPM,NYSE,0001829726,TRIPLE FLAG PRECIOUS METALS,1
1164863,Enpro Inc.,NPO,NYSE,0001164863,ENPRO,1
59558,LINCOLN NATIONAL CORP,LNC,NYSE,0000059558,LINCOLN,1
1499620,TAL Education Group,TAL,NYSE,0001499620,TAL EDUCATION,1
1377121,"Protagonist Therapeutics, Inc",PTGX,Nasdaq,0001377121,PROTAGONIST THERAPEUTICS,1
1108426,TXNM ENERGY INC,TXNM,NYSE,0001108426,TXNM ENERGY,1
802481,PILGRIMS PRIDE CORP,PPC,Nasdaq,0000802481,PILGRIMS PRIDE,1
1728951,"ESSENTIAL PROPERTIES REALTY TRUST, INC.",EPRT,NYSE,0001728951,ESSENTIAL PROPERTIES REALTY,1
1389050,"Archrock, Inc.",AROC,NYSE,0001389050,ARCHROCK,1
1109354,BRUKER CORP,BRKR,Nasdaq,0001109354,BRUKER,1
1433660,JBT MAREL Corp,JBTM,NYSE,0001433660,JBT MAREL,1
1429937,B2GOLD CORP,BTG,NYSE,0001429937,B2GOLD,1
103379,V F CORP,VFC,NYSE,0000103379,V F,1
1767042,"Kodiak Gas Services, Inc.",KGS,NYSE,0001767042,KODIAK GAS,1
1062579,AMDOCS LTD,DOX,Nasdaq,0001062579,AMDOCS,1
921638,SSR MINING INC.,SSRM,Nasdaq,0000921638,SSR MINING,1
1636282,"Spyre Therapeutics, Inc.",SYRE,Nasdaq,0001636282,SPYRE THERAPEUTICS,1
1465128,"STARWOOD PROPERTY TRUST, INC.",STWD,NYSE,0001465128,STARWOOD PROPERTY,1
1860160,Firefly Aerospace Inc.,FLY,Nasdaq,0001860160,FIREFLY AEROSPACE,1
1046257,Ingredion Inc,INGR,NYSE,0001046257,INGREDION,1
1289419,"Morningstar, Inc.",MORN,Nasdaq,0001289419,MORNINGSTAR,1
1693736,EquipmentShare.com Inc,EQPT,Nasdaq,0001693736,EQUIPMENTSHARE COM,1
23217,CONAGRA BRANDS INC.,CAG,NYSE,0000023217,CONAGRA BRANDS,1
1468642,Aura Minerals Inc.,AUGO,Nasdaq,0001468642,AURA MINERALS,1
945841,POOL CORP,POOL,Nasdaq,0000945841,POOL,1
1626115,PJT Partners Inc.,PJT,NYSE,0001626115,PJT PARTNERS,1
2065601,"Central Bancompany, Inc.",CBC,Nasdaq,0002065601,CENTRAL BANCOMPANY,1
1842827,Kanzhun Ltd,BZ,Nasdaq,0001842827,KANZHUN,1
1590955,"Paycom Software, Inc.",PAYC,NYSE,0001590955,PAYCOM SOFTWARE,1
1692115,"Southwest Gas Holdings, Inc.",SWX,NYSE,0001692115,SOUTHWEST GAS,1
1282637,NEWMARKET CORP,NEU,NYSE,0001282637,NEWMARKET,1
1065696,LKQ CORP,LKQ,Nasdaq,0001065696,LKQ,1
1520262,Alkermes plc.,ALKS,Nasdaq,0001520262,ALKERMES,1
1157557,ENERGY CO OF MINAS GERAIS,CIG,NYSE,0001157557,ENERGY OF MINAS GERAIS,1
899689,VORNADO REALTY TRUST,VNO,NYSE,0000899689,VORNADO REALTY,1
1467623,"DROPBOX, INC.",DBX,Nasdaq,0001467623,DROPBOX,1
1759425,"Mirum Pharmaceuticals, Inc.",MIRM,Nasdaq,0001759425,MIRUM PHARMACEUTICALS,1
1306830,Celanese Corp,CE,NYSE,0001306830,CELANESE,1
1649904,"RHYTHM PHARMACEUTICALS, INC.",RYTM,Nasdaq,0001649904,RHYTHM PHARMACEUTICALS,1
1793659,"Rush Street Interactive, Inc.",RSI,NYSE,0001793659,RUSH STREET INTERACTIVE,1
1124198,FLUOR CORP,FLR,NYSE,0001124198,FLUOR,1
1718512,Gates Industrial Corp plc,GTES,NYSE,0001718512,GATES INDUSTRIAL,1
350698,"AUTONATION, INC.",AN,NYSE,0000350698,AUTONATION,1
1094972,ULTRAPAR HOLDINGS INC,UGP,NYSE,0001094972,ULTRAPAR,1
912615,URBAN OUTFITTERS INC,URBN,Nasdaq,0000912615,URBAN OUTFITTERS,1
1584207,"OneMain Holdings, Inc.",OMF,NYSE,0001584207,ONEMAIN,1
1361538,Primoris Services Corp,PRIM,NYSE,0001361538,PRIMORIS,1
2084022,Sony Financial Group Inc./ADR,SFGYY,OTC,0002084022,SONY ADR,0
1847903,Centessa Pharmaceuticals plc,CNTA,Nasdaq,0001847903,CENTESSA PHARMACEUTICALS,1
40211,GATX CORP,GATX,NYSE,0000040211,GATX,1
1974640,"Apogee Therapeutics, Inc.",APGE,Nasdaq,0001974640,APOGEE THERAPEUTICS,1
918646,EAGLE MATERIALS INC,EXP,NYSE,0000918646,EAGLE MATERIALS,1
1521036,"Lantheus Holdings, Inc.",LNTH,Nasdaq,0001521036,LANTHEUS,1
1739445,"Arcosa, Inc.",ACA,NYSE,0001739445,ARCOSA,1
1679273,"Lamb Weston Holdings, Inc.",LW,NYSE,0001679273,LAMB WESTON,1
2067876,"Versant Media Group, Inc.",VSNT,Nasdaq,0002067876,VERSANT MEDIA,1
37808,FNB CORP/PA/,FNB,NYSE,0000037808,FNB PA,1
861459,GRANITE CONSTRUCTION INC,GVA,NYSE,0000861459,GRANITE CONSTRUCTION,1
1088856,CORCEPT THERAPEUTICS INC,CORT,Nasdaq,0001088856,CORCEPT THERAPEUTICS,1
1001316,"TG THERAPEUTICS, INC.",TGTX,Nasdaq,0001001316,TG THERAPEUTICS,1
20212,Churchill Downs Inc,CHDN,Nasdaq,0000020212,CHURCHILL DOWNS,1
1618563,National Storage Affiliates Trust,NSA,NYSE,0001618563,STORAGE AFFILIATES,1
1648512,Shimadzu Corporation/ADR,SHMXY,OTC,0001648512,SHIMADZU ADR,0
1823529,"Enact Holdings, Inc.",ACT,Nasdaq,0001823529,ENACT,1
1505880,Pandora A/S / ADR,PNDRY,OTC,0001505880,PANDORA S ADR,0
52827,RAYONIER INC,RYN,NYSE,0000052827,RAYONIER,1
1023128,LITHIA MOTORS INC,LAD,NYSE,0001023128,LITHIA MOTORS,1
853816,LANDSTAR SYSTEM INC,LSTR,Nasdaq,0000853816,LANDSTAR SYSTEM,1
1722684,"WYNDHAM HOTELS & RESORTS, INC.",WH,NYSE,0001722684,WYNDHAM HOTELS RESORTS,1
16732,CAMPBELL'S Co,CPB,Nasdaq,0000016732,CAMPBELL S,1
1142417,"NEXSTAR MEDIA GROUP, INC.",NXST,Nasdaq,0001142417,NEXSTAR MEDIA,1
1637810,FirstService Corp,FSV,Nasdaq,0001637810,FIRSTSERVICE,1
1838359,"Rigetti Computing, Inc.",RGTI,Nasdaq,0001838359,RIGETTI COMPUTING,1
2001184,"PACS Group, Inc.",PACS,NYSE,0002001184,PACS,1
1070081,"PTC THERAPEUTICS, INC.",PTCT,Nasdaq,0001070081,PTC THERAPEUTICS,1
868671,"GLACIER BANCORP, INC.",GBCI,NYSE,0000868671,GLACIER,1
1727196,Scholar Rock Holding Corp,SRRK,Nasdaq,0001727196,SCHOLAR ROCK,1
1991792,"CG Oncology, Inc.",CGON,Nasdaq,0001991792,CG ONCOLOGY,1
2044863,"Tokyo Metro Co., Ltd./ADR",TKMTY,OTC,0002044863,TOKYO METRO ADR,0
912242,MACERICH CO,MAC,NYSE,0000912242,MACERICH,1
851968,MOHAWK INDUSTRIES INC,MHK,NYSE,0000851968,MOHAWK INDUSTRIES,1
703351,"BRINKER INTERNATIONAL, INC",EAT,NYSE,0000703351,BRINKER INTERNATIONAL,1
1563190,"Compass, Inc.",COMP,NYSE,0001563190,COMPASS,1
764065,CLEVELAND-CLIFFS INC.,CLF,NYSE,0000764065,CLEVELAND CLIFFS,1
906553,BOYD GAMING CORP,BYD,NYSE,0000906553,BOYD GAMING,1
1003078,MSC INDUSTRIAL DIRECT CO INC,MSM,NYSE,0001003078,MSC INDUSTRIAL DIRECT,1
717423,MURPHY OIL CORP,MUR,NYSE,0000717423,MURPHY OIL,1
1897762,Ingram Micro Holding Corp,INGM,NYSE,0001897762,INGRAM MICRO,1
1050140,DESCARTES SYSTEMS GROUP INC,DSGX,Nasdaq,0001050140,DESCARTES SYSTEMS,1
1584273,"Sanrio Company, Ltd./ADR",SNROY,OTC,0001584273,SANRIO ADR,0
1207179,GOLAR LNG LTD,GLNG,Nasdaq,0001207179,GOLAR LNG,1
730272,REPLIGEN CORP,RGEN,Nasdaq,0000730272,REPLIGEN,1
1735707,Garrett Motion Inc.,GTX,Nasdaq,0001735707,GARRETT MOTION,1
1773751,"Hims & Hers Health, Inc.",HIMS,NYSE,0001773751,HIMS HERS HEALTH,1
1659939,Enel Chile S.A.,ENIC,NYSE,0001659939,ENEL CHILE S,1
356309,NEW JERSEY RESOURCES CORP,NJR,NYSE,0000356309,NEW JERSEY RESOURCES,1
19584,CHEMED CORP,CHE,NYSE,0000019584,CHEMED,1
1583708,"SentinelOne, Inc.",S,NYSE,0001583708,SENTINELONE,1
729986,UNITED BANKSHARES INC/WV,UBSI,Nasdaq,0000729986,UNITED BANKSHARES WV,1
1977102,Birkenstock Holding plc,BIRK,NYSE,0001977102,BIRKENSTOCK,1
96943,TELEFLEX INC,TFX,NYSE,0000096943,TELEFLEX,1
1616862,Axalta Coating Systems Ltd.,AXTA,NYSE,0001616862,AXALTA COATING SYSTEMS,1
1860742,Bausch & Lomb Corp,BLCO,NYSE,0001860742,BAUSCH LOMB,1
1591698,Paylocity Holding Corp,PCTY,Nasdaq,0001591698,PAYLOCITY,1
2003292,Klarna Group plc,KLAR,NYSE,0002003292,KLARNA,1
1581990,PLAINS GP HOLDINGS LP,PAGP,Nasdaq,0001581990,PLAINS GP,1
1889109,"BELITE BIO, INC",BLTE,Nasdaq,0001889109,BELITE BIO,1
885550,CREDIT ACCEPTANCE CORP,CACC,Nasdaq,0000885550,CREDIT ACCEPTANCE,1
1590895,"Caesars Entertainment, Inc.",CZR,Nasdaq,0001590895,CAESARS ENTERTAINMENT,1
1013857,PEGASYSTEMS INC,PEGA,Nasdaq,0001013857,PEGASYSTEMS,1
1580905,"Installed Building Products, Inc.",IBP,NYSE,0001580905,INSTALLED BUILDING PRODUCTS,1
1698990,Magnolia Oil & Gas Corp,MGY,NYSE,0001698990,MAGNOLIA OIL GAS,1
949157,CENTURY ALUMINUM CO,CENX,Nasdaq,0000949157,CENTURY ALUMINUM,1
2011286,"Amentum Holdings, Inc.",AMTM,NYSE,0002011286,AMENTUM,1
1230245,PIPER SANDLER COMPANIES,PIPR,NYSE,0001230245,PIPER SANDLER COMPANIES,1
1764013,"Immunovant, Inc.",IMVT,Nasdaq,0001764013,IMMUNOVANT,1
1692063,"Schneider National, Inc.",SNDR,NYSE,0001692063,SCHNEIDER,1
1622229,"Cogent Biosciences, Inc.",COGT,Nasdaq,0001622229,COGENT BIOSCIENCES,1
1638826,"ServiceTitan, Inc.",TTAN,Nasdaq,0001638826,SERVICETITAN,1
1736035,Blackstone Secured Lending Fund,BXSL,NYSE,0001736035,BLACKSTONE SECURED LENDING FUND,1
1448893,Essent Group Ltd.,ESNT,NYSE,0001448893,ESSENT,1
1655888,Blue Owl Capital Corp,OBDC,NYSE,0001655888,BLUE OWL CAPITAL,1
351569,Ameris Bancorp,ABCB,NYSE,0000351569,AMERIS,1
1579877,OUTFRONT Media Inc.,OUT,NYSE,0001579877,OUTFRONT MEDIA,1
1852244,"GXO Logistics, Inc.",GXO,NYSE,0001852244,GXO LOGISTICS,1
1130464,BLACK HILLS CORP /SD/,BKH,NYSE,0001130464,BLACK HILLS SD,1
1049521,MERCURY SYSTEMS INC,MRCY,Nasdaq,0001049521,MERCURY SYSTEMS,1
1370637,ETSY INC,ETSY,NYSE,0001370637,ETSY,1
910073,"FLAGSTAR BANK, NATIONAL ASSOCIATION",FLG,NYSE,0000910073,FLAGSTAR,1
813762,ICAHN ENTERPRISES L.P.,IEP,Nasdaq,0000813762,ICAHN ENTERPRISES L P,1
1002638,OPEN TEXT CORP,OTEX,Nasdaq,0001002638,OPEN TEXT,1
876437,MGIC INVESTMENT CORP,MTG,NYSE,0000876437,MGIC INVESTMENT,1
784977,PORTLAND GENERAL ELECTRIC CO /OR/,POR,NYSE,0000784977,PORTLAND GENERAL ELECTRIC OR,1
1476204,"Phillips Edison & Company, Inc.",PECO,Nasdaq,0001476204,PHILLIPS EDISON,1
1076930,NOVANTA INC,NOVT,Nasdaq,0001076930,NOVANTA,1
1970622,"USA Rare Earth, Inc.",USAR,Nasdaq,0001970622,USA RARE EARTH,1
64996,MERCURY GENERAL CORP,MCY,NYSE,0000064996,MERCURY GENERAL,1
3453,"Matson, Inc.",MATX,NYSE,0000003453,MATSON,1
1609253,California Resources Corp,CRC,NYSE,0001609253,CALIFORNIA RESOURCES,1
1844452,"Intuitive Machines, Inc.",LUNR,Nasdaq,0001844452,INTUITIVE MACHINES,1
1880319,"Perimeter Solutions, Inc.",PRM,NYSE,0001880319,PERIMETER SOLUTIONS,1
1872195,Bullish,BLSH,NYSE,0001872195,BULLISH,1
911177,CASELLA WASTE SYSTEMS INC,CWST,Nasdaq,0000911177,CASELLA WASTE SYSTEMS,1
1345105,"Copa Holdings, S.A.",CPA,NYSE,0001345105,COPA S,1
1877322,ESAB Corp,ESAB,NYSE,0001877322,ESAB,1
275880,PARSONS CORP,PSN,NYSE,0000275880,PARSONS,1
1286043,KITE REALTY GROUP TRUST,KRG,NYSE,0001286043,KITE REALTY,1
1433195,APPFOLIO INC,APPF,Nasdaq,0001433195,APPFOLIO,1
1694028,Liberty Energy Inc.,LBRT,NYSE,0001694028,LIBERTY ENERGY,1
2000178,Loar Holdings Inc.,LOAR,NYSE,0002000178,LOAR,1
1995807,LandBridge Co LLC,LB,NYSE,0001995807,LANDBRIDGE,1
1094831,"BGC Group, Inc.",BGC,Nasdaq,0001094831,BGC,1
1370418,STANDARD LIFE PLC,SLFPY,OTC,0001370418,STANDARD LIFE,0
1570827,"Victory Capital Holdings, Inc.",VCTR,Nasdaq,0001570827,VICTORY CAPITAL,1
1734722,"UiPath, Inc.",PATH,NYSE,0001734722,UIPATH,1
1012019,RUSH ENTERPRISES INC \TX\,RUSHA,Nasdaq,0001012019,RUSH ENTERPRISES TX,1
56978,KULICKE & SOFFA INDUSTRIES INC,KLIC,Nasdaq,0000056978,KULICKE SOFFA INDUSTRIES,1
1438472,"MIAMI INTERNATIONAL HOLDINGS, INC.",MIAX,NYSE,0001438472,MIAMI INTERNATIONAL,1
723612,"AVIS BUDGET GROUP, INC.",CAR,Nasdaq,0000723612,AVIS BUDGET,1
1853717,Atour Lifestyle Holdings Ltd,ATAT,Nasdaq,0001853717,ATOUR LIFESTYLE,1
776867,WHITE MOUNTAINS INSURANCE GROUP LTD,WTM,NYSE,0000776867,WHITE MOUNTAINS INSURANCE,1
230557,SELECTIVE INSURANCE GROUP INC,SIGI,Nasdaq,0000230557,SELECTIVE INSURANCE,1
1093691,PLUG POWER INC,PLUG,Nasdaq,0001093691,PLUG POWER,1
1071321,TURKCELL ILETISIM HIZMETLERI A S,TKC,NYSE,0001071321,TURKCELL ILETISIM HIZMETLERI S,1
1646188,Ondas Inc.,ONDS,Nasdaq,0001646188,ONDAS,1
1561894,"HA Sustainable Infrastructure Capital, Inc.",HASI,NYSE,0001561894,HA SUSTAINABLE INFRASTRUCTURE CAPITAL,1
1582313,Xenon Pharmaceuticals Inc.,XENE,Nasdaq,0001582313,XENON PHARMACEUTICALS,1
1857047,MDA Space Ltd.,MDA,NYSE,0001857047,MDA SPACE,1
1003935,NICE Ltd.,NICE,Nasdaq,0001003935,NICE,1
1600928,Hamamatsu Photonics K.K./ADR,HPHTY,OTC,0001600928,HAMAMATSU PHOTONICS K K ADR,0
1170010,CARMAX INC,KMX,NYSE,0001170010,CARMAX,1
1707753,Elastic N.V.,ESTC,NYSE,0001707753,ELASTIC V,1
1562088,"Duolingo, Inc.",DUOL,Nasdaq,0001562088,DUOLINGO,1
1438569,Grifols SA,GRFS,Nasdaq,0001438569,GRIFOLS SA,1
1722482,"Avantor, Inc.",AVTR,NYSE,0001722482,AVANTOR,1
1492298,"Sabra Health Care REIT, Inc.",SBRA,Nasdaq,0001492298,SABRA HEALTH CARE REIT,1
1653653,"Red Rock Resorts, Inc.",RRR,Nasdaq,0001653653,RED ROCK RESORTS,1
750577,HANCOCK WHITNEY CORP,HWC,Nasdaq,0000750577,HANCOCK WHITNEY,1
1650729,"SiteOne Landscape Supply, Inc.",SITE,NYSE,0001650729,SITEONE LANDSCAPE SUPPLY,1
1703056,ADT Inc.,ADT,NYSE,0001703056,ADT,1
883948,Atlantic Union Bankshares Corp,AUB,NYSE,0000883948,ATLANTIC UNION BANKSHARES,1
1331520,HOME BANCSHARES INC,HOMB,NYSE,0001331520,HOME BANCSHARES,1
1587732,"ONE Gas, Inc.",OGS,NYSE,0001587732,ONE GAS,1
1747777,Blue Owl Technology Finance Corp.,OTF,NYSE,0001747777,BLUE OWL TECHNOLOGY FINANCE,1
2070457,"Twenty One Capital, Inc.",XXI,NYSE,0002070457,TWENTY ONE CAPITAL,1
7789,ASSOCIATED BANC-CORP,ASB,NYSE,0000007789,ASSOCIATED BANC,1
1308547,"Dolby Laboratories, Inc.",DLB,NYSE,0001308547,DOLBY LABORATORIES,1
9326,BALCHEM CORP,BCPC,Nasdaq,0000009326,BALCHEM,1
1562476,Taylor Morrison Home Corp,TMHC,NYSE,0001562476,TAYLOR MORRISON HOME,1
1801198,Legend Biotech Corp,LEGN,Nasdaq,0001801198,LEGEND BIOTECH,1
1070412,CNX Resources Corp,CNX,NYSE,0001070412,CNX RESOURCES,1
1569650,Bank OZK,OZK,Nasdaq,0001569650,OZK,1
1556593,Rithm Capital Corp.,RITM,NYSE,0001556593,RITHM CAPITAL,1
932470,TELECOM ARGENTINA SA,TEO,NYSE,0000932470,TELECOM ARGENTINA SA,1
2093907,RENK Group AG/ADR,RKGRY,OTC,0002093907,RENK AG ADR,0
103730,VISHAY INTERTECHNOLOGY INC,VSH,NYSE,0000103730,VISHAY INTERTECHNOLOGY,1
1819576,Liquidia Corp,LQDA,Nasdaq,0001819576,LIQUIDIA,1
1126956,SPIRE INC,SR,NYSE,0001126956,SPIRE,1
14930,BRUNSWICK CORP,BC,NYSE,0000014930,BRUNSWICK,1
1534504,PBF Energy Inc.,PBF,NYSE,0001534504,PBF ENERGY,1
1672013,Acushnet Holdings Corp.,GOLF,NYSE,0001672013,ACUSHNET,1
2100805,"Janus Living, Inc.",JAN,NYSE,0002100805,JANUS LIVING,1
1615903,Intercorp Financial Services Inc.,IFS,NYSE,0001615903,INTERCORP,1
1821769,Navitas Semiconductor Corp,NVTS,Nasdaq,0001821769,NAVITAS SEMICONDUCTOR,1
1670061,Almonty Industries Inc.,ALM,Nasdaq,0001670061,ALMONTY INDUSTRIES,1
1378239,Central North Airport Group,OMAB,Nasdaq,0001378239,CENTRAL NORTH AIRPORT,1
817720,SYNAPTICS Inc,SYNA,Nasdaq,0000817720,SYNAPTICS,1
1482512,"Hudson Pacific Properties, Inc.",HPP,NYSE,0001482512,HUDSON PACIFIC PROPERTIES,1
1811414,QuantumScape Corp,QS,Nasdaq,0001811414,QUANTUMSCAPE,1
1759509,"Lyft, Inc.",LYFT,Nasdaq,0001759509,LYFT,1
1398659,Genpact LTD,G,NYSE,0001398659,GENPACT,1
1041803,PRICESMART INC,PSMT,Nasdaq,0001041803,PRICESMART,1
1278021,MARKETAXESS HOLDINGS INC,MKTX,Nasdaq,0001278021,MARKETAXESS,1
1849853,Stevanato Group S.p.A.,STVN,NYSE,0001849853,STEVANATO S P,1
890926,RADIAN GROUP INC,RDN,NYSE,0000890926,RADIAN,1
886977,METHANEX CORP,MEOH,Nasdaq,0000886977,METHANEX,1
1309108,WEX Inc.,WEX,NYSE,0001309108,WEX,1
60519,LOUISIANA-PACIFIC CORP,LPX,NYSE,0000060519,LOUISIANA PACIFIC,1
1788348,Brookfield Infrastructure Corp,BIPC,NYSE,0001788348,BROOKFIELD INFRASTRUCTURE,1
1820872,"Global Business Travel Group, Inc.",GBTG,NYSE,0001820872,GLOBAL BUSINESS TRAVEL,1
355811,GENTEX CORP,GNTX,Nasdaq,0000355811,GENTEX,1
1046311,CHOICE HOTELS INTERNATIONAL INC /DE,CHH,NYSE,0001046311,CHOICE HOTELS INTERNATIONAL DE,1
1352010,"EPAM Systems, Inc.",EPAM,NYSE,0001352010,EPAM SYSTEMS,1
794367,"Macy's, Inc.",M,NYSE,0000794367,MACY S,1
310142,SENSIENT TECHNOLOGIES CORP,SXT,NYSE,0000310142,SENSIENT TECHNOLOGIES,1
1783398,UWM Holdings Corp,UWMC,NYSE,0001783398,UWM,1
1290109,"LG Display Co., Ltd.",LPL,NYSE,0001290109,LG DISPLAY,1
1795250,Sphere Entertainment Co.,SPHR,NYSE,0001795250,SPHERE ENTERTAINMENT,1
1496919,MARFRIG GLOBAL FOODS S.A.,MBRFY,OTC,0001496919,MARFRIG GLOBAL FOODS S,0
1504764,Grupo Aval Acciones Y Valores S.A.,AVAL,NYSE,0001504764,GRUPO AVAL ACCIONES Y VALORES S,1
1317685,Alliance Laundry Holdings Inc.,ALH,NYSE,0001317685,ALLIANCE LAUNDRY,1
1113232,AXCELIS TECHNOLOGIES INC,ACLS,Nasdaq,0001113232,AXCELIS TECHNOLOGIES,1
102752,VSE CORP,VSEC,Nasdaq,0000102752,VSE,1
1639300,"Ollie's Bargain Outlet Holdings, Inc.",OLLI,Nasdaq,0001639300,OLLIE S BARGAIN OUTLET,1
1869666,Hapvida Participacoes e Investimentos S.A./ADR,HAPVY,OTC,0001869666,HAPVIDA PARTICIPACOES E INVESTIMENTOS S ADR,0
1782170,"Remitly Global, Inc.",RELY,Nasdaq,0001782170,REMITLY GLOBAL,1
1433642,Hamilton Lane INC,HLNE,Nasdaq,0001433642,HAMILTON LANE,1
1507605,"MARA Holdings, Inc.",MARA,Nasdaq,0001507605,MARA,1
1596967,Moelis & Co,MC,NYSE,0001596967,MOELIS,1
717954,UNIFIRST CORP,UNF,NYSE,0000717954,UNIFIRST,1
12659,H&R BLOCK INC,HRB,NYSE,0000012659,H R BLOCK,1
1334036,"Crocs, Inc.",CROX,Nasdaq,0001334036,CROCS,1
889900,PATTERSON UTI ENERGY INC,PTEN,Nasdaq,0000889900,PATTERSON UTI ENERGY,1
1299709,"Axos Financial, Inc.",AX,NYSE,0001299709,AXOS,1
1690585,"Dianthus Therapeutics, Inc. /DE/",DNTH,Nasdaq,0001690585,DIANTHUS THERAPEUTICS DE,1
1611983,Liberty Broadband Corp,LBRDA,Nasdaq,0001611983,LIBERTY BROADBAND,1
1507079,"Floor & Decor Holdings, Inc.",FND,NYSE,0001507079,FLOOR DECOR,1
104889,Graham Holdings Co,GHC,NYSE,0000104889,GRAHAM,1
913353,Colliers International Group Inc.,CIGI,Nasdaq,0000913353,COLLIERS INTERNATIONAL,1
1396440,Main Street Capital CORP,MAIN,NYSE,0001396440,MAIN STREET CAPITAL,1
1835963,Global-E Online Ltd.,GLBE,Nasdaq,0001835963,GLOBAL E ONLINE,1
84246,RLI CORP,RLI,NYSE,0000084246,RLI,1
1674416,CRISPR Therapeutics AG,CRSP,Nasdaq,0001674416,CRISPR THERAPEUTICS AG,1
1866226,Evolution Metals & Technologies Corp.,EMAT,Nasdaq,0001866226,EVOLUTION METALS TECHNOLOGIES,1
1639723,"Navan, Inc.",NAVN,Nasdaq,0001639723,NAVAN,1
1402388,"WEST FRASER TIMBER CO., LTD",WFG,NYSE,0001402388,WEST FRASER TIMBER,1
67716,MDU RESOURCES GROUP INC,MDU,NYSE,0000067716,MDU RESOURCES,1
1454144,Eregli Demir ve Celik Fabrikalari TAS/ADR,ERELY,OTC,0001454144,EREGLI DEMIR VE CELIK FABRIKALARI TAS ADR,0
2097163,Xanadu Quantum Technologies Ltd,XNDU,Nasdaq,0002097163,XANADU QUANTUM TECHNOLOGIES,1
1680056,Orla Mining Ltd.,ORLA,NYSE,0001680056,ORLA MINING,1
1824502,Archer Aviation Inc.,ACHR,NYSE,0001824502,ARCHER AVIATION,1
1364479,HERC HOLDINGS INC,HRI,NYSE,0001364479,HERC,1
91767,SONOCO PRODUCTS CO,SON,NYSE,0000091767,SONOCO PRODUCTS,1
1051512,TELEPHONE & DATA SYSTEMS INC /DE/,TDS,NYSE,0001051512,TELEPHONE DATA SYSTEMS DE,1
887153,"GRUPO SIMEC, S.A.B. de C.V.",SIM,NYSE,0000887153,GRUPO SIMEC S B DE C V,1
1385849,ENERGY FUELS INC,UUUU,NYSE,0001385849,ENERGY FUELS,1
29002,DIODES INC /DEL/,DIOD,Nasdaq,0000029002,DIODES DEL,1
1795589,Kingsoft Cloud Holdings Ltd,KC,Nasdaq,0001795589,KINGSOFT CLOUD,1
1516324,Barratt Developments PLC/ADR,BTDPY,OTC,0001516324,BARRATT DEVELOPMENTS ADR,0
1530950,"Post Holdings, Inc.",POST,NYSE,0001530950,POST,1
1611005,Kenon Holdings Ltd.,KEN,NYSE,0001611005,KENON,1
1449664,CTF Services Ltd,NWSGY,OTC,0001449664,CTF,0
1657573,"Xometry, Inc.",XMTR,Nasdaq,0001657573,XOMETRY,1
1347426,Macro Bank Inc.,BMA,NYSE,0001347426,MACRO,1
912767,UFP INDUSTRIES INC,UFPI,Nasdaq,0000912767,UFP INDUSTRIES,1
1258602,NELNET INC,NNI,NYSE,0001258602,NELNET,1
1026214,FEDERAL HOME LOAN MORTGAGE CORP,FMCC,OTC,0001026214,FEDERAL HOME LOAN MORTGAGE,0
1691303,"WARRIOR MET COAL, INC.",HCC,NYSE,0001691303,WARRIOR MET COAL,1
912766,"LAUREATE EDUCATION, INC.",LAUR,Nasdaq,0000912766,LAUREATE EDUCATION,1
2063196,Netskope Inc,NTSK,Nasdaq,0002063196,NETSKOPE,1
1482981,"Vita Coco Company, Inc.",COCO,Nasdaq,0001482981,VITA COCO,1
88121,SEABOARD CORP /DE/,SEB,NYSE,0000088121,SEABOARD DE,1
1786431,Reynolds Consumer Products Inc.,REYN,Nasdaq,0001786431,REYNOLDS CONSUMER PRODUCTS,1
36029,FIRST FINANCIAL BANKSHARES INC,FFIN,Nasdaq,0000036029,FIRST BANKSHARES,1
1311370,"Lazard, Inc.",LAZ,NYSE,0001311370,LAZARD,1
1745916,"PennyMac Financial Services, Inc.",PFSI,NYSE,0001745916,PENNYMAC,1
1809987,"Mirion Technologies, Inc.",MIR,NYSE,0001809987,MIRION TECHNOLOGIES,1
2017206,"Millrose Properties, Inc.",MRP,NYSE,0002017206,MILLROSE PROPERTIES,1
1174169,ALGONQUIN POWER & UTILITIES CORP.,AQN,NYSE,0001174169,ALGONQUIN POWER UTILITIES,1
1647088,WillScot Holdings Corp,WSC,Nasdaq,0001647088,WILLSCOT,1
931427,GAS TRANSPORTER OF THE SOUTH INC,TGS,NYSE,0000931427,GAS TRANSPORTER OF SOUTH,1
1815846,MINISO Group Holding Ltd,MNSO,NYSE,0001815846,MINISO,1
315709,INTERNATIONAL BANCSHARES CORP,IBOC,Nasdaq,0000315709,INTERNATIONAL BANCSHARES,1
63276,MATTEL INC /DE/,MAT,Nasdaq,0000063276,MATTEL DE,1
1418819,Iridium Communications Inc.,IRDM,Nasdaq,0001418819,IRIDIUM COMMUNICATIONS,1
1610250,"Boot Barn Holdings, Inc.",BOOT,NYSE,0001610250,BOOT BARN,1
1045450,EPR PROPERTIES,EPR,NYSE,0001045450,EPR PROPERTIES,1
1830918,Montage Gold Corp.,MAUTF,OTC,0001830918,MONTAGE GOLD,0
1224608,"CNO Financial Group, Inc.",CNO,NYSE,0001224608,CNO,1
1815779,Hafnia Ltd,HAFN,NYSE,0001815779,HAFNIA,1
1111928,IPG PHOTONICS CORP,IPGP,Nasdaq,0001111928,IPG PHOTONICS,1
1822479,Sotera Health Co,SHC,Nasdaq,0001822479,SOTERA HEALTH,1
1730430,"Kiniksa Pharmaceuticals International, plc",KNSA,Nasdaq,0001730430,KINIKSA PHARMACEUTICALS INTERNATIONAL,1
2098425,"Beijing Geekplus Technology Co., Ltd./ADR",BJGPY,OTC,0002098425,BEIJING GEEKPLUS TECHNOLOGY ADR,0
1563411,CONSTELLIUM SE,CSTM,NYSE,0001563411,CONSTELLIUM SE,1
1625297,"Indivior Pharmaceuticals, Inc.",INDV,Nasdaq,0001625297,INDIVIOR PHARMACEUTICALS,1
23194,COMSTOCK RESOURCES INC,CRK,NYSE,0000023194,COMSTOCK RESOURCES,1
1604481,CMB.TECH NV,CMBT,NYSE,0001604481,CMB TECH NV,1
887936,"FTI CONSULTING, INC",FCN,NYSE,0000887936,FTI CONSULTING,1
812011,VAIL RESORTS INC,MTN,NYSE,0000812011,VAIL RESORTS,1
1005284,UNIVERSAL DISPLAY CORP \PA\,OLED,Nasdaq,0001005284,UNIVERSAL DISPLAY PA,1
821130,"ARRAY DIGITAL INFRASTRUCTURE, INC.",AD,NYSE,0000821130,ARRAY DIGITAL INFRASTRUCTURE,1
1993004,"NorthWestern Energy Group, Inc.",NWE,Nasdaq,0001993004,NORTHWESTERN ENERGY,1
1727263,"Frontdoor, Inc.",FTDR,Nasdaq,0001727263,FRONTDOOR,1
1978954,BBB FOODS INC,TBBB,NYSE,0001978954,BBB FOODS,1
1955520,Knife River Corp,KNF,NYSE,0001955520,KNIFE RIVER,1
1866175,Crescent Energy Co,CRGY,NYSE,0001866175,CRESCENT ENERGY,1
1835830,"Klaviyo, Inc.",KVYO,NYSE,0001835830,KLAVIYO,1
1522727,"USA Compression Partners, LP",USAC,NYSE,0001522727,USA COMPRESSION PARTNERS,1
1381668,TFS Financial CORP,TFSL,Nasdaq,0001381668,TFS,1
1740332,"RESIDEO TECHNOLOGIES, INC.",REZI,NYSE,0001740332,RESIDEO TECHNOLOGIES,1
1169561,COMMVAULT SYSTEMS INC,CVLT,Nasdaq,0001169561,COMMVAULT SYSTEMS,1
1851003,Zeta Global Holdings Corp.,ZETA,NYSE,0001851003,ZETA GLOBAL,1
886163,LIGAND PHARMACEUTICALS INC,LGND,Nasdaq,0000886163,LIGAND PHARMACEUTICALS,1
78890,BRINKS CO,BCO,NYSE,0000078890,BRINKS,1
1624794,"CSW INDUSTRIALS, INC.",CSW,NYSE,0001624794,CSW INDUSTRIALS,1
1469395,Pampa Energy Inc.,PAM,NYSE,0001469395,PAMPA ENERGY,1
1124796,"NLIGHT, INC.",LASR,Nasdaq,0001124796,NLIGHT,1
1104657,MATERION Corp,MTRN,NYSE,0001104657,MATERION,1
935036,"ACI WORLDWIDE, INC.",ACIW,Nasdaq,0000935036,ACI WORLDWIDE,1
25232,COUSINS PROPERTIES INC,CUZ,NYSE,0000025232,COUSINS PROPERTIES,1
38725,FRANKLIN ELECTRIC CO INC,FELE,Nasdaq,0000038725,FRANKLIN ELECTRIC,1
1801169,Opendoor Technologies Inc.,OPEN,Nasdaq,0001801169,OPENDOOR TECHNOLOGIES,1
1114995,IMPINJ INC,PI,Nasdaq,0001114995,IMPINJ,1
1680062,"ACM Research, Inc.",ACMR,Nasdaq,0001680062,ACM RESEARCH,1
1673743,"Hinge Health, Inc.",HNGE,NYSE,0001673743,HINGE HEALTH,1
1921963,Atmus Filtration Technologies Inc.,ATMU,NYSE,0001921963,ATMUS FILTRATION TECHNOLOGIES,1
8947,AZZ INC,AZZ,NYSE,0000008947,AZZ,1
2044153,NGEx Minerals Ltd.,NGXXF,OTC,0002044153,NGEX MINERALS,0
1297989,"ExlService Holdings, Inc.",EXLS,Nasdaq,0001297989,EXLSERVICE,1
77543,TUTOR PERINI CORP,TPC,NYSE,0000077543,TUTOR PERINI,1
1077428,TEXAS CAPITAL BANCSHARES INC/TX,TCBI,Nasdaq,0001077428,TEXAS CAPITAL BANCSHARES TX,1
730464,Covista Inc.,CVSA,NYSE,0000730464,COVISTA,1
1679049,"International Seaways, Inc.",INSW,NYSE,0001679049,INTERNATIONAL SEAWAYS,1
1434588,"Grand Canyon Education, Inc.",LOPE,Nasdaq,0001434588,GRAND CANYON EDUCATION,1
16040,CABOT CORP,CBT,NYSE,0000016040,CABOT,1
1637207,"Planet Fitness, Inc.",PLNT,NYSE,0001637207,PLANET FITNESS,1
1750,AAR CORP,AIR,NYSE,0000001750,AAR,1
1710366,"Core Natural Resources, Inc.",CNR,NYSE,0001710366,CORE NATURAL RESOURCES,1
78150,PLDT Inc.,PHI,NYSE,0000078150,PLDT,1
1794669,"Shift4 Payments, Inc.",FOUR,NYSE,0001794669,SHIFT4 PAYMENTS,1
2071778,Fermi Inc.,FRMI,Nasdaq,0002071778,FERMI,1
1936258,NewAmsterdam Pharma Co N.V.,NAMS,Nasdaq,0001936258,NEWAMSTERDAM PHARMA V,1
1827635,"Veradermics, Inc",MANE,NYSE,0001827635,VERADERMICS,1
913142,BELDEN INC.,BDC,NYSE,0000913142,BELDEN,1
766421,"ALASKA AIR GROUP, INC.",ALK,NYSE,0000766421,ALASKA AIR,1
1674910,VALVOLINE INC,VVV,NYSE,0001674910,VALVOLINE,1
1810546,"Eastern Bankshares, Inc.",EBC,Nasdaq,0001810546,EASTERN BANKSHARES,1
2035057,Inficon Holding AG/ADR,IFHLY,OTC,0002035057,INFICON AG ADR,0
790526,"RadNet, Inc.",RDNT,Nasdaq,0000790526,RADNET,1
2085236,AUMOVIO SE,AMVOY,OTC,0002085236,AUMOVIO SE,0
2019410,"Caris Life Sciences, Inc.",CAI,Nasdaq,0002019410,CARIS LIFE SCIENCES,1
1495153,MakeMyTrip Ltd,MMYT,Nasdaq,0001495153,MAKEMYTRIP,1
1056288,"FEDERATED HERMES, INC.",FHI,NYSE,0001056288,FEDERATED HERMES,1
1519751,"Fortune Brands Innovations, Inc.",FBIN,NYSE,0001519751,FORTUNE BRANDS INNOVATIONS,1
1430723,"ServisFirst Bancshares, Inc.",SFBS,NYSE,0001430723,SERVISFIRST BANCSHARES,1
1748797,BRP Inc.,DOO,Nasdaq,0001748797,BRP,1
98222,TIDEWATER INC,TDW,NYSE,0000098222,TIDEWATER,1
1455863,AMERICOLD REALTY TRUST,COLD,NYSE,0001455863,AMERICOLD REALTY,1
1483934,Scorpio Tankers Inc.,STNG,NYSE,0001483934,SCORPIO TANKERS,1
833640,POWER INTEGRATIONS INC,POWI,Nasdaq,0000833640,POWER INTEGRATIONS,1
1529864,"Enova International, Inc.",ENVA,NYSE,0001529864,ENOVA INTERNATIONAL,1
1888447,"Excelerate Energy, Inc.",EE,NYSE,0001888447,EXCELERATE ENERGY,1
899715,TANGER INC.,SKT,NYSE,0000899715,TANGER,1
1997464,Marex Group plc,MRX,Nasdaq,0001997464,MAREX,1
1025996,KILROY REALTY CORP,KRC,NYSE,0001025996,KILROY REALTY,1
806628,DNP SELECT INCOME FUND INC,DNP,NYSE,0000806628,DNP SELECT INCOME FUND,1
1571123,Science Applications International Corp,SAIC,Nasdaq,0001571123,SCIENCE APPLICATIONS INTERNATIONAL,1
1516536,Rightmove PLC/ADR,RMVEY,OTC,0001516536,RIGHTMOVE ADR,0
1786352,"BILL Holdings, Inc.",BILL,NYSE,0001786352,BILL,1
1653482,Gitlab Inc.,GTLB,Nasdaq,0001653482,GITLAB,1
1032033,SLM Corp,SLM,Nasdaq,0001032033,SLM,1
1350593,"Mueller Water Products, Inc.",MWA,NYSE,0001350593,MUELLER WATER PRODUCTS,1
1489079,Adaro Energy PT/ADR/,ADOOY,OTC,0001489079,ADARO ENERGY PT ADR,0
1424182,"Broadstone Net Lease, Inc.",BNL,NYSE,0001424182,BROADSTONE NET LEASE,1
1438533,"Travere Therapeutics, Inc.",TVTX,Nasdaq,0001438533,TRAVERE THERAPEUTICS,1
1699136,"Cactus, Inc.",WHD,NYSE,0001699136,CACTUS,1
833079,Meritage Homes CORP,MTH,NYSE,0000833079,MERITAGE HOMES,1
46765,"Helmerich & Payne, Inc.",HP,NYSE,0000046765,HELMERICH PAYNE,1
700564,FULTON FINANCIAL CORP,FULT,Nasdaq,0000700564,FULTON,1
1786842,Vontier Corp,VNT,NYSE,0001786842,VONTIER,1
1691421,"Lemonade, Inc.",LMND,NYSE,0001691421,LEMONADE,1
2065708,Andersen Group Inc.,ANDG,NYSE,0002065708,ANDERSEN,1
1361658,Travel & Leisure Co.,TNL,NYSE,0001361658,TRAVEL LEISURE,1
730263,THOR INDUSTRIES INC,THO,NYSE,0000730263,THOR INDUSTRIES,1
1570585,Liberty Global Ltd.,LBTYA,Nasdaq,0001570585,LIBERTY GLOBAL,1
1069878,TREX CO INC,TREX,NYSE,0001069878,TREX,1
1985406,"Nippon Express Holdings, Inc./ADR",NEXHY,OTC,0001985406,NIPPON EXPRESS ADR,0
1822966,NUSCALE POWER Corp,SMR,NYSE,0001822966,NUSCALE POWER,1
1717393,CORPORACION AMERICA AIRPORTS S.A.,CAAP,NYSE,0001717393,CORPORACION AMERICA AIRPORTS S,1
1658247,"Crinetics Pharmaceuticals, Inc.",CRNX,Nasdaq,0001658247,CRINETICS PHARMACEUTICALS,1
2067129,Neptune Insurance Holdings Inc.,NP,NYSE,0002067129,NEPTUNE INSURANCE,1
849869,SILGAN HOLDINGS INC,SLGN,NYSE,0000849869,SILGAN,1
1466085,"INDEPENDENCE REALTY TRUST, INC.",IRT,NYSE,0001466085,INDEPENDENCE REALTY,1
1263994,REAVES UTILITY INCOME FUND,UTG,NYSE,0001263994,REAVES UTILITY INCOME FUND,1
1275014,"Ultra Clean Holdings, Inc.",UCTT,Nasdaq,0001275014,ULTRA CLEAN,1
1639691,LivaNova PLC,LIVN,Nasdaq,0001639691,LIVANOVA,1
857855,UNITED COMMUNITY BANKS INC,UCB,NYSE,0000857855,UNITED COMMUNITY,1
1868941,"Fluence Energy, Inc.",FLNC,Nasdaq,0001868941,FLUENCE ENERGY,1
2070849,"BillionToOne, Inc.",BLLN,Nasdaq,0002070849,BILLIONTOONE,1
1369568,"CATALYST PHARMACEUTICALS, INC.",CPRX,Nasdaq,0001369568,CATALYST PHARMACEUTICALS,1
1357615,"KBR, INC.",KBR,NYSE,0001357615,KBR,1
1144800,TRANSALTA CORP,TAC,NYSE,0001144800,TRANSALTA,1
1723128,"Amneal Pharmaceuticals, Inc.",AMRX,Nasdaq,0001723128,AMNEAL PHARMACEUTICALS,1
1981792,Howard Hughes Holdings Inc.,HHH,NYSE,0001981792,HOWARD HUGHES,1
1713748,Skeena Resources Ltd,SKE,NYSE,0001713748,SKEENA RESOURCES,1
1757073,Envista Holdings Corp,NVST,NYSE,0001757073,ENVISTA,1
73756,OCEANEERING INTERNATIONAL INC,OII,NYSE,0000073756,OCEANEERING INTERNATIONAL,1
1692787,Kinetik Holdings Inc.,KNTK,NYSE,0001692787,KINETIK,1
806968,WPP plc,WPP,NYSE,0000806968,WPP,1
1964504,Aris Mining Corp,ARIS,NYSE,0001964504,ARIS MINING,1
1419612,"SOLAREDGE TECHNOLOGIES, INC.",SEDG,Nasdaq,0001419612,SOLAREDGE TECHNOLOGIES,1
1157408,"Stride, Inc.",LRN,NYSE,0001157408,STRIDE,1
50725,GRIFFON CORP,GFF,NYSE,0000050725,GRIFFON,1
1866364,Webull Corp,BULL,Nasdaq,0001866364,WEBULL,1
886346,KADANT INC,KAI,NYSE,0000886346,KADANT,1
1388658,"iRhythm Holdings, Inc.",IRTC,Nasdaq,0001388658,IRHYTHM,1
1279495,BAYTEX ENERGY CORP.,BTE,NYSE,0001279495,BAYTEX ENERGY,1
907654,"Oruka Therapeutics, Inc.",ORKA,Nasdaq,0000907654,ORUKA THERAPEUTICS,1
1468091,VEON Ltd.,VEON,Nasdaq,0001468091,VEON,1
1031203,GROUP 1 AUTOMOTIVE INC,GPI,NYSE,0001031203,1 AUTOMOTIVE,1
861842,CATHAY GENERAL BANCORP,CATY,Nasdaq,0000861842,CATHAY GENERAL,1
1934850,"F&G Annuities & Life, Inc.",FG,NYSE,0001934850,F G ANNUITIES LIFE,1
1845338,monday.com Ltd.,MNDY,Nasdaq,0001845338,MONDAY COM,1
90896,"Champion Homes, Inc.",SKY,NYSE,0000090896,CHAMPION HOMES,1
1395942,"OPENLANE, Inc.",OPLN,NYSE,0001395942,OPENLANE,1
1836470,Sportradar Group AG,SRAD,Nasdaq,0001836470,SPORTRADAR AG,1
1784570,"BETA Technologies, Inc.",BETA,NYSE,0001784570,BETA TECHNOLOGIES,1
1466593,Otter Tail Corp,OTTR,Nasdaq,0001466593,OTTER TAIL,1
2089661,SunocoCorp LLC,SUNC,NYSE,0002089661,SUNOCOCORP,1
931015,Polaris Inc.,PII,NYSE,0000931015,POLARIS,1
1284812,"COHEN & STEERS, INC.",CNS,NYSE,0001284812,COHEN STEERS,1
776901,INDEPENDENT BANK CORP,INDB,Nasdaq,0000776901,INDEPENDENT,1
2052959,Lionsgate Studios Corp.,LION,NYSE,0002052959,LIONSGATE STUDIOS,1
78239,PVH CORP. /DE/,PVH,NYSE,0000078239,PVH DE,1
856982,MERIT MEDICAL SYSTEMS INC,MMSI,Nasdaq,0000856982,MERIT MEDICAL SYSTEMS,1
860546,COPT DEFENSE PROPERTIES,CDP,NYSE,0000860546,COPT DEFENSE PROPERTIES,1
1070494,ACADIA PHARMACEUTICALS INC,ACAD,Nasdaq,0001070494,ACADIA PHARMACEUTICALS,1
1856437,Victoria's Secret & Co.,VSCO,NYSE,0001856437,VICTORIA S SECRET,1
745308,ST JOE Co,JOE,NYSE,0000745308,ST JOE,1
16160,CAL-MAINE FOODS INC,CALM,Nasdaq,0000016160,CAL MAINE FOODS,1
1840856,"SOUNDHOUND AI, INC.",SOUN,Nasdaq,0001840856,SOUNDHOUND AI,1
828944,WSFS FINANCIAL CORP,WSFS,Nasdaq,0000828944,WSFS,1
26780,DANA Inc,DAN,NYSE,0000026780,DANA,1
1437578,BRIGHT HORIZONS FAMILY SOLUTIONS INC.,BFAM,NYSE,0001437578,BRIGHT HORIZONS FAMILY SOLUTIONS,1
877860,NATIONAL HEALTH INVESTORS INC,NHI,NYSE,0000877860,HEALTH INVESTORS,1
1070235,BLACKBERRY Ltd,BB,NYSE,0001070235,BLACKBERRY,1
715072,RENASANT CORP,RNST,NYSE,0000715072,RENASANT,1
1057706,FIRST BANCORP /PR/,FBP,NYSE,0001057706,FIRST PR,1
1969302,Pony AI Inc.,PONY,Nasdaq,0001969302,PONY AI,1
1065059,CENTRUS ENERGY CORP,LEU,NYSE,0001065059,CENTRUS ENERGY,1
1685040,"Brighthouse Financial, Inc.",BHF,Nasdaq,0001685040,BRIGHTHOUSE,1
1750264,Maase Inc.,MAAS,Nasdaq,0001750264,MAASE,1
760498,BANCFIRST CORP /OK/,BANF,Nasdaq,0000760498,BANCFIRST OK,1
1993344,Allied Gold Corp,AAUC,NYSE,0001993344,ALLIED GOLD,1
1690680,"NEWMARK GROUP, INC.",NMRK,Nasdaq,0001690680,NEWMARK,1
103145,VEECO INSTRUMENTS INC,VECO,Nasdaq,0000103145,VEECO INSTRUMENTS,1
1840776,"Hagerty, Inc.",HGTY,NYSE,0001840776,HAGERTY,1
2007191,Telix Pharmaceuticals Ltd,TLX,Nasdaq,0002007191,TELIX PHARMACEUTICALS,1
1674168,Hilton Grand Vacations Inc.,HGV,NYSE,0001674168,HILTON GRAND VACATIONS,1
925261,ANDINA BOTTLING CO INC,AKO-A,NYSE,0000925261,ANDINA BOTTLING,1
1516513,"Doximity, Inc.",DOCS,NYSE,0001516513,DOXIMITY,1
1173420,NOVAGOLD RESOURCES INC,NG,NYSE,0001173420,NOVAGOLD RESOURCES,1
825313,ALLIANCEBERNSTEIN HOLDING L.P.,AB,NYSE,0000825313,ALLIANCEBERNSTEIN L P,1
43920,"GREIF, INC",GEF,NYSE,0000043920,GREIF,1
1710072,"Edgewise Therapeutics, Inc.",EWTX,Nasdaq,0001710072,EDGEWISE THERAPEUTICS,1
1280263,AMBARELLA INC,AMBA,Nasdaq,0001280263,AMBARELLA,1
1470419,easyJet plc,ESYJY,OTC,0001470419,EASYJET,0
278166,"CAVCO INDUSTRIES, INC.",CVCO,Nasdaq,0000278166,CAVCO INDUSTRIES,1
2047190,TechCreate Group Ltd.,TCGL,NYSE,0002047190,TECHCREATE,1
1861737,Hesai Group,HSAI,Nasdaq,0001861737,HESAI,1
1504776,Warby Parker Inc.,WRBY,NYSE,0001504776,WARBY PARKER,1
1526243,PERPETUA RESOURCES CORP.,PPTA,Nasdaq,0001526243,PERPETUA RESOURCES,1
1821825,Organon & Co.,OGN,NYSE,0001821825,ORGANON,1
1636222,Wingstop Inc.,WING,Nasdaq,0001636222,WINGSTOP,1
1607678,"Viking Therapeutics, Inc.",VKTX,Nasdaq,0001607678,VIKING THERAPEUTICS,1
780571,"ITRON, INC.",ITRI,Nasdaq,0000780571,ITRON,1
1101215,"BREAD FINANCIAL HOLDINGS, INC.",BFH,NYSE,0001101215,BREAD,1
1823144,"GPGI, Inc.",GPGI,NYSE,0001823144,GPGI,1
1627223,Chemours Co,CC,NYSE,0001627223,CHEMOURS,1
1276520,GENWORTH FINANCIAL INC,GNW,NYSE,0001276520,GENWORTH,1
868780,"Dorman Products, Inc.",DORM,Nasdaq,0000868780,DORMAN PRODUCTS,1
1958140,"Atlanta Braves Holdings, Inc.",BATRA,Nasdaq,0001958140,ATLANTA BRAVES,1
701985,"Bath & Body Works, Inc.",BBWI,NYSE,0000701985,BATH BODY WORKS,1
354647,CVB FINANCIAL CORP,CVBF,Nasdaq,0000354647,CVB,1
1384905,"RingCentral, Inc.",RNG,NYSE,0001384905,RINGCENTRAL,1
1990354,Waystar Holding Corp.,WAY,Nasdaq,0001990354,WAYSTAR,1
1760965,"Kontoor Brands, Inc.",KTB,NYSE,0001760965,KONTOOR BRANDS,1
1372612,BOX INC,BOX,NYSE,0001372612,BOX,1
1376139,CVR ENERGY INC,CVI,NYSE,0001376139,CVR ENERGY,1
1854640,Centerra Gold Inc.,CGAU,NYSE,0001854640,CENTERRA GOLD,1
1476765,"GOLUB CAPITAL BDC, Inc.",GBDC,Nasdaq,0001476765,GOLUB CAPITAL BDC,1
1904856,Enerflex Ltd.,EFXT,NYSE,0001904856,ENERFLEX,1
1039065,OSI SYSTEMS INC,OSIS,Nasdaq,0001039065,OSI SYSTEMS,1
1195737,Nuveen AMT-Free Quality Municipal Income Fund,NEA,NYSE,0001195737,NUVEEN AMT FREE QUALITY MUNICIPAL INCOME FUND,1
1430162,Cosan S.A.,CSAN,NYSE,0001430162,COSAN S,1
1877787,Ermenegildo Zegna N.V.,ZGN,NYSE,0001877787,ERMENEGILDO ZEGNA V,1
827876,"CLEANSPARK, INC.",CLSK,Nasdaq,0000827876,CLEANSPARK,1
1144980,ASBURY AUTOMOTIVE GROUP INC,ABG,NYSE,0001144980,ASBURY AUTOMOTIVE,1
746598,BRADY CORP,BRC,NYSE,0000746598,BRADY,1
1997350,Accelerant Holdings,ARX,NYSE,0001997350,ACCELERANT,1
9092,BADGER METER INC,BMI,NYSE,0000009092,BADGER METER,1
1469367,Sunrun Inc.,RUN,Nasdaq,0001469367,SUNRUN,1
1600033,"e.l.f. Beauty, Inc.",ELF,NYSE,0001600033,E L F BEAUTY,1
104918,AVISTA CORP,AVA,NYSE,0000104918,AVISTA,1
1512920,SPROTT INC.,SII,NYSE,0001512920,SPROTT,1
1342338,"Himax Technologies, Inc.",HIMX,Nasdaq,0001342338,HIMAX TECHNOLOGIES,1
1803696,Adeia Inc.,ADEA,Nasdaq,0001803696,ADEIA,1
46250,HAWKINS INC,HWKN,Nasdaq,0000046250,HAWKINS,1
1662991,Sezzle Inc.,SEZL,Nasdaq,0001662991,SEZZLE,1
1273813,ASSURED GUARANTY LTD,AGO,NYSE,0001273813,ASSURED GUARANTY,1
56679,KORN FERRY,KFY,NYSE,0000056679,KORN FERRY,1
860413,FIRST INTERSTATE BANCSYSTEM INC,FIBK,Nasdaq,0000860413,FIRST INTERSTATE BANCSYSTEM,1
1361113,VARONIS SYSTEMS INC,VRNS,Nasdaq,0001361113,VARONIS SYSTEMS,1
2014596,"Concentra Group Holdings Parent, Inc.",CON,NYSE,0002014596,CONCENTRA PARENT,1
1718405,HYCROFT MINING HOLDING CORP,HYMC,Nasdaq,0001718405,HYCROFT MINING,1
1655891,TORM plc,TRMD,Nasdaq,0001655891,TORM,1
1337634,"StubHub Holdings, Inc.",STUB,NYSE,0001337634,STUBHUB,1
1737706,Seadrill Ltd,SDRL,NYSE,0001737706,SEADRILL,1
825542,SCOTTS MIRACLE-GRO CO,SMG,NYSE,0000825542,SCOTTS MIRACLE GRO,1
1974138,NCR Atleos Corp,NATL,NYSE,0001974138,NCR ATLEOS,1
874499,GULFPORT ENERGY CORP,GPOR,NYSE,0000874499,GULFPORT ENERGY,1
1504008,"BankUnited, Inc.",BKU,NYSE,0001504008,BANKUNITED,1
1811935,Pattern Group Inc.,PTRN,Nasdaq,0001811935,PATTERN,1
1832466,"Alignment Healthcare, Inc.",ALHC,Nasdaq,0001832466,ALIGNMENT HEALTHCARE,1
1517175,"Chefs' Warehouse, Inc.",CHEF,Nasdaq,0001517175,CHEFS WAREHOUSE,1
1040971,SL GREEN REALTY CORP,SLG,NYSE,0001040971,SL GREEN REALTY,1
1817358,"Academy Sports & Outdoors, Inc.",ASO,Nasdaq,0001817358,ACADEMY SPORTS OUTDOORS,1
1486749,Hypermarcas S.A.,HYPMY,OTC,0001486749,HYPERMARCAS S,0
1418121,"Apple Hospitality REIT, Inc.",APLE,NYSE,0001418121,APPLE HOSPITALITY REIT,1
723188,"COMMUNITY FINANCIAL SYSTEM, INC.",CBU,NYSE,0000723188,COMMUNITY SYSTEM,1
1846832,dLocal Ltd,DLO,Nasdaq,0001846832,DLOCAL,1
1899123,Bitdeer Technologies Group,BTDR,Nasdaq,0001899123,BITDEER TECHNOLOGIES,1
1086600,ALLIANCE RESOURCE PARTNERS LP,ARLP,Nasdaq,0001086600,ALLIANCE RESOURCE PARTNERS,1
1275214,CALAMOS STRATEGIC TOTAL RETURN FUND,CSQ,Nasdaq,0001275214,CALAMOS STRATEGIC TOTAL RETURN FUND,1
1670592,"YETI Holdings, Inc.",YETI,NYSE,0001670592,YETI,1
1952073,Madison Square Garden Entertainment Corp.,MSGE,NYSE,0001952073,MADISON SQUARE GARDEN ENTERTAINMENT,1
1854587,Cellebrite DI Ltd.,CLBT,Nasdaq,0001854587,CELLEBRITE DI,1
1493318,eToro Group Ltd.,ETOR,Nasdaq,0001493318,ETORO,1
1078271,EXTREME NETWORKS INC,EXTR,Nasdaq,0001078271,EXTREME NETWORKS,1
793733,SKYWEST INC,SKYW,Nasdaq,0000793733,SKYWEST,1
69891,NATIONAL BEVERAGE CORP,FIZZ,Nasdaq,0000069891,BEVERAGE,1
36377,"FIRST HAWAIIAN, INC.",FHB,Nasdaq,0000036377,FIRST HAWAIIAN,1
1518715,Mechanics Bancorp,MCHB,Nasdaq,0001518715,MECHANICS,1
1649313,BW LPG Ltd,BWLP,NYSE,0001649313,BW LPG,1
816761,TERADATA CORP /DE/,TDC,NYSE,0000816761,TERADATA DE,1
1761918,"Erasca, Inc.",ERAS,Nasdaq,0001761918,ERASCA,1
203596,WESBANCO INC,WSBC,Nasdaq,0000203596,WESBANCO,1
1107843,"QUALYS, INC.",QLYS,Nasdaq,0001107843,QUALYS,1
1231346,SEABRIDGE GOLD INC,SA,NYSE,0001231346,SEABRIDGE GOLD,1
39368,FULLER H B CO,FUL,NYSE,0000039368,FULLER H B,1
1018840,ABERCROMBIE & FITCH CO /DE/,ANF,NYSE,0001018840,ABERCROMBIE FITCH DE,1
1593275,"Hamilton Insurance Group, Ltd.",HG,NYSE,0001593275,HAMILTON INSURANCE,1
1981599,"Centuri Holdings, Inc.",CTRI,NYSE,0001981599,CENTURI,1
903651,INNODATA INC,INOD,Nasdaq,0000903651,INNODATA,1
57515,MARZETTI CO,MZTI,Nasdaq,0000057515,MARZETTI,1
799292,"M/I HOMES, INC.",MHO,NYSE,0000799292,M I HOMES,1
1581760,"Life360, Inc.",LIF,Nasdaq,0001581760,LIFE360,1
1032220,"MAXIMUS, INC.",MMS,NYSE,0001032220,MAXIMUS,1
1838406,BKV Corp,BKV,NYSE,0001838406,BKV,1
1040470,AEHR TEST SYSTEMS,AEHR,Nasdaq,0001040470,AEHR TEST SYSTEMS,1
708955,FIRST FINANCIAL BANCORP /OH/,FFBC,Nasdaq,0000708955,FIRST OH,1
1394832,ATS Corp /ATS,ATS,NYSE,0001394832,ATS ATS,1
1332349,Brookdale Senior Living Inc.,BKD,NYSE,0001332349,BROOKDALE SENIOR LIVING,1
832988,SIGNET JEWELERS LTD,SIG,NYSE,0000832988,SIGNET JEWELERS,1
1122976,AVIENT CORP,AVNT,NYSE,0001122976,AVIENT,1
1929561,"RXO, Inc.",RXO,NYSE,0001929561,RXO,1
1654126,ZIM Integrated Shipping Services Ltd.,ZIM,NYSE,0001654126,ZIM INTEGRATED SHIPPING,1
1020859,UNITED NATURAL FOODS INC,UNFI,NYSE,0001020859,UNITED NATURAL FOODS,1
1422183,FS KKR Capital Corp,FSK,NYSE,0001422183,FS KKR CAPITAL,1
2230,"ADAMS DIVERSIFIED EQUITY FUND, INC.",ADX,NYSE,0000002230,ADAMS DIVERSIFIED EQUITY FUND,1
1384101,"VERACYTE, INC.",VCYT,Nasdaq,0001384101,VERACYTE,1
2062440,Kyivstar Group Ltd.,KYIV,Nasdaq,0002062440,KYIVSTAR,1
1014739,"Option Care Health, Inc.",OPCH,Nasdaq,0001014739,OPTION CARE HEALTH,1
2086587,York Space Systems Inc.,YSS,NYSE,0002086587,YORK SPACE SYSTEMS,1
923796,GEO GROUP INC,GEO,NYSE,0000923796,GEO,1
1581280,Twist Bioscience Corp,TWST,Nasdaq,0001581280,TWIST BIOSCIENCE,1
863436,BENCHMARK ELECTRONICS INC,BHE,NYSE,0000863436,BENCHMARK ELECTRONICS,1
1841156,"Paymentus Holdings, Inc.",PAY,NYSE,0001841156,PAYMENTUS,1
74303,OLIN Corp,OLN,NYSE,0000074303,OLIN,1
1679688,"DigitalBridge Group, Inc.",DBRG,NYSE,0001679688,DIGITALBRIDGE,1
98677,TOOTSIE ROLL INDUSTRIES INC,TR,NYSE,0000098677,TOOTSIE ROLL INDUSTRIES,1
1061630,"BLACKSTONE MORTGAGE TRUST, INC.",BXMT,NYSE,0001061630,BLACKSTONE MORTGAGE,1
899629,ACADIA REALTY TRUST,AKR,NYSE,0000899629,ACADIA REALTY,1
2078008,Versigent PLC,VGNT,NYSE,0002078008,VERSIGENT,1
2062583,"MiniMed Group, Inc.",MMED,Nasdaq,0002062583,MINIMED,1
1385280,"Cinemark Holdings, Inc.",CNK,NYSE,0001385280,CINEMARK,1
1047335,NATIONAL HEALTHCARE CORP,NHC,NYSE,0001047335,HEALTHCARE,1
1798562,TMC the metals Co Inc.,TMC,Nasdaq,0001798562,TMC METALS,1
1287865,MEDICAL PROPERTIES TRUST INC,MPT,NYSE,0001287865,MEDICAL PROPERTIES,1
1545057,PT XLSMART Telecom Sejahtera Tbk/ADR,PTXKY,OTC,0001545057,PT XLSMART TELECOM SEJAHTERA TBK ADR,0
1386716,Star Bulk Carriers Corp.,SBLK,Nasdaq,0001386716,STAR BULK CARRIERS,1
310354,STANDEX INTERNATIONAL CORP/DE/,SXI,NYSE,0000310354,STANDEX INTERNATIONAL DE,1
1750704,"HawkEye 360, Inc.",HAWK,NYSE,0001750704,HAWKEYE 360,1
895419,"WOLFSPEED, INC.",WOLF,NYSE,0000895419,WOLFSPEED,1
1587523,Knowles Corp,KN,NYSE,0001587523,KNOWLES,1
1275617,COHEN & STEERS INFRASTRUCTURE FUND INC,UTF,NYSE,0001275617,COHEN STEERS INFRASTRUCTURE FUND,1
76605,PATRICK INDUSTRIES INC,PATK,Nasdaq,0000076605,PATRICK INDUSTRIES,1
1841408,Dave Inc./DE,DAVE,Nasdaq,0001841408,DAVE DE,1
1114483,Integer Holdings Corp,ITGR,NYSE,0001114483,INTEGER,1
1340677,SILVERCORP METALS INC,SVM,NYSE,0001340677,SILVERCORP METALS,1
910108,LXP Industrial Trust,LXP,NYSE,0000910108,LXP INDUSTRIAL,1
46195,BANK OF HAWAII CORP,BOH,NYSE,0000046195,OF HAWAII,1
19745,CHESAPEAKE UTILITIES CORP,CPK,NYSE,0000019745,CHESAPEAKE UTILITIES,1
1724521,"Arcus Biosciences, Inc.",RCUS,NYSE,0001724521,ARCUS BIOSCIENCES,1
1630805,"Babcock & Wilcox Enterprises, Inc.",BW,NYSE,0001630805,BABCOCK WILCOX ENTERPRISES,1
82020,UNITED STATES LIME & MINERALS INC,USLM,Nasdaq,0000082020,UNITED STATES LIME MINERALS,1
1621434,"Black Stone Minerals, L.P.",BSM,NYSE,0001621434,BLACK STONE MINERALS L P,1
90498,SIMMONS FIRST NATIONAL CORP,SFNC,Nasdaq,0000090498,SIMMONS FIRST,1
1819133,"Tango Therapeutics, Inc.",TNGX,Nasdaq,0001819133,TANGO THERAPEUTICS,1
1063259,DENISON MINES CORP.,DNN,NYSE,0001063259,DENISON MINES,1
1056903,AMERICAN STATES WATER CO,AWR,NYSE,0001056903,AMERICAN STATES WATER,1
880631,"WisdomTree, Inc.",WT,NYSE,0000880631,WISDOMTREE,1
883984,ICU MEDICAL INC/DE,ICUI,Nasdaq,0000883984,ICU MEDICAL DE,1
1800227,IAC Inc.,IAC,Nasdaq,0001800227,IAC,1
805676,PARK NATIONAL CORP /OH/,PRK,NYSE,0000805676,PARK OH,1
1834622,"Hayward Holdings, Inc.",HAYW,NYSE,0001834622,HAYWARD,1
887596,CHEESECAKE FACTORY INC,CAKE,Nasdaq,0000887596,CHEESECAKE FACTORY,1
1714899,Denali Therapeutics Inc.,DNLI,Nasdaq,0001714899,DENALI THERAPEUTICS,1
1050797,COLUMBIA SPORTSWEAR CO,COLM,Nasdaq,0001050797,COLUMBIA SPORTSWEAR,1
810136,PHOTRONICS INC,PLAB,Nasdaq,0000810136,PHOTRONICS,1
1111335,VISTEON CORP,VC,Nasdaq,0001111335,VISTEON,1
1761312,"Palomar Holdings, Inc.",PLMR,Nasdaq,0001761312,PALOMAR,1
729580,BEL FUSE INC /NJ,BELFA,Nasdaq,0000729580,BEL FUSE NJ,1
874866,CORVEL CORP,CRVL,Nasdaq,0000874866,CORVEL,1
821483,"PAR PACIFIC HOLDINGS, INC.",PARR,NYSE,0000821483,PAR PACIFIC,1
1865631,NEXTNAV INC.,NN,Nasdaq,0001865631,NEXTNAV,1
1845257,"LifeStance Health Group, Inc.",LFST,Nasdaq,0001845257,LIFESTANCE HEALTH,1
1847367,ALUMIS INC.,ALMS,Nasdaq,0001847367,ALUMIS,1
1628369,Cushman & Wakefield Ltd.,CWK,NYSE,0001628369,CUSHMAN WAKEFIELD,1
1174850,NICOLET BANKSHARES INC,NIC,NYSE,0001174850,NICOLET BANKSHARES,1
913059,Banco BBVA Argentina S.A.,BBAR,NYSE,0000913059,BANCO BBVA ARGENTINA S,1
1341335,FORTUNA MINING CORP.,FSM,NYSE,0001341335,FORTUNA MINING,1
2027317,Curbline Properties Corp.,CURB,NYSE,0002027317,CURBLINE PROPERTIES,1
2035149,Flowco Holdings Inc.,FLOC,NYSE,0002035149,FLOWCO,1
1280784,"Hercules Capital, Inc.",HTGC,NYSE,0001280784,HERCULES CAPITAL,1
2035304,Titan America SA,TTAM,NYSE,0002035304,TITAN AMERICA SA,1
1277866,ENDEAVOUR SILVER CORP,EXK,NYSE,0001277866,ENDEAVOUR SILVER,1
3197,CECO ENVIRONMENTAL CORP,CECO,Nasdaq,0000003197,CECO ENVIRONMENTAL,1
730708,SEACOAST BANKING CORP OF FLORIDA,SBCF,Nasdaq,0000730708,SEACOAST BANKING OF FLORIDA,1
1064728,PEABODY ENERGY CORP,BTU,NYSE,0001064728,PEABODY ENERGY,1
1759655,"Privia Health Group, Inc.",PRVA,Nasdaq,0001759655,PRIVIA HEALTH,1
1969373,"Vesta Real Estate Corporation, S.A.B. de C.V.",VTMX,NYSE,0001969373,VESTA REAL ESTATE S B DE C V,1
1216583,Nuveen Preferred & Income Opportunities Fund,JPC,NYSE,0001216583,NUVEEN PREFERRED INCOME OPPORTUNITIES FUND,1
1508475,"VNET Group, Inc.",VNET,Nasdaq,0001508475,VNET,1
1356576,"SUPERNUS PHARMACEUTICALS, INC.",SUPN,Nasdaq,0001356576,SUPERNUS PHARMACEUTICALS,1
1745999,Beam Therapeutics Inc.,BEAM,Nasdaq,0001745999,BEAM THERAPEUTICS,1
921082,"HIGHWOODS PROPERTIES, INC.",HIW,NYSE,0000921082,HIGHWOODS PROPERTIES,1
1158449,ADVANCE AUTO PARTS INC,AAP,NYSE,0001158449,ADVANCE AUTO PARTS,1
1818794,"Dyne Therapeutics, Inc.",DYN,Nasdaq,0001818794,DYNE THERAPEUTICS,1
2091467,Boyd Group Services Inc.,BGSI,NYSE,0002091467,BOYD,1
1547903,"NMI Holdings, Inc.",NMIH,Nasdaq,0001547903,NMI,1
1408075,GRAPHIC PACKAGING HOLDING CO,GPK,NYSE,0001408075,GRAPHIC PACKAGING,1
1853860,Ero Copper Corp.,ERO,NYSE,0001853860,ERO COPPER,1
1331284,"DHT Holdings, Inc.",DHT,NYSE,0001331284,DHT,1
1530238,JOYY Inc.,JOYY,Nasdaq,0001530238,JOYY,1
913241,"STEVEN MADDEN, LTD.",SHOO,Nasdaq,0000913241,STEVEN MADDEN,1
8063,ASTRONICS CORP,ATRO,Nasdaq,0000008063,ASTRONICS,1
1611547,Urban Edge Properties,UE,NYSE,0001611547,URBAN EDGE PROPERTIES,1
1410384,"Q2 Holdings, Inc.",QTWO,NYSE,0001410384,Q2,1
1647639,"Upstart Holdings, Inc.",UPST,Nasdaq,0001647639,UPSTART,1
1379438,Eaton Vance Tax-Managed Global Diversified Equity Income Fund,EXG,NYSE,0001379438,EATON VANCE TAX MANAGED GLOBAL DIVERSIFIED EQUITY INCOME FUND,1
795266,KB HOME,KBH,NYSE,0000795266,KB HOME,1
1968915,PHINIA INC.,PHIN,NYSE,0001968915,PHINIA,1
1169770,"BANC OF CALIFORNIA, INC.",BANC,NYSE,0001169770,BANC OF CALIFORNIA,1
1161728,MGE ENERGY INC,MGEE,Nasdaq,0001161728,MGE ENERGY,1
1819810,Redwire Corp,RDW,NYSE,0001819810,REDWIRE,1
1178970,PROVIDENT FINANCIAL SERVICES INC,PFS,NYSE,0001178970,PROVIDENT,1
826675,DYNEX CAPITAL INC,DX,NYSE,0000826675,DYNEX CAPITAL,1
1978867,Cadeler A/S,CDLR,NYSE,0001978867,CADELER S,1
1078075,NETSCOUT SYSTEMS INC,NTCT,Nasdaq,0001078075,NETSCOUT SYSTEMS,1
1876183,IHS Holding Ltd,IHS,NYSE,0001876183,IHS,1
1826836,Aya Gold & Silver Inc.,AYA,Nasdaq,0001826836,AYA GOLD SILVER,1
811596,KAISER ALUMINUM CORP,KALU,Nasdaq,0000811596,KAISER ALUMINUM,1
1484565,SOLENO THERAPEUTICS INC,SLNO,Nasdaq,0001484565,SOLENO THERAPEUTICS,1
822663,INTERPARFUMS INC,IPAR,Nasdaq,0000822663,INTERPARFUMS,1
1888886,Structure Therapeutics Inc.,GPCR,Nasdaq,0001888886,STRUCTURE THERAPEUTICS,1
1694426,"Delek US Holdings, Inc.",DK,NYSE,0001694426,DELEK US,1
752714,MCGRATH RENTCORP,MGRC,Nasdaq,0000752714,MCGRATH RENTCORP,1
2013745,"Calumet, Inc. /DE",CLMT,Nasdaq,0002013745,CALUMET DE,1
1724965,TALOS ENERGY INC.,TALO,NYSE,0001724965,TALOS ENERGY,1
837465,Callaway Golf Co,CALY,NYSE,0000837465,CALLAWAY GOLF,1
894405,ARCBEST CORP /DE/,ARCB,Nasdaq,0000894405,ARCBEST DE,1
1164009,FIH Mobile Ltd,FXCNY,OTC,0001164009,FIH MOBILE,0
2096997,"Kailera Therapeutics, Inc.",KLRA,Nasdaq,0002096997,KAILERA THERAPEUTICS,1
99780,TRINITY INDUSTRIES INC,TRN,NYSE,0000099780,TRINITY INDUSTRIES,1
1552797,"Delek Logistics Partners, LP",DKL,NYSE,0001552797,DELEK LOGISTICS PARTNERS,1
1083839,Nuveen Quality Municipal Income Fund,NAD,NYSE,0001083839,NUVEEN QUALITY MUNICIPAL INCOME FUND,1
105132,WD 40 CO,WDFC,Nasdaq,0000105132,WD 40,1
1576018,SiriusPoint Ltd,SPNT,NYSE,0001576018,SIRIUSPOINT,1
763744,LCI INDUSTRIES,LCII,NYSE,0000763744,LCI INDUSTRIES,1
1756770,"Curaleaf Holdings, Inc.",CURLF,OTC,0001756770,CURALEAF,0
2007825,"Infleqtion, Inc.",INFQ,NYSE,0002007825,INFLEQTION,1
1770787,"10x Genomics, Inc.",TXG,Nasdaq,0001770787,10X GENOMICS,1
1819790,"Tarsus Pharmaceuticals, Inc.",TARS,Nasdaq,0001819790,TARSUS PHARMACEUTICALS,1
932696,INSIGHT ENTERPRISES INC,NSIT,Nasdaq,0000932696,INSIGHT ENTERPRISES,1
1650132,"Four Corners Property Trust, Inc.",FCPT,NYSE,0001650132,FOUR CORNERS PROPERTY,1
2020795,Uniti Group Inc.,UNIT,Nasdaq,0002020795,UNITI,1
1831828,"Vera Therapeutics, Inc.",VERA,Nasdaq,0001831828,VERA THERAPEUTICS,1
1373670,"Green Brick Partners, Inc.",GRBK,NYSE,0001373670,GREEN BRICK PARTNERS,1
1419945,TEEKAY TANKERS LTD.,TNK,NYSE,0001419945,TEEKAY TANKERS,1
1845840,Telesat Corp,TSAT,Nasdaq,0001845840,TELESAT,1
1805077,"Eos Energy Enterprises, Inc.",EOSE,Nasdaq,0001805077,EOS ENERGY ENTERPRISES,1
1787306,"Arcutis Biotherapeutics, Inc.",ARQT,Nasdaq,0001787306,ARCUTIS BIOTHERAPEUTICS,1
1533082,EBOS Group Limited/ADR,EBOSY,OTC,0001533082,EBOS ADR,0
1693256,"Select Water Solutions, Inc.",WTTR,NYSE,0001693256,SELECT WATER SOLUTIONS,1
1517413,"Fastly, Inc.",FSLY,Nasdaq,0001517413,FASTLY,1
1445305,WORKIVA INC,WK,NYSE,0001445305,WORKIVA,1
793952,"HARLEY-DAVIDSON, INC.",HOG,NYSE,0000793952,HARLEY DAVIDSON,1
1812477,Keel Infrastructure Corp.,KEEL,Nasdaq,0001812477,KEEL INFRASTRUCTURE,1
108516,"WORTHINGTON ENTERPRISES, INC.",WOR,NYSE,0000108516,WORTHINGTON ENTERPRISES,1
1649749,FB Financial Corp,FBK,NYSE,0001649749,FB,1
1090116,Nuveen AMT-Free Municipal Credit Income Fund,NVG,NYSE,0001090116,NUVEEN AMT FREE MUNICIPAL CREDIT INCOME FUND,1
55242,KENNAMETAL INC,KMT,NYSE,0000055242,KENNAMETAL,1
1828365,RLX Technology Inc.,RLX,NYSE,0001828365,RLX TECHNOLOGY,1
313143,HAEMONETICS CORP,HAE,NYSE,0000313143,HAEMONETICS,1
880807,AMERICAN SUPERCONDUCTOR CORP /DE/,AMSC,Nasdaq,0000880807,AMERICAN SUPERCONDUCTOR DE,1
851520,EXPONENT INC,EXPO,Nasdaq,0000851520,EXPONENT,1
1365135,Western Union CO,WU,NYSE,0001365135,WESTERN UNION,1
106640,WHIRLPOOL CORP /DE/,WHR,NYSE,0000106640,WHIRLPOOL DE,1
1517302,Artisan Partners Asset Management Inc.,APAM,NYSE,0001517302,ARTISAN PARTNERS ASSET MANAGEMENT,1
1104485,"NORTHERN OIL & GAS, INC.",NOG,NYSE,0001104485,NORTHERN OIL GAS,1
1620533,Shake Shack Inc.,SHAK,NYSE,0001620533,SHAKE SHACK,1
2035697,Polibeli Group Ltd,PLBL,Nasdaq,0002035697,POLIBELI,1
1864163,"Inter & Co, Inc.",INTR,Nasdaq,0001864163,INTER,1
1494259,"CarGurus, Inc.",CARG,Nasdaq,0001494259,CARGURUS,1
1560968,Samsonite International SA/ADR,SMSGY,OTC,0001560968,SAMSONITE INTERNATIONAL SA ADR,0
315213,ROBERT HALF INC.,RHI,NYSE,0000315213,ROBERT HALF,1
1698514,National Energy Services Reunited Corp.,NESR,Nasdaq,0001698514,ENERGY REUNITED,1
1517228,"Vistance Networks, Inc.",VISN,Nasdaq,0001517228,VISTANCE NETWORKS,1
1699031,"GRAIL, Inc.",GRAL,Nasdaq,0001699031,GRAIL,1
1816736,"Disc Medicine, Inc.",IRON,Nasdaq,0001816736,DISC MEDICINE,1
1210677,FIRST ADVANTAGE CORP,FA,Nasdaq,0001210677,FIRST ADVANTAGE,1
1867072,"Kyndryl Holdings, Inc.",KD,NYSE,0001867072,KYNDRYL,1
1024795,"HELIOS TECHNOLOGIES, INC.",HLIO,NYSE,0001024795,HELIOS TECHNOLOGIES,1
919012,AMERICAN EAGLE OUTFITTERS INC,AEO,NYSE,0000919012,AMERICAN EAGLE OUTFITTERS,1
1652535,"ICHOR HOLDINGS, LTD.",ICHR,Nasdaq,0001652535,ICHOR,1
1406666,"CALIX, INC",CALX,NYSE,0001406666,CALIX,1
1035201,CALIFORNIA WATER SERVICE GROUP,CWT,NYSE,0001035201,CALIFORNIA WATER,1
936528,WAFD INC,WAFD,Nasdaq,0000936528,WAFD,1
1818201,CCC Intelligent Solutions Holdings Inc.,CCC,Nasdaq,0001818201,CCC INTELLIGENT SOLUTIONS,1
36146,TRUSTMARK CORP,TRMK,Nasdaq,0000036146,TRUSTMARK,1
1190935,PIMCO CORPORATE & INCOME OPPORTUNITY FUND,PTY,NYSE,0001190935,PIMCO CORPORATE INCOME OPPORTUNITY FUND,1
1309167,Aecon Group Inc.,AEGXF,OTC,0001309167,AECON,0
1666138,Atkore Inc.,ATKR,NYSE,0001666138,ATKORE,1
1672619,"Enliven Therapeutics, Inc.",ELVN,Nasdaq,0001672619,ENLIVEN THERAPEUTICS,1
1029199,"EURONET WORLDWIDE, INC.",EEFT,Nasdaq,0001029199,EURONET WORLDWIDE,1
1260729,GABELLI DIVIDEND & INCOME TRUST,GDV,NYSE,0001260729,GABELLI DIVIDEND INCOME,1
1674862,ASHLAND INC.,ASH,NYSE,0001674862,ASHLAND,1
1760854,Nanobiotix S.A.,NBTX,Nasdaq,0001760854,NANOBIOTIX S,1
878518,TASEKO MINES LTD,TGB,NYSE,0000878518,TASEKO MINES,1
84748,ROGERS CORP,ROG,NYSE,0000084748,ROGERS,1
885245,BUCKLE INC,BKE,NYSE,0000885245,BUCKLE,1
1676725,"IDEAYA Biosciences, Inc.",IDYA,Nasdaq,0001676725,IDEAYA BIOSCIENCES,1
1544522,Freshworks Inc.,FRSH,Nasdaq,0001544522,FRESHWORKS,1
1712807,PagSeguro Digital Ltd.,PAGS,NYSE,0001712807,PAGSEGURO DIGITAL,1
712534,FIRST MERCHANTS CORP,FRME,Nasdaq,0000712534,FIRST MERCHANTS,1
1515673,Ultragenyx Pharmaceutical Inc.,RARE,Nasdaq,0001515673,ULTRAGENYX PHARMACEUTICAL,1
1616533,"Penguin Solutions, Inc.",PENG,Nasdaq,0001616533,PENGUIN SOLUTIONS,1
744218,"Celldex Therapeutics, Inc.",CLDX,Nasdaq,0000744218,CELLDEX THERAPEUTICS,1
1549084,ChronoScale Corp,CHRN,Nasdaq,0001549084,CHRONOSCALE,1
1488813,"Customers Bancorp, Inc.",CUBI,NYSE,0001488813,CUSTOMERS,1
1748824,Acadian Asset Management Inc.,AAMI,NYSE,0001748824,ACADIAN ASSET MANAGEMENT,1
1307748,InvenTrust Properties Corp.,IVT,NYSE,0001307748,INVENTRUST PROPERTIES,1
1555815,Tisco Financial Group Public Co Limited/ADR,TSCFY,OTC,0001555815,TISCO PUBLIC ADR,0
1464521,"Heartflow, Inc.",HTFL,Nasdaq,0001464521,HEARTFLOW,1
1437424,POET TECHNOLOGIES INC.,POET,Nasdaq,0001437424,POET TECHNOLOGIES,1
821026,"Andersons, Inc.",ANDE,Nasdaq,0000821026,ANDERSONS,1
1524358,MARRIOTT VACATIONS WORLDWIDE Corp,VAC,NYSE,0001524358,MARRIOTT VACATIONS WORLDWIDE,1
1980088,MACH NATURAL RESOURCES LP,MNR,NYSE,0001980088,MACH NATURAL RESOURCES,1
1293613,"Kayne Anderson Energy Infrastructure Fund, Inc.",KYN,NYSE,0001293613,KAYNE ANDERSON ENERGY INFRASTRUCTURE FUND,1
1611647,"Freshpet, Inc.",FRPT,Nasdaq,0001611647,FRESHPET,1
2054696,NIQ Global Intelligence plc,NIQ,NYSE,0002054696,NIQ GLOBAL INTELLIGENCE,1
1612720,NextDecade Corp,NEXT,Nasdaq,0001612720,NEXTDECADE,1
28823,"DIEBOLD NIXDORF, Inc",DBD,NYSE,0000028823,DIEBOLD NIXDORF,1
1362988,Aircastle LTD,AYR,,0001362988,AIRCASTLE,0
1307954,Huntsman CORP,HUN,NYSE,0001307954,HUNTSMAN,1
1849635,Trump Media & Technology Group Corp.,DJT,Nasdaq,0001849635,TRUMP MEDIA TECHNOLOGY,1
81362,QUAKER CHEMICAL CORP,KWR,NYSE,0000081362,QUAKER CHEMICAL,1
1599617,DNOW Inc.,DNOW,NYSE,0001599617,DNOW,1
1520697,"Acadia Healthcare Company, Inc.",ACHC,Nasdaq,0001520697,ACADIA HEALTHCARE,1
1137887,Nuveen Municipal Credit Income Fund,NZF,NYSE,0001137887,NUVEEN MUNICIPAL CREDIT INCOME FUND,1
1758488,ONESPAWORLD HOLDINGS Ltd,OSW,Nasdaq,0001758488,ONESPAWORLD,1
1867729,WeRide Inc.,WRD,Nasdaq,0001867729,WERIDE,1
906709,NEKTAR THERAPEUTICS,NKTR,Nasdaq,0000906709,NEKTAR THERAPEUTICS,1
1899287,"Amprius Technologies, Inc.",AMPX,NYSE,0001899287,AMPRIUS TECHNOLOGIES,1
1820144,Grindr Inc.,GRND,NYSE,0001820144,GRINDR,1
1984060,Atlas Energy Solutions Inc.,AESI,NYSE,0001984060,ATLAS ENERGY SOLUTIONS,1
811589,FIRST BANCORP /NC/,FBNC,Nasdaq,0000811589,FIRST NC,1
1369241,Danaos Corp,DAC,NYSE,0001369241,DANAOS,1
1660280,"Tenable Holdings, Inc.",TENB,Nasdaq,0001660280,TENABLE,1
1901279,Nayax Ltd.,NYAX,Nasdaq,0001901279,NAYAX,1
1758009,Quantum Computing Inc.,QUBT,Nasdaq,0001758009,QUANTUM COMPUTING,1
1676238,"Braze, Inc.",BRZE,Nasdaq,0001676238,BRAZE,1
891014,MINERALS TECHNOLOGIES INC,MTX,NYSE,0000891014,MINERALS TECHNOLOGIES,1
1472012,Immunome Inc.,IMNM,Nasdaq,0001472012,IMMUNOME,1
1380936,GUGGENHEIM STRATEGIC OPPORTUNITIES FUND,GOF,NYSE,0001380936,GUGGENHEIM STRATEGIC OPPORTUNITIES FUND,1
1845097,Ardagh Metal Packaging S.A.,AMBP,NYSE,0001845097,ARDAGH METAL PACKAGING S,1
1340736,Eaton Vance Tax-Managed Diversified Equity Income Fund,ETY,NYSE,0001340736,EATON VANCE TAX MANAGED DIVERSIFIED EQUITY INCOME FUND,1
1811210,"Lucid Group, Inc.",LCID,Nasdaq,0001811210,LUCID,1
1653477,Ingevity Corp,NGVT,NYSE,0001653477,INGEVITY,1
1364250,Douglas Emmett Inc,DEI,NYSE,0001364250,DOUGLAS EMMETT,1
887733,CENTRAL GARDEN & PET CO,CENT,Nasdaq,0000887733,CENTRAL GARDEN PET,1
854775,DIGI INTERNATIONAL INC,DGII,Nasdaq,0000854775,DIGI INTERNATIONAL,1
1043509,SONIC AUTOMOTIVE INC,SAH,NYSE,0001043509,SONIC AUTOMOTIVE,1
1745431,StoneCo Ltd.,STNE,Nasdaq,0001745431,STONECO,1
1812364,"Relay Therapeutics, Inc.",RLAY,Nasdaq,0001812364,RELAY THERAPEUTICS,1
1831481,Sable Offshore Corp.,SOC,NYSE,0001831481,SABLE OFFSHORE,1
1853513,"Mister Car Wash, Inc.",MCW,Nasdaq,0001853513,MISTER CAR WASH,1
1528849,RH,RH,NYSE,0001528849,RH,1
1328581,BOISE CASCADE Co,BCC,NYSE,0001328581,BOISE CASCADE,1
1108134,Beacon Financial Corp,BBT,NYSE,0001108134,BEACON,1
1802255,"Guardian Pharmacy Services, Inc.",GRDN,NYSE,0001802255,GUARDIAN PHARMACY,1
1468748,Kodiak Sciences Inc.,KOD,Nasdaq,0001468748,KODIAK SCIENCES,1
771497,ABM INDUSTRIES INC /DE/,ABM,NYSE,0000771497,ABM INDUSTRIES DE,1
1704292,Zai Lab Ltd,ZLAB,Nasdaq,0001704292,ZAI LAB,1
766829,H2O AMERICA,HTO,Nasdaq,0000766829,H2O AMERICA,1
1704715,"Alpha Metallurgical Resources, Inc.",AMR,NYSE,0001704715,ALPHA METALLURGICAL RESOURCES,1
1832511,P3 Health Partners Inc.,PIII,Nasdaq,0001832511,P3 HEALTH PARTNERS,1
790359,NBT BANCORP INC,NBTB,Nasdaq,0000790359,NBT,1
1639825,"PELOTON INTERACTIVE, INC.",PTON,Nasdaq,0001639825,PELOTON INTERACTIVE,1
882796,BIOCRYST PHARMACEUTICALS INC,BCRX,Nasdaq,0000882796,BIOCRYST PHARMACEUTICALS,1
1813814,"Definium Therapeutics, Inc.",DFTX,Nasdaq,0001813814,DEFINIUM THERAPEUTICS,1
1576789,Wix.com Ltd.,WIX,Nasdaq,0001576789,WIX COM,1
940942,"Hub Group, Inc.",HUBG,Nasdaq,0000940942,HUB,1
354707,HAWAIIAN ELECTRIC INDUSTRIES INC,HE,NYSE,0000354707,HAWAIIAN ELECTRIC INDUSTRIES,1
1262976,CIMPRESS plc,CMPR,Nasdaq,0001262976,CIMPRESS,1
1830033,"PureCycle Technologies, Inc.",PCT,Nasdaq,0001830033,PURECYCLE TECHNOLOGIES,1
1020710,DXP ENTERPRISES INC,DXPE,Nasdaq,0001020710,DXP ENTERPRISES,1
1023512,DRDGOLD LTD,DRD,NYSE,0001023512,DRDGOLD,1
1589526,Blue Bird Corp,BLBD,Nasdaq,0001589526,BLUE BIRD,1
1933414,"Mineralys Therapeutics, Inc.",MLYS,Nasdaq,0001933414,MINERALYS THERAPEUTICS,1
814083,"Cornerstone Strategic Investment Fund, Inc.",CLM,NYSE,0000814083,CORNERSTONE STRATEGIC INVESTMENT FUND,1
1295401,"Bancorp, Inc.",TBBK,Nasdaq,0001295401,,1
793074,WERNER ENTERPRISES INC,WERN,Nasdaq,0000793074,WERNER ENTERPRISES,1
1709682,"Custom Truck One Source, Inc.",CTOS,NYSE,0001709682,CUSTOM TRUCK ONE SOURCE,1
21535,COHU INC,COHU,Nasdaq,0000021535,COHU,1
1158895,LEMAITRE VASCULAR INC,LMAT,Nasdaq,0001158895,LEMAITRE VASCULAR,1
1816581,"Ouster, Inc.",OUST,Nasdaq,0001816581,OUSTER,1
1504461,NGL Energy Partners LP,NGL,NYSE,0001504461,NGL ENERGY PARTNERS,1
804116,"ROYCE SMALL-CAP TRUST, INC.",RVT,NYSE,0000804116,ROYCE SMALL CAP,1
1863127,"Tyra Biosciences, Inc.",TYRA,Nasdaq,0001863127,TYRA BIOSCIENCES,1
1295947,Prestige Consumer Healthcare Inc.,PBH,NYSE,0001295947,PRESTIGE CONSUMER HEALTHCARE,1
25445,"Crane NXT, Co.",CXT,NYSE,0000025445,CRANE NXT,1
1022408,EPLUS INC,PLUS,Nasdaq,0001022408,EPLUS,1
1561861,"Grupo Aeromexico, S.A.B. de C.V.",AERO,NYSE,0001561861,GRUPO AEROMEXICO S B DE C V,1
1756262,"TransMedics Group, Inc.",TMDX,Nasdaq,0001756262,TRANSMEDICS,1
1951070,"McGraw Hill, Inc.",MH,NYSE,0001951070,MCGRAW HILL,1
1336917,"Under Armour, Inc.",UAA,NYSE,0001336917,UNDER ARMOUR,1
805928,"Axogen, Inc.",AXGN,Nasdaq,0000805928,AXOGEN,1
314489,FIRST BUSEY CORP /NV/,BUSE,Nasdaq,0000314489,FIRST BUSEY NV,1
1261654,UNIVERSAL TECHNICAL INSTITUTE INC,UTI,NYSE,0001261654,UNIVERSAL TECHNICAL INSTITUTE,1
1999001,Six Flags Entertainment Corporation/NEW,FUN,NYSE,0001999001,SIX FLAGS ENTERTAINMENT NEW,1
1601548,"V2X, Inc.",VVX,NYSE,0001601548,V2X,1
921738,"PENN Entertainment, Inc.",PENN,Nasdaq,0000921738,PENN ENTERTAINMENT,1
1617406,Park Hotels & Resorts Inc.,PK,NYSE,0001617406,PARK HOTELS RESORTS,1
1653242,Bank of N.T. Butterfield & Son Ltd,NTB,NYSE,0001653242,OF T BUTTERFIELD SON,1
30305,DUCOMMUN INC /DE/,DCO,NYSE,0000030305,DUCOMMUN DE,1
1045986,FORMULA SYSTEMS (1985) LTD,FORTY,Nasdaq,0001045986,FORMULA SYSTEMS 1985,1
1886428,"Slide Insurance Holdings, Inc.",SLDE,Nasdaq,0001886428,SLIDE INSURANCE,1
48287,HNI CORP,HNI,NYSE,0000048287,HNI,1
1964954,Okeanis Eco Tankers Corp.,ECO,NYSE,0001964954,OKEANIS ECO TANKERS,1
1648257,HUTCHMED (China) Ltd,HCM,Nasdaq,0001648257,HUTCHMED CHINA,1
1489096,"Thermon Group Holdings, Inc.",THR,NYSE,0001489096,THERMON,1
1830487,Pharvaris N.V.,PHVS,Nasdaq,0001830487,PHARVARIS V,1
1680247,ProPetro Holding Corp.,PUMP,NYSE,0001680247,PROPETRO,1
1804745,Driven Brands Holdings Inc.,DRVN,Nasdaq,0001804745,DRIVEN BRANDS,1
1381640,Melco Resorts & Entertainment LTD,MLCO,Nasdaq,0001381640,MELCO RESORTS ENTERTAINMENT,1
1025835,ENTERPRISE FINANCIAL SERVICES CORP,EFSC,Nasdaq,0001025835,ENTERPRISE,1
78814,PITNEY BOWES INC /DE/,PBI,NYSE,0000078814,PITNEY BOWES DE,1
1046568,PERDOCEO EDUCATION Corp,PRDO,Nasdaq,0001046568,PERDOCEO EDUCATION,1
946673,BANNER CORP,BANR,Nasdaq,0000946673,BANNER,1
1265131,Hilltop Holdings Inc.,HTH,NYSE,0001265131,HILLTOP,1
1298946,DiamondRock Hospitality Co,DRH,Nasdaq,0001298946,DIAMONDROCK HOSPITALITY,1
1777921,"AvePoint, Inc.",AVPT,Nasdaq,0001777921,AVEPOINT,1
888746,UNITED BREWERIES CO INC,CCU,NYSE,0000888746,UNITED BREWERIES,1
1428205,"Armour Residential REIT, Inc.",ARR,NYSE,0001428205,ARMOUR RESIDENTIAL REIT,1
1459200,"Alarm.com Holdings, Inc.",ALRM,Nasdaq,0001459200,ALARM COM,1
1526491,G2 Goldfields Inc.,GUYGF,OTC,0001526491,G2 GOLDFIELDS,0
907242,MONARCH CASINO & RESORT INC,MCRI,Nasdaq,0000907242,MONARCH CASINO RESORT,1
1671235,B&M European Value Retail S.A./ADR,BMRRY,OTC,0001671235,B M EUROPEAN VALUE RETAIL S ADR,0
1806837,"Vertex, Inc.",VERX,Nasdaq,0001806837,VERTEX,1
1503584,Costamare Inc.,CMRE,NYSE,0001503584,COSTAMARE,1
1478320,Adaptive Biotechnologies Corp,ADPT,Nasdaq,0001478320,ADAPTIVE BIOTECHNOLOGIES,1
1788451,Ethos Technologies Inc.,LIFE,Nasdaq,0001788451,ETHOS TECHNOLOGIES,1
1530721,Capri Holdings Ltd,CPRI,NYSE,0001530721,CAPRI,1
1717161,CENTRAL PUERTO S.A.,CEPU,NYSE,0001717161,CENTRAL PUERTO S,1
1325964,"Lightwave Logic, Inc.",LWLG,Nasdaq,0001325964,LIGHTWAVE LOGIC,1
2100782,"Generate Biomedicines, Inc.",GENB,Nasdaq,0002100782,GENERATE BIOMEDICINES,1
1070985,"CoreCivic, Inc.",CXW,NYSE,0001070985,CORECIVIC,1
107140,"JOHN WILEY & SONS, INC.",WLY,NYSE,0000107140,JOHN WILEY SONS,1
1320414,SELECT MEDICAL HOLDINGS CORP,SEM,NYSE,0001320414,SELECT MEDICAL,1
1415921,Navios Maritime Partners L.P.,NMM,NYSE,0001415921,NAVIOS MARITIME PARTNERS L P,1
835324,"Stock Yards Bancorp, Inc.",SYBT,Nasdaq,0000835324,STOCK YARDS,1
1788060,"Voyager Technologies, Inc./DE",VOYG,NYSE,0001788060,VOYAGER TECHNOLOGIES DE,1
1629019,Merchants Bancorp,MBIN,Nasdaq,0001629019,MERCHANTS,1
1733998,Northwest Natural Holding Co,NWN,NYSE,0001733998,NORTHWEST NATURAL,1
1286973,Americas Gold & Silver Corp,USAS,NYSE,0001286973,AMERICAS GOLD SILVER,1
1723596,"Columbia Financial, Inc.",CLBK,Nasdaq,0001723596,COLUMBIA,1
1645113,NovoCure Ltd,NVCR,Nasdaq,0001645113,NOVOCURE,1
94344,STEWART INFORMATION SERVICES CORP,STC,NYSE,0000094344,STEWART INFORMATION,1
876523,EZCORP INC,EZPW,Nasdaq,0000876523,EZCORP,1
885590,Bausch Health Companies Inc.,BHC,NYSE,0000885590,BAUSCH HEALTH COMPANIES,1
1580808,"A10 Networks, Inc.",ATEN,NYSE,0001580808,A10 NETWORKS,1
1075415,DIVERSIFIED HEALTHCARE TRUST,DHC,Nasdaq,0001075415,DIVERSIFIED HEALTHCARE,1
1879016,Ivanhoe Electric Inc.,IE,NYSE,0001879016,IVANHOE ELECTRIC,1
1362468,Allegiant Travel CO,ALGT,Nasdaq,0001362468,ALLEGIANT TRAVEL,1
2073620,Parex Resources Inc./ADR,PAEXY,OTC,0002073620,PAREX RESOURCES ADR,0
818479,DENTSPLY SIRONA Inc.,XRAY,Nasdaq,0000818479,DENTSPLY SIRONA,1
1563880,"Trevi Therapeutics, Inc.",TRVI,Nasdaq,0001563880,TREVI THERAPEUTICS,1
1755953,American Bitcoin Corp.,ABTC,Nasdaq,0001755953,AMERICAN BITCOIN,1
1393434,"OCULAR THERAPEUTIX, INC",OCUL,Nasdaq,0001393434,OCULAR THERAPEUTIX,1
1884082,Polestar Automotive Holding UK PLC,PSNY,Nasdaq,0001884082,POLESTAR AUTOMOTIVE UK,1
1798100,NETSTREIT Corp.,NTST,NYSE,0001798100,NETSTREIT,1
1400810,"HCI Group, Inc.",HCI,NYSE,0001400810,HCI,1
1595761,WEIBO Corp,WB,Nasdaq,0001595761,WEIBO,1
1682745,VERRA MOBILITY Corp,VRRM,Nasdaq,0001682745,VERRA MOBILITY,1
1622629,Southern Cross Gold Consolidated Ltd.,SXGCF,OTC,0001622629,SOUTHERN CROSS GOLD CONSOLIDATED,0
1532173,Turk Altin Isletmeleri A.S./ADR,KOZAY,OTC,0001532173,TURK ALTIN ISLETMELERI S ADR,0
1580560,Flywire Corp,FLYW,Nasdaq,0001580560,FLYWIRE,1
2032966,"TIC Solutions, Inc.",TIC,NYSE,0002032966,TIC SOLUTIONS,1
1636639,Pelagos Insurance Capital Ltd,PLGO,NYSE,0001636639,PELAGOS INSURANCE CAPITAL,1
1619762,Brightstar Lottery PLC,BRSL,NYSE,0001619762,BRIGHTSTAR LOTTERY,1
1968487,"Worthington Steel, Inc.",WS,NYSE,0001968487,WORTHINGTON STEEL,1
1836981,"BigBear.ai Holdings, Inc.",BBAI,NYSE,0001836981,BIGBEAR AI,1
1052752,GETTY REALTY CORP /MD/,GTY,NYSE,0001052752,GETTY REALTY MD,1
1022321,GENESIS ENERGY LP,GEL,NYSE,0001022321,GENESIS ENERGY,1
1527636,Autohome Inc.,ATHM,NYSE,0001527636,AUTOHOME,1
1713930,Nexa Resources S.A.,NEXA,NYSE,0001713930,NEXA RESOURCES S,1
1600620,Aurinia Pharmaceuticals Inc.,AUPH,Nasdaq,0001600620,AURINIA PHARMACEUTICALS,1
1846576,"FIGS, Inc.",FIGS,NYSE,0001846576,FIGS,1
926326,"OMNICELL, INC.",OMCL,Nasdaq,0000926326,OMNICELL,1
1293135,VERMILION ENERGY INC.,VET,NYSE,0001293135,VERMILION ENERGY,1
1471265,"Northwest Bancshares, Inc.",NWBI,Nasdaq,0001471265,NORTHWEST BANCSHARES,1
1526113,"Global Net Lease, Inc.",GNL,NYSE,0001526113,GLOBAL NET LEASE,1
890541,"FOREIGN TRADE BANK OF LATIN AMERICA, INC.",BLX,NYSE,0000890541,FOREIGN TRADE OF LATIN AMERICA,1
1781755,"Baldwin Insurance Group, Inc.",BWIN,Nasdaq,0001781755,BALDWIN INSURANCE,1
1848763,ReNew Energy Global plc,RNW,Nasdaq,0001848763,RENEW ENERGY GLOBAL,1
1071438,BRASKEM SA,BAK,NYSE,0001071438,BRASKEM SA,1
924901,"Veris Residential, Inc.",VRE,NYSE,0000924901,VERIS RESIDENTIAL,1
1253327,Eaton Vance Tax-Advantaged Dividend Income Fund,EVT,NYSE,0001253327,EATON VANCE TAX ADVANTAGED DIVIDEND INCOME FUND,1
887905,LTC PROPERTIES INC,LTC,NYSE,0000887905,LTC PROPERTIES,1
1345099,MESOBLAST LTD,MESO,Nasdaq,0001345099,MESOBLAST,1
42682,GORMAN RUPP CO,GRC,NYSE,0000042682,GORMAN RUPP,1
1263364,Idaho Copper Corp,COPR,OTC,0001263364,IDAHO COPPER,0
1688757,ESTABLISHMENT LABS HOLDINGS INC.,ESTA,Nasdaq,0001688757,ESTABLISHMENT LABS,1
1715497,Borr Drilling Ltd,BORR,NYSE,0001715497,BORR DRILLING,1
1054905,INNOSPEC INC.,IOSP,Nasdaq,0001054905,INNOSPEC,1
1042893,"Innovex International, Inc.",INVX,NYSE,0001042893,INNOVEX INTERNATIONAL,1
1768666,BlackRock Science & Technology Term Trust,BSTZ,NYSE,0001768666,BLACKROCK SCIENCE TECHNOLOGY TERM,1
1509991,Kosmos Energy Ltd.,KOS,NYSE,0001509991,KOSMOS ENERGY,1
1652130,"Intellia Therapeutics, Inc.",NTLA,Nasdaq,0001652130,INTELLIA THERAPEUTICS,1
78749,AGILYSYS INC,AGYS,Nasdaq,0000078749,AGILYSYS,1
1368514,"ADMA BIOLOGICS, INC.",ADMA,Nasdaq,0001368514,ADMA BIOLOGICS,1
1499505,Adecoagro S.A.,AGRO,NYSE,0001499505,ADECOAGRO S,1
1083446,"Astrana Health, Inc.",ASTH,Nasdaq,0001083446,ASTRANA HEALTH,1
1295810,"Sunstone Hotel Investors, Inc.",SHO,NYSE,0001295810,SUNSTONE HOTEL INVESTORS,1
733269,"LiveRamp Holdings, Inc.",RAMP,NYSE,0000733269,LIVERAMP,1
845877,FEDERAL AGRICULTURAL MORTGAGE CORP,AGM,NYSE,0000845877,FEDERAL AGRICULTURAL MORTGAGE,1
812801,NUVEEN MUNICIPAL VALUE FUND INC,NUV,NYSE,0000812801,NUVEEN MUNICIPAL VALUE FUND,1
1562294,Electricity Generating Public Co Limited/ADR,EYUBY,OTC,0001562294,ELECTRICITY GENERATING PUBLIC ADR,0
2013649,Chagee Holdings Ltd.,CHA,Nasdaq,0002013649,CHAGEE,1
1092699,SPS COMMERCE INC,SPSC,Nasdaq,0001092699,SPS COMMERCE,1
932695,CHINA YUCHAI INTERNATIONAL LTD,CYD,NYSE,0000932695,CHINA YUCHAI INTERNATIONAL,1
1848309,Sigma Lithium Corp,SGML,Nasdaq,0001848309,SIGMA LITHIUM,1
1623526,"Stoke Therapeutics, Inc.",STOK,Nasdaq,0001623526,STOKE THERAPEUTICS,1
1311307,LANXESS AG,LNXSY,OTC,0001311307,LANXESS AG,0
1712189,Target Hospitality Corp.,TH,Nasdaq,0001712189,TARGET HOSPITALITY,1
1519449,"Skyward Specialty Insurance Group, Inc.",SKWD,Nasdaq,0001519449,SKYWARD SPECIALTY INSURANCE,1
937098,"TRINET GROUP, INC.",TNET,NYSE,0000937098,TRINET,1
1030469,OFG BANCORP,OFG,NYSE,0001030469,OFG,1
1473844,"Stellar Bancorp, Inc.",STEL,NYSE,0001473844,STELLAR,1
873303,"Sarepta Therapeutics, Inc.",SRPT,Nasdaq,0000873303,SAREPTA THERAPEUTICS,1
921582,IMAX CORP,IMAX,NYSE,0000921582,IMAX,1
1074952,Nuveen California Quality Municipal Income Fund,NAC,NYSE,0001074952,NUVEEN CALIFORNIA QUALITY MUNICIPAL INCOME FUND,1
893949,"Pediatrix Medical Group, Inc.",MD,NYSE,0000893949,PEDIATRIX MEDICAL,1
99614,TRI-CONTINENTAL Corp,TY,NYSE,0000099614,TRI CONTINENTAL,1
712537,FIRST COMMONWEALTH FINANCIAL CORP /PA/,FCF,NYSE,0000712537,FIRST COMMONWEALTH PA,1
1595974,"MAGNITE, INC.",MGNI,Nasdaq,0001595974,MAGNITE,1
1432364,AZUL SA,AZLUY,OTC,0001432364,AZUL SA,0
1370053,"ANAPTYSBIO, INC",ANAB,Nasdaq,0001370053,ANAPTYSBIO,1
1475841,National Bank Holdings Corp,NBHC,NYSE,0001475841,,1
1801170,"CLOVER HEALTH INVESTMENTS, CORP. /DE",CLOV,Nasdaq,0001801170,CLOVER HEALTH INVESTMENTS DE,1
1638833,"Surgery Partners, Inc.",SGRY,Nasdaq,0001638833,SURGERY PARTNERS,1
1551306,"Progyny, Inc.",PGNY,Nasdaq,0001551306,PROGYNY,1
2023311,ASCENTAGE PHARMA GROUP INTERNATIONAL,AAPG,Nasdaq,0002023311,ASCENTAGE PHARMA INTERNATIONAL,1
949870,BOSTON BEER CO INC,SAM,NYSE,0000949870,BOSTON BEER,1
850141,HORACE MANN EDUCATORS CORP /DE/,HMN,NYSE,0000850141,HORACE MANN EDUCATORS DE,1
2033377,Mega Fortune Co Ltd,MGRT,Nasdaq,0002033377,MEGA FORTUNE,1
2036042,"Sionna Therapeutics, Inc.",SION,Nasdaq,0002036042,SIONNA THERAPEUTICS,1
1825570,Patria Investments Ltd,PAX,Nasdaq,0001825570,PATRIA INVESTMENTS,1
1024305,COTY INC.,COTY,NYSE,0001024305,COTY,1
1798618,PIMCO Dynamic Income Opportunities Fund,PDO,NYSE,0001798618,PIMCO DYNAMIC INCOME OPPORTUNITIES FUND,1
1409970,LendingClub Corp,LC,NYSE,0001409970,LENDINGCLUB,1
1575828,EXPRO GROUP HOLDINGS N.V.,XPRO,NYSE,0001575828,EXPRO V,1
897077,ALAMO GROUP INC,ALG,NYSE,0000897077,ALAMO,1
1395937,Syndax Pharmaceuticals Inc,SNDX,Nasdaq,0001395937,SYNDAX PHARMACEUTICALS,1
1013934,"Strategic Education, Inc.",STRA,Nasdaq,0001013934,STRATEGIC EDUCATION,1
1529274,"ALKAMI TECHNOLOGY, INC.",ALKT,Nasdaq,0001529274,ALKAMI TECHNOLOGY,1
1043000,"SONIDA SENIOR LIVING, INC.",SNDA,NYSE,0001043000,SONIDA SENIOR LIVING,1
109177,"Spectrum Brands Holdings, Inc.",SPB,NYSE,0000109177,SPECTRUM BRANDS,1
1120914,PDF SOLUTIONS INC,PDFS,Nasdaq,0001120914,PDF SOLUTIONS,1
711377,NEOGEN CORP,NEOG,Nasdaq,0000711377,NEOGEN,1
1421876,Lakefront Biotherapeutics NV,LKFT,Nasdaq,0001421876,LAKEFRONT BIOTHERAPEUTICS NV,1
6955,ENERPAC TOOL GROUP CORP,EPAC,NYSE,0000006955,ENERPAC TOOL,1
2012593,"Rapport Therapeutics, Inc.",RAPP,Nasdaq,0002012593,RAPPORT THERAPEUTICS,1
37785,FMC CORP,FMC,NYSE,0000037785,FMC,1
1023024,ANI PHARMACEUTICALS INC,ANIP,Nasdaq,0001023024,ANI PHARMACEUTICALS,1
1314727,Sonos Inc,SONO,Nasdaq,0001314727,SONOS,1
1123134,CHIPMOS TECHNOLOGIES INC,IMOS,Nasdaq,0001123134,CHIPMOS TECHNOLOGIES,1
1966983,LITHIUM AMERICAS CORP.,LAC,NYSE,0001966983,LITHIUM AMERICAS,1
1937653,Zymeworks Inc.,ZYME,Nasdaq,0001937653,ZYMEWORKS,1
1488139,"Ameresco, Inc.",AMRC,NYSE,0001488139,AMERESCO,1
1953530,Oculis Holding AG,OCS,Nasdaq,0001953530,OCULIS AG,1
1497770,"Walker & Dunlop, Inc.",WD,NYSE,0001497770,WALKER DUNLOP,1
1010000,RUPERT RESOURCES LTD,RUPRF,OTC,0001010000,RUPERT RESOURCES,0
1084961,ENCORE CAPITAL GROUP INC,ECPG,Nasdaq,0001084961,ENCORE CAPITAL,1
860748,KEMPER Corp,KMPR,NYSE,0000860748,KEMPER,1
1657788,"Kimbell Royalty Partners, LP",KRP,NYSE,0001657788,KIMBELL ROYALTY PARTNERS,1
1657853,"HERTZ GLOBAL HOLDINGS, INC",HTZ,Nasdaq,0001657853,HERTZ GLOBAL,1
1596993,DORIAN LPG LTD.,LPG,NYSE,0001596993,DORIAN LPG,1
1270523,Eaton Vance Tax-Advantaged Global Dividend Income Fund,ETG,NYSE,0001270523,EATON VANCE TAX ADVANTAGED GLOBAL DIVIDEND INCOME FUND,1
1802665,"Harmony Biosciences Holdings, Inc.",HRMY,Nasdaq,0001802665,HARMONY BIOSCIENCES,1
105418,WEIS MARKETS INC,WMK,NYSE,0000105418,WEIS MARKETS,1
1157842,COHEN & STEERS QUALITY INCOME REALTY FUND INC,RQI,NYSE,0001157842,COHEN STEERS QUALITY INCOME REALTY FUND,1
1772253,Flex LNG Ltd.,FLNG,NYSE,0001772253,FLEX LNG,1
1514416,Bandwidth Inc.,BAND,Nasdaq,0001514416,BANDWIDTH,1
1290677,"Turning Point Brands, Inc.",TPB,NYSE,0001290677,TURNING POINT BRANDS,1
1590750,"Viridian Therapeutics, Inc.\DE",VRDN,Nasdaq,0001590750,VIRIDIAN THERAPEUTICS DE,1
1831651,"Shoals Technologies Group, Inc.",SHLS,Nasdaq,0001831651,SHOALS TECHNOLOGIES,1
2095292,Brava Energia S.A.,BVENY,OTC,0002095292,BRAVA ENERGIA S,0
799195,LIBERTY ALL STAR EQUITY FUND,USA,NYSE,0000799195,LIBERTY ALL STAR EQUITY FUND,1
794685,GABELLI EQUITY TRUST INC,GAB,NYSE,0000794685,GABELLI EQUITY,1
1508478,Arcos Dorados Holdings Inc.,ARCO,NYSE,0001508478,ARCOS DORADOS,1
819793,ALBANY INTERNATIONAL CORP /DE/,AIN,NYSE,0000819793,ALBANY INTERNATIONAL DE,1
34782,1ST SOURCE CORP,SRCE,Nasdaq,0000034782,1ST SOURCE,1
1443669,Proto Labs Inc,PRLB,NYSE,0001443669,PROTO LABS,1
1534675,Tecnoglass Inc.,TGLS,NYSE,0001534675,TECNOGLASS,1
1806310,"Taysha Gene Therapies, Inc.",TSHA,Nasdaq,0001806310,TAYSHA GENE THERAPIES,1
726854,CITY HOLDING CO,CHCO,Nasdaq,0000726854,CITY,1
1289848,Huron Consulting Group Inc.,HURN,Nasdaq,0001289848,HURON CONSULTING,1
1819974,"SkyWater Technology, Inc",SKYT,Nasdaq,0001819974,SKYWATER TECHNOLOGY,1
1590560,uniQure N.V.,QURE,Nasdaq,0001590560,UNIQURE V,1
1777835,Perella Weinberg Partners,PWP,Nasdaq,0001777835,PERELLA WEINBERG PARTNERS,1
1158463,JETBLUE AIRWAYS CORP,JBLU,Nasdaq,0001158463,JETBLUE AIRWAYS,1
1564902,United Parks & Resorts Inc.,PRKS,NYSE,0001564902,UNITED PARKS RESORTS,1
1468328,Addus HomeCare Corp,ADUS,Nasdaq,0001468328,ADDUS HOMECARE,1
2080921,ARKO Petroleum Corp.,APC,Nasdaq,0002080921,ARKO PETROLEUM,1
1785680,BitVentures Ltd,BVC,Nasdaq,0001785680,BITVENTURES,1
80035,PREFORMED LINE PRODUCTS CO,PLPC,Nasdaq,0000080035,PREFORMED LINE PRODUCTS,1
102426,"SRH Total Return Fund, Inc.",STEW,NYSE,0000102426,SRH TOTAL RETURN FUND,1
1567925,"Sila Realty Trust, Inc.",SILA,NYSE,0001567925,SILA REALTY,1
1524566,WEALTHFRONT CORP,WLTH,Nasdaq,0001524566,WEALTHFRONT,1
887359,Vericel Corp,VCEL,Nasdaq,0000887359,VERICEL,1
1508655,"Sixth Street Specialty Lending, Inc.",TSLX,NYSE,0001508655,SIXTH STREET SPECIALTY LENDING,1
907471,"PATHWARD FINANCIAL, INC.",CASH,Nasdaq,0000907471,PATHWARD,1
1832332,"Aveanna Healthcare Holdings, Inc.",AVAH,Nasdaq,0001832332,AVEANNA HEALTHCARE,1
1322436,Eaton Vance Tax-Managed Buy-Write Opportunities Fund,ETV,NYSE,0001322436,EATON VANCE TAX MANAGED BUY WRITE OPPORTUNITIES FUND,1
1853145,EverCommerce Inc.,EVCM,Nasdaq,0001853145,EVERCOMMERCE,1
1557860,Globant S.A.,GLOB,NYSE,0001557860,GLOBANT S,1
1625101,"PULSE BIOSCIENCES, INC.",PLSE,Nasdaq,0001625101,PULSE BIOSCIENCES,1
1049659,NATIONAL STEEL CO,SID,NYSE,0001049659,STEEL,1
1411342,Ellington Financial Inc.,EFC,NYSE,0001411342,ELLINGTON,1
1439222,"AGIOS PHARMACEUTICALS, INC.",AGIO,Nasdaq,0001439222,AGIOS PHARMACEUTICALS,1
1323468,GLOBAL PARTNERS LP,GLP,NYSE,0001323468,GLOBAL PARTNERS,1
1133869,"CAPRICOR THERAPEUTICS, INC.",CAPR,Nasdaq,0001133869,CAPRICOR THERAPEUTICS,1
26058,CTS CORP,CTS,NYSE,0000026058,CTS,1
2094433,"Suncrete, Inc.",RMIX,Nasdaq,0002094433,SUNCRETE,1
1289877,SFL Corp Ltd.,SFL,NYSE,0001289877,SFL,1
1288847,"Five9, Inc.",FIVN,Nasdaq,0001288847,FIVE9,1
914156,UFP TECHNOLOGIES INC,UFPT,Nasdaq,0000914156,UFP TECHNOLOGIES,1
744187,REX AMERICAN RESOURCES Corp,REX,NYSE,0000744187,REX AMERICAN RESOURCES,1
1541401,"Empire State Realty Trust, Inc.",ESRT,NYSE,0001541401,EMPIRE STATE REALTY,1
2019103,Solaris Resources Inc.,SLSR,NYSE,0002019103,SOLARIS RESOURCES,1
1462120,"Live Oak Bancshares, Inc.",LOB,NYSE,0001462120,LIVE OAK BANCSHARES,1
1585389,"SmartStop Self Storage REIT, Inc.",SMA,NYSE,0001585389,SMARTSTOP SELF STORAGE REIT,1
1951089,Critical Metals Corp.,CRML,Nasdaq,0001951089,CRITICAL METALS,1
1549595,"Nurix Therapeutics, Inc.",NRIX,Nasdaq,0001549595,NURIX THERAPEUTICS,1
2094100,PT Medco Energi Internasional Tbk/ADR,MDCOY,OTC,0002094100,PT MEDCO ENERGI INTERNASIONAL TBK ADR,0
1583648,"PALVELLA THERAPEUTICS, INC.",PVLA,Nasdaq,0001583648,PALVELLA THERAPEUTICS,1
50493,INGLES MARKETS INC,IMKTA,Nasdaq,0000050493,INGLES MARKETS,1
1997859,WEBTOON Entertainment Inc.,WBTN,Nasdaq,0001997859,WEBTOON ENTERTAINMENT,1
1670541,Adient plc,ADNT,NYSE,0001670541,ADIENT,1
814453,NEWELL BRANDS INC.,NWL,Nasdaq,0000814453,NEWELL BRANDS,1
1440972,Lithium Argentina AG,LAR,NYSE,0001440972,LITHIUM ARGENTINA AG,1
2082141,Avio S.p.A./ADR,AVVSY,OTC,0002082141,AVIO S P ADR,0
1902733,"nCino, Inc.",NCNO,Nasdaq,0001902733,NCINO,1
715787,INTERFACE INC,TILE,Nasdaq,0000715787,INTERFACE,1
1437545,Embla Medical HF/ADR,OSSUY,OTC,0001437545,EMBLA MEDICAL HF ADR,0
1816007,Lufax Holding Ltd,LU,NYSE,0001816007,LUFAX,1
1080014,"Innoviva, Inc.",INVA,Nasdaq,0001080014,INNOVIVA,1
42582,GOODYEAR TIRE & RUBBER CO /OH/,GT,Nasdaq,0000042582,GOODYEAR TIRE RUBBER OH,1
1050377,PC CONNECTION INC,CNXN,Nasdaq,0001050377,PC CONNECTION,1
1967649,Vestis Corp,VSTS,NYSE,0001967649,VESTIS,1
1565687,"Intapp, Inc.",INTA,Nasdaq,0001565687,INTAPP,1
1522540,"Marqeta, Inc.",MQ,Nasdaq,0001522540,MARQETA,1
1809541,BlackRock Capital Allocation Term Trust,BCAT,NYSE,0001809541,BLACKROCK CAPITAL ALLOCATION TERM,1
1709442,FIRSTSUN CAPITAL BANCORP,FSUN,Nasdaq,0001709442,FIRSTSUN CAPITAL,1
1500217,"American Assets Trust, Inc.",AAT,NYSE,0001500217,AMERICAN ASSETS,1
45876,ENVIRI Corp,NVRI,NYSE,0000045876,ENVIRI,1
1737450,Opera Ltd,OPRA,Nasdaq,0001737450,OPERA,1
1666134,"BLACKLINE, INC.",BL,Nasdaq,0001666134,BLACKLINE,1
718937,STAAR SURGICAL CO,STAA,Nasdaq,0000718937,STAAR SURGICAL,1
1474098,Pebblebrook Hotel Trust,PEB,NYSE,0001474098,PEBBLEBROOK HOTEL,1
1702318,Akso Health Group,AHG,Nasdaq,0001702318,AKSO HEALTH,1
1708035,Ecovyst Inc.,ECVT,NYSE,0001708035,ECOVYST,1
2007919,"Inhibrx Biosciences, Inc.",INBX,Nasdaq,0002007919,INHIBRX BIOSCIENCES,1
1332283,BlackRock Enhanced Equity Dividend Trust,BDJ,NYSE,0001332283,BLACKROCK ENHANCED EQUITY DIVIDEND,1
1992243,T1 Energy Inc.,TE,NYSE,0001992243,T1 ENERGY,1
1356090,"PRECIGEN, INC.",PGEN,Nasdaq,0001356090,PRECIGEN,1
1746109,Bank First Corp,BFC,Nasdaq,0001746109,FIRST,1
1616678,BlackRock Science & Technology Trust,BST,NYSE,0001616678,BLACKROCK SCIENCE TECHNOLOGY,1
846617,"Dime Community Bancshares, Inc. /NY/",DCOM,NYSE,0000846617,DIME COMMUNITY BANCSHARES NY,1
356171,TRICO BANCSHARES /,TCBK,Nasdaq,0000356171,TRICO BANCSHARES,1
714395,"GERMAN AMERICAN BANCORP, INC.",GABC,Nasdaq,0000714395,GERMAN AMERICAN,1
1667011,"Arteris, Inc.",AIP,Nasdaq,0001667011,ARTERIS,1
18748,CENTRAL SECURITIES CORP,CET,NYSE,0000018748,CENTRAL SECURITIES,1
719220,S&T BANCORP INC,STBA,Nasdaq,0000719220,S T,1
1163739,NABORS INDUSTRIES LTD,NBR,NYSE,0001163739,NABORS INDUSTRIES,1
1286613,LINCOLN EDUCATIONAL SERVICES CORP,LINC,Nasdaq,0001286613,LINCOLN EDUCATIONAL,1
1741530,"Qfin Holdings, Inc.",QFIN,Nasdaq,0001741530,QFIN,1
1616000,"Xenia Hotels & Resorts, Inc.",XHR,NYSE,0001616000,XENIA HOTELS RESORTS,1
1601830,"RECURSION PHARMACEUTICALS, INC.",RXRX,Nasdaq,0001601830,RECURSION PHARMACEUTICALS,1
1830081,Rumble Inc.,RUM,Nasdaq,0001830081,RUMBLE,1
1677576,INNOVATIVE INDUSTRIAL PROPERTIES INC,IIPR,NYSE,0001677576,INNOVATIVE INDUSTRIAL PROPERTIES,1
1764046,CLARIVATE PLC,CLVT,NYSE,0001764046,CLARIVATE,1
2085187,"Bob's Discount Furniture, Inc.",BOBS,NYSE,0002085187,BOB S DISCOUNT FURNITURE,1
1047340,FRESH DEL MONTE PRODUCE INC,FDP,NYSE,0001047340,FRESH DEL MONTE PRODUCE,1
1776111,"MBX Biosciences, Inc.",MBX,Nasdaq,0001776111,MBX BIOSCIENCES,1
944148,"CBIZ, Inc.",CBZ,NYSE,0000944148,CBIZ,1
1437402,"ARDELYX, INC.",ARDX,Nasdaq,0001437402,ARDELYX,1
1425205,"IOVANCE BIOTHERAPEUTICS, INC.",IOVA,Nasdaq,0001425205,IOVANCE BIOTHERAPEUTICS,1
1845815,Payoneer Global Inc.,PAYO,Nasdaq,0001845815,PAYONEER GLOBAL,1
1408100,"Kennedy-Wilson Holdings, Inc.",KW,NYSE,0001408100,KENNEDY WILSON,1
40417,GENERAL AMERICAN INVESTORS CO INC,GAM,NYSE,0000040417,GENERAL AMERICAN INVESTORS,1
742278,RPC INC,RES,NYSE,0000742278,RPC,1
1826457,"Monte Rosa Therapeutics, Inc.",GLUE,Nasdaq,0001826457,MONTE ROSA THERAPEUTICS,1
1823239,"MARAVAI LIFESCIENCES HOLDINGS, INC.",MRVI,Nasdaq,0001823239,MARAVAI LIFESCIENCES,1
1795139,Green Thumb Industries Inc.,GTBIF,OTC,0001795139,GREEN THUMB INDUSTRIES,0
30697,Wendy's Co,WEN,Nasdaq,0000030697,WENDY S,1
1500412,"Ambiq Micro, Inc.",AMBQ,NYSE,0001500412,AMBIQ MICRO,1
1128928,FLOWERS FOODS INC,FLO,NYSE,0001128928,FLOWERS FOODS,1
1128361,HOPE BANCORP INC,HOPE,Nasdaq,0001128361,HOPE,1
1786108,Trinity Capital Inc.,TRIN,Nasdaq,0001786108,TRINITY CAPITAL,1
1840502,Taboola.com Ltd.,TBLA,Nasdaq,0001840502,TABOOLA COM,1
1062231,Dauch Corp,DCH,NYSE,0001062231,DAUCH,1
1651562,"Coursera, Inc.",COUR,NYSE,0001651562,COURSERA,1
2076975,Braiin Ltd,BRAI,Nasdaq,0002076975,BRAIIN,1
1811063,Nuvation Bio Inc.,NUVB,NYSE,0001811063,NUVATION BIO,1
912892,"GRUPO TELEVISA, S.A.B.",TV,NYSE,0000912892,GRUPO TELEVISA S B,1
2104204,"Alamar Biosciences, Inc.",ALMR,Nasdaq,0002104204,ALAMAR BIOSCIENCES,1
876883,Stagwell Inc,STGW,Nasdaq,0000876883,STAGWELL,1
1864843,BlackRock ESG Capital Allocation Term Trust,ECAT,NYSE,0001864843,BLACKROCK ESG CAPITAL ALLOCATION TERM,1
1953575,Collective Mining Ltd.,CNL,NYSE,0001953575,COLLECTIVE MINING,1
1084048,"ZIFF DAVIS, INC.",ZD,Nasdaq,0001084048,ZIFF DAVIS,1
1000694,NOVAVAX INC,NVAX,Nasdaq,0001000694,NOVAVAX,1
1588978,PROCEPT BioRobotics Corp,PRCT,Nasdaq,0001588978,PROCEPT BIOROBOTICS,1
1856485,Sylvamo Corp,SLVM,NYSE,0001856485,SYLVAMO,1
1809196,Immatics N.V.,IMTX,Nasdaq,0001809196,IMMATICS V,1
1800315,"Damora Therapeutics, Inc.",DMRA,Nasdaq,0001800315,DAMORA THERAPEUTICS,1
1706431,"Vir Biotechnology, Inc.",VIR,Nasdaq,0001706431,VIR BIOTECHNOLOGY,1
1608741,Nuveen NASDAQ 100 Dynamic Overwrite Fund,QQQX,Nasdaq,0001608741,NUVEEN NASDAQ 100 DYNAMIC OVERWRITE FUND,1
921557,REPUBLIC BANCORP INC /KY/,RBCAA,Nasdaq,0000921557,REPUBLIC KY,1
866829,HELIX ENERGY SOLUTIONS GROUP INC,HLX,NYSE,0000866829,HELIX ENERGY SOLUTIONS,1
1553079,"Empire State Realty OP, L.P.",ESBA,NYSE,0001553079,EMPIRE STATE REALTY OP L P,1
1971975,Abaxx Technologies Inc.,ABXXF,OTC,0001971975,ABAXX TECHNOLOGIES,0
1477720,"Asana, Inc.",ASAN,NYSE,0001477720,ASANA,1
923120,GREENBRIER COMPANIES INC,GBX,NYSE,0000923120,GREENBRIER COMPANIES,1
1581804,Navigator Holdings Ltd.,NVGS,NYSE,0001581804,NAVIGATOR,1
2085091,Robinhood Ventures Fund I,RVI,NYSE,0002085091,ROBINHOOD VENTURES FUND I,1
1430725,"Global Ship Lease, Inc.",GSL,NYSE,0001430725,GLOBAL SHIP LEASE,1
1658551,"Amylyx Pharmaceuticals, Inc.",AMLX,Nasdaq,0001658551,AMYLYX PHARMACEUTICALS,1
1803599,Concentrix Corp,CNXC,Nasdaq,0001803599,CONCENTRIX,1
1585364,PERRIGO Co plc,PRGO,NYSE,0001585364,PERRIGO,1
1539638,"Triumph Financial, Inc.",TFIN,NYSE,0001539638,TRIUMPH,1
1855129,GH Research PLC,GHRS,Nasdaq,0001855129,GH RESEARCH,1
2081043,AtaiBeckley Inc.,ATAI,Nasdaq,0002081043,ATAIBECKLEY,1
789460,WORLD KINECT CORP,WKC,NYSE,0000789460,WORLD KINECT,1
1688568,DXC Technology Co,DXC,NYSE,0001688568,DXC TECHNOLOGY,1
1756655,"Ardent Health, Inc.",ARDT,NYSE,0001756655,ARDENT HEALTH,1
1874315,Satellogic Inc.,SATL,Nasdaq,0001874315,SATELLOGIC,1
731012,HEALTHCARE SERVICES GROUP INC,HCSG,Nasdaq,0000731012,HEALTHCARE,1
1559865,"EVERTEC, Inc.",EVTC,NYSE,0001559865,EVERTEC,1
1753539,BlackSky Technology Inc.,BKSY,NYSE,0001753539,BLACKSKY TECHNOLOGY,1
712771,"ConnectOne Bancorp, Inc.",CNOB,Nasdaq,0000712771,CONNECTONE,1
1810019,"Rackspace Technology, Inc.",RXT,Nasdaq,0001810019,RACKSPACE TECHNOLOGY,1
1725255,AdaptHealth Corp.,AHCO,Nasdaq,0001725255,ADAPTHEALTH,1
2090646,Boost Run Inc.,BRUN,Nasdaq,0002090646,BOOST RUN,1
1620393,"NexPoint Residential Trust, Inc.",NXRT,NYSE,0001620393,NEXPOINT RESIDENTIAL,1
1702750,"BYLINE BANCORP, INC.",BY,NYSE,0001702750,BYLINE,1
1712184,Liberty Latin America Ltd.,LILA,Nasdaq,0001712184,LIBERTY LATIN AMERICA,1
906465,QCR HOLDINGS INC,QCRH,Nasdaq,0000906465,QCR,1
2064947,WaterBridge Infrastructure LLC,WBI,NYSE,0002064947,WATERBRIDGE INFRASTRUCTURE,1
1781753,"Youdao, Inc.",DAO,NYSE,0001781753,YOUDAO,1
1467760,"Apollo Commercial Real Estate Finance, Inc.",ARI,NYSE,0001467760,APOLLO COMMERCIAL REAL ESTATE FINANCE,1
910612,CBL & ASSOCIATES PROPERTIES INC,CBL,NYSE,0000910612,CBL ASSOCIATES PROPERTIES,1
1853138,"Kodiak AI, Inc.",KDK,Nasdaq,0001853138,KODIAK AI,1
1441683,APPIAN CORP,APPN,Nasdaq,0001441683,APPIAN,1
1018164,WILLIS LEASE FINANCE CORP,WLFC,Nasdaq,0001018164,WILLIS LEASE FINANCE,1
1528437,BlackRock Municipal 2030 Target Term Trust,BTT,NYSE,0001528437,BLACKROCK MUNICIPAL 2030 TARGET TERM,1
17313,CAPITAL SOUTHWEST CORP,CSWC,Nasdaq,0000017313,CAPITAL SOUTHWEST,1
1843974,Destiny Tech100 Inc.,DXYZ,NYSE,0001843974,DESTINY TECH100,1
1671927,Immunocore Holdings plc,IMCR,Nasdaq,0001671927,IMMUNOCORE,1
721994,LAKELAND FINANCIAL CORP,LKFN,Nasdaq,0000721994,LAKELAND,1
844965,TETRA TECHNOLOGIES INC,TTI,NYSE,0000844965,TETRA TECHNOLOGIES,1
1828102,Karooooo Ltd.,KARO,Nasdaq,0001828102,KAROOOOO,1
1323885,"AtriCure, Inc.",ATRC,Nasdaq,0001323885,ATRICURE,1
1348911,"KalVista Pharmaceuticals, Inc.",KALV,Nasdaq,0001348911,KALVISTA PHARMACEUTICALS,1
1171486,NATURAL RESOURCE PARTNERS LP,NRP,NYSE,0001171486,NATURAL RESOURCE PARTNERS,1
2054507,Hotel101 Global Holdings Corp.,HBNB,Nasdaq,0002054507,HOTEL101 GLOBAL,1
57131,LA-Z-BOY INC,LZB,NYSE,0000057131,LA Z BOY,1
1822492,Hillman Solutions Corp.,HLMN,Nasdaq,0001822492,HILLMAN SOLUTIONS,1
1842295,"Maze Therapeutics, Inc.",MAZE,Nasdaq,0001842295,MAZE THERAPEUTICS,1
1280058,BLACKBAUD INC,BLKB,Nasdaq,0001280058,BLACKBAUD,1
1516912,"Origin Bancorp, Inc.",OBK,NYSE,0001516912,ORIGIN,1
1739016,Elevra Lithium Ltd,ELVR,Nasdaq,0001739016,ELEVRA LITHIUM,1
1668243,UroGen Pharma Ltd.,URGN,Nasdaq,0001668243,UROGEN PHARMA,1
1831097,"agilon health, inc.",AGL,NYSE,0001831097,AGILON HEALTH,1
1420800,Enovis CORP,ENOV,NYSE,0001420800,ENOVIS,1
1816590,COMPASS Pathways plc,CMPS,Nasdaq,0001816590,COMPASS PATHWAYS,1
1710155,"National Vision Holdings, Inc.",EYE,Nasdaq,0001710155,VISION,1
1754195,Trulieve Cannabis Corp.,TCNNF,OTC,0001754195,TRULIEVE CANNABIS,0
1069899,PHIBRO ANIMAL HEALTH CORP,PAHC,Nasdaq,0001069899,PHIBRO ANIMAL HEALTH,1
1370450,"Willdan Group, Inc.",WLDN,Nasdaq,0001370450,WILLDAN,1
1576940,"Century Communities, Inc.",CCS,NYSE,0001576940,CENTURY COMMUNITIES,1
1819928,"DoubleVerify Holdings, Inc.",DV,NYSE,0001819928,DOUBLEVERIFY,1
1222401,"BLACKROCK CORPORATE HIGH YIELD FUND, INC.",HYT,NYSE,0001222401,BLACKROCK CORPORATE HIGH YIELD FUND,1
748268,"Red Cat Holdings, Inc.",RCAT,Nasdaq,0000748268,RED CAT,1
1820721,"Array Technologies, Inc.",ARRY,Nasdaq,0001820721,ARRAY TECHNOLOGIES,1
1913577,"Semnur Pharmaceuticals, Inc.",SMNR,OTC,0001913577,SEMNUR PHARMACEUTICALS,0
1518621,"Orchid Island Capital, Inc.",ORC,NYSE,0001518621,ORCHID ISLAND CAPITAL,1
97134,TENNANT CO,TNC,NYSE,0000097134,TENNANT,1
1651717,Nomad Foods Ltd,NOMD,NYSE,0001651717,NOMAD FOODS,1
1425292,"CVR PARTNERS, LP",UAN,NYSE,0001425292,CVR PARTNERS,1
1511337,RLJ Lodging Trust,RLJ,NYSE,0001511337,RLJ LODGING,1
1493507,Shanghai Fudan Microelectronics Co Limited/ADR/,SFDMY,OTC,0001493507,SHANGHAI FUDAN MICROELECTRONICS ADR,0
1868726,"OLAPLEX HOLDINGS, INC.",OLPX,Nasdaq,0001868726,OLAPLEX,1
314203,McEwen Inc.,MUX,NYSE,0000314203,MCEWEN,1
842633,TRIMAS CORP,TRS,Nasdaq,0000842633,TRIMAS,1
1841644,PicS N.V.,PICS,Nasdaq,0001841644,PICS V,1
851310,HARMONIC INC.,HLIT,Nasdaq,0000851310,HARMONIC,1
1828016,Playtika Holding Corp.,PLTK,Nasdaq,0001828016,PLAYTIKA,1
1260563,"Virtus Dividend, Interest & Premium Strategy Fund",NFJ,NYSE,0001260563,VIRTUS DIVIDEND INTEREST PREMIUM STRATEGY FUND,1
1829118,Tuya Inc.,TUYA,NYSE,0001829118,TUYA,1
319654,PERMIAN BASIN ROYALTY TRUST,PBT,NYSE,0000319654,PERMIAN BASIN ROYALTY,1
1736946,"Arlo Technologies, Inc.",ARLO,NYSE,0001736946,ARLO TECHNOLOGIES,1
1857475,Dole plc,DOLE,NYSE,0001857475,DOLE,1
1726978,"Goosehead Insurance, Inc.",GSHD,Nasdaq,0001726978,GOOSEHEAD INSURANCE,1
1969796,Embracer Group AB/ADR,EBCRY,OTC,0001969796,EMBRACER AB ADR,0
785956,J&J SNACK FOODS CORP,JJSF,Nasdaq,0000785956,J J SNACK FOODS,1
1172358,"DORCHESTER MINERALS, L.P.",DMLP,Nasdaq,0001172358,DORCHESTER MINERALS L P,1
1453015,Ballard Power Systems Inc.,BLDP,Nasdaq,0001453015,BALLARD POWER SYSTEMS,1
102037,UNIVERSAL CORP /VA/,UVV,NYSE,0000102037,UNIVERSAL VA,1
1828318,Enovix Corp,ENVX,Nasdaq,0001828318,ENOVIX,1
1746618,"Revolve Group, Inc.",RVLV,NYSE,0001746618,REVOLVE,1
1808834,"PROG Holdings, Inc.",PRG,NYSE,0001808834,PROG,1
1180262,HERBALIFE LTD.,HLF,NYSE,0001180262,HERBALIFE,1
1734750,"Corvex, Inc.",MOVE,Nasdaq,0001734750,CORVEX,1
1881487,ProFrac Holding Corp.,ACDC,Nasdaq,0001881487,PROFRAC,1
1005210,SUBURBAN PROPANE PARTNERS LP,SPH,NYSE,0001005210,SUBURBAN PROPANE PARTNERS,1
1981535,"Sharplink, Inc.",SBET,Nasdaq,0001981535,SHARPLINK,1
2023658,Bicara Therapeutics Inc.,BCAX,Nasdaq,0002023658,BICARA THERAPEUTICS,1
1465740,TWO HARBORS INVESTMENT CORP.,TWO,NYSE,0001465740,TWO HARBORS INVESTMENT,1
2114044,"Hemab Therapeutics Holdings, Inc.",COAG,Nasdaq,0002114044,HEMAB THERAPEUTICS,1
885639,KOHLS Corp,KSS,NYSE,0000885639,KOHLS,1
1789029,"Aeva Technologies, Inc.",AEVA,Nasdaq,0001789029,AEVA TECHNOLOGIES,1
1390478,"SELLAS Life Sciences Group, Inc.",SLS,Nasdaq,0001390478,SELLAS LIFE SCIENCES,1
1481582,Ryerson Holding Corp,RYZ,NYSE,0001481582,RYERSON,1
1935979,Biohaven Ltd.,BHVN,NYSE,0001935979,BIOHAVEN,1
1857816,GigaCloud Technology Inc,GCT,Nasdaq,0001857816,GIGACLOUD TECHNOLOGY,1
1005731,IDT CORP,IDT,NYSE,0001005731,IDT,1
1631574,Wave Life Sciences Ltd.,WVE,Nasdaq,0001631574,WAVE LIFE SCIENCES,1
1406587,Forestar Group Inc.,FOR,NYSE,0001406587,FORESTAR,1
1868279,"ArriVent BioPharma, Inc.",AVBP,Nasdaq,0001868279,ARRIVENT BIOPHARMA,1
1923891,Nano Nuclear Energy Inc.,NNE,Nasdaq,0001923891,NANO NUCLEAR ENERGY,1
1487952,"Vishay Precision Group, Inc.",VPG,NYSE,0001487952,VISHAY PRECISION,1
69633,"NAPCO SECURITY TECHNOLOGIES, INC",NSSC,Nasdaq,0000069633,NAPCO SECURITY TECHNOLOGIES,1
1965040,Fortrea Holdings Inc.,FTRE,Nasdaq,0001965040,FORTREA,1
1821586,MoonLake Immunotherapeutics,MLTX,Nasdaq,0001821586,MOONLAKE IMMUNOTHERAPEUTICS,1
1782524,Morgan Stanley Direct Lending Fund,MSDL,NYSE,0001782524,MORGAN STANLEY DIRECT LENDING FUND,1
71829,NPK International Inc.,NPKI,NYSE,0000071829,NPK INTERNATIONAL,1
1481513,"JinkoSolar Holding Co., Ltd.",JKS,NYSE,0001481513,JINKOSOLAR,1
1166663,TSAKOS ENERGY NAVIGATION LTD,TEN,NYSE,0001166663,TSAKOS ENERGY NAVIGATION,1
812074,"O-I Glass, Inc. /DE/",OI,NYSE,0000812074,O I GLASS DE,1
1530804,Tronox Holdings plc,TROX,NYSE,0001530804,TRONOX,1
1860543,"Cadre Holdings, Inc.",CDRE,NYSE,0001860543,CADRE,1
1853962,i-80 Gold Corp.,IAUX,NYSE,0001853962,I 80 GOLD,1
2096300,AEVEX Corp.,AVEX,NYSE,0002096300,AEVEX,1
752642,"UMH PROPERTIES, INC.",UMH,NYSE,0000752642,UMH PROPERTIES,1
1569345,"Sprinklr, Inc.",CXM,NYSE,0001569345,SPRINKLR,1
799167,MARTEN TRANSPORT LTD,MRTN,Nasdaq,0000799167,MARTEN TRANSPORT,1
1127703,PROASSURANCE CORP,PRA,NYSE,0001127703,PROASSURANCE,1
311094,WESTAMERICA BANCORPORATION,WABC,Nasdaq,0000311094,WESTAMERICA,1
1577670,Ladder Capital Corp,LADR,NYSE,0001577670,LADDER CAPITAL,1
1577526,"C3.ai, Inc.",AI,NYSE,0001577526,C3 AI,1
1392326,Capital Clean Energy Carriers Corp.,CCEC,Nasdaq,0001392326,CAPITAL CLEAN ENERGY CARRIERS,1
1703057,AbCellera Biologics Inc.,ABCL,Nasdaq,0001703057,ABCELLERA BIOLOGICS,1
110471,WOLVERINE WORLD WIDE INC /DE/,WWW,NYSE,0000110471,WOLVERINE WORLD WIDE DE,1
908315,WINMARK CORP,WINA,Nasdaq,0000908315,WINMARK,1
1603015,"Via Transportation, Inc.",VIA,NYSE,0001603015,VIA TRANSPORTATION,1
58492,LEGGETT & PLATT INC,LEG,NYSE,0000058492,LEGGETT PLATT,1
1540171,Avalyn Pharma Inc.,AVLN,Nasdaq,0001540171,AVALYN PHARMA,1
1525221,Bristow Group Inc.,VTOL,NYSE,0001525221,BRISTOW,1
1771007,Afya Ltd,AFYA,Nasdaq,0001771007,AFYA,1
703604,"Distribution Solutions Group, Inc.",DSGR,Nasdaq,0000703604,DISTRIBUTION SOLUTIONS,1
1818502,OppFi Inc.,OPFI,NYSE,0001818502,OPPFI,1
1964333,Burke & Herbert Financial Services Corp.,BHRB,Nasdaq,0001964333,BURKE HERBERT,1
1766400,"Pennant Group, Inc.",PNTG,Nasdaq,0001766400,PENNANT,1
1060822,CARTERS INC,CRI,NYSE,0001060822,CARTERS,1
101199,UNITED FIRE GROUP INC,UFCS,Nasdaq,0000101199,UNITED FIRE,1
1873951,"Exzeo Group, Inc.",XZO,NYSE,0001873951,EXZEO,1
1566388,DoubleLine Income Solutions Fund,DSL,NYSE,0001566388,DOUBLELINE INCOME SOLUTIONS FUND,1
101538,UNITED STATES ANTIMONY CORP,UAMY,NYSE,0000101538,UNITED STATES ANTIMONY,1
1227654,COMPASS MINERALS INTERNATIONAL INC,CMP,NYSE,0001227654,COMPASS MINERALS INTERNATIONAL,1
1477641,DAQO NEW ENERGY CORP.,DQ,NYSE,0001477641,DAQO NEW ENERGY,1
1013605,PRECISION DRILLING Corp,PDS,NYSE,0001013605,PRECISION DRILLING,1
1898601,IPERIONX Ltd,IPX,Nasdaq,0001898601,IPERIONX,1
1230869,ASA Gold & Precious Metals Ltd,ASA,NYSE,0001230869,ASA GOLD PRECIOUS METALS,1
1512499,"LINDBLAD EXPEDITIONS HOLDINGS, INC.",LIND,Nasdaq,0001512499,LINDBLAD EXPEDITIONS,1
1770069,"MapLight Therapeutics, Inc.",MPLT,Nasdaq,0001770069,MAPLIGHT THERAPEUTICS,1
1796073,Vizsla Silver Corp.,VZLA,NYSE,0001796073,VIZSLA SILVER,1
1920406,"Strive, Inc.",ASST,Nasdaq,0001920406,STRIVE,1
1843181,Neuberger Next Generation Connectivity Fund Inc.,NBXG,NYSE,0001843181,NEUBERGER NEXT GENERATION CONNECTIVITY FUND,1
1253986,ARBOR REALTY TRUST INC,ABR,NYSE,0001253986,ARBOR REALTY,1
1984086,"Septerna, Inc.",SEPN,Nasdaq,0001984086,SEPTERNA,1
1823306,Lightspeed Commerce Inc.,LSPD,NYSE,0001823306,LIGHTSPEED COMMERCE,1
1334978,"Clear Channel Outdoor Holdings, Inc.",CCO,NYSE,0001334978,CLEAR CHANNEL OUTDOOR,1
1711375,Loma Negra Compania Industrial Argentina Sociedad Anonima,LOMA,NYSE,0001711375,LOMA NEGRA COMPANIA INDUSTRIAL ARGENTINA SOCIEDAD ANONIMA,1
2080073,Versamet Royalties Corp,VMET,Nasdaq,0002080073,VERSAMET ROYALTIES,1
1375877,Canadian Solar Inc.,CSIQ,Nasdaq,0001375877,CANADIAN SOLAR,1
821002,G III APPAREL GROUP LTD /DE/,GIII,Nasdaq,0000821002,G III APPAREL DE,1
926282,"ADTRAN Holdings, Inc.",ADTN,Nasdaq,0000926282,ADTRAN,1
1691710,Faraday Copper Corp.,CPPKF,OTC,0001691710,FARADAY COPPER,0
1818331,GeneDx Holdings Corp.,WGS,Nasdaq,0001818331,GENEDX,1
871763,ManpowerGroup Inc.,MAN,NYSE,0000871763,MANPOWERGROUP,1
1276533,NUVEEN FLOATING RATE INCOME FUND,JFR,NYSE,0001276533,NUVEEN FLOATING RATE INCOME FUND,1
1309402,Green Plains Inc.,GPRE,Nasdaq,0001309402,GREEN PLAINS,1
316888,AVINO SILVER & GOLD MINES LTD,ASM,NYSE,0000316888,AVINO SILVER GOLD MINES,1
1825088,"Dream Finders Homes, Inc.",DFH,NYSE,0001825088,DREAM FINDERS HOMES,1
1308335,Eaton Vance Enhanced Equity Income Fund II,EOS,NYSE,0001308335,EATON VANCE ENHANCED EQUITY INCOME FUND II,1
1345016,YELP INC,YELP,NYSE,0001345016,YELP,1
1266585,NUVEEN MUNICIPAL HIGH INCOME OPPORTUNITY FUND,NMZ,NYSE,0001266585,NUVEEN MUNICIPAL HIGH INCOME OPPORTUNITY FUND,1
1750284,"Olema Pharmaceuticals, Inc.",OLMA,Nasdaq,0001750284,OLEMA PHARMACEUTICALS,1
798359,CENTERSPACE,CSR,NYSE,0000798359,CENTERSPACE,1
318300,PEOPLES BANCORP INC,PEBO,Nasdaq,0000318300,PEOPLES,1
1823608,Amalgamated Financial Corp.,AMAL,Nasdaq,0001823608,AMALGAMATED,1
1982708,Anbio Biotechnology,NNNN,Nasdaq,0001982708,ANBIO BIOTECHNOLOGY,1
1005817,TOMPKINS FINANCIAL CORP,TMP,NYSE,0001005817,TOMPKINS,1
1734713,"BrightView Holdings, Inc.",BV,NYSE,0001734713,BRIGHTVIEW,1
1094366,RADWARE LTD,RDWR,Nasdaq,0001094366,RADWARE,1
1350653,"Alphatec Holdings, Inc.",ATEC,Nasdaq,0001350653,ALPHATEC,1
3499,ALEXANDERS INC,ALX,NYSE,0000003499,ALEXANDERS,1
1464343,Atlanticus Holdings Corp,ATLC,Nasdaq,0001464343,ATLANTICUS,1
876167,PROGRESS SOFTWARE CORP /MA,PRGS,Nasdaq,0000876167,PROGRESS SOFTWARE MA,1
33934,CORNERSTONE TOTAL RETURN FUND INC,CRF,NYSE,0000033934,CORNERSTONE TOTAL RETURN FUND,1
1387467,ALPHA & OMEGA SEMICONDUCTOR Ltd,AOSL,Nasdaq,0001387467,ALPHA OMEGA SEMICONDUCTOR,1
1360214,"HARROW, INC.",HROW,Nasdaq,0001360214,HARROW,1
1613780,DBV Technologies S.A.,DBVT,Nasdaq,0001613780,DBV TECHNOLOGIES S,1
350852,COMMUNITY TRUST BANCORP INC /KY/,CTBI,Nasdaq,0000350852,COMMUNITY KY,1
2081206,AGI Inc,AGBK,NYSE,0002081206,AGI,1
1922446,Diversified Energy Co,DEC,NYSE,0001922446,DIVERSIFIED ENERGY,1
2018463,Brazilian Rare Earths Limited/ADR,BRELY,OTC,0002018463,BRAZILIAN RARE EARTHS ADR,0
1000177,NORDIC AMERICAN TANKERS Ltd,NAT,NYSE,0001000177,NORDIC AMERICAN TANKERS,1
1743235,Rio2 Ltd,RIOFF,OTC,0001743235,RIO2,0
1953926,"Zenas BioPharma, Inc.",ZBIO,Nasdaq,0001953926,ZENAS BIOPHARMA,1
1606498,"AVANOS MEDICAL, INC.",AVNS,NYSE,0001606498,AVANOS MEDICAL,1
1877184,"KESTRA MEDICAL TECHNOLOGIES, LTD.",KMTS,Nasdaq,0001877184,KESTRA MEDICAL TECHNOLOGIES,1
1609550,"Inspire Medical Systems, Inc.",INSP,NYSE,0001609550,INSPIRE MEDICAL SYSTEMS,1
1000753,"INSPERITY, INC.",NSP,NYSE,0001000753,INSPERITY,1
1164771,NORTHERN DYNASTY MINERALS LTD,NAK,NYSE,0001164771,NORTHERN DYNASTY MINERALS,1
1798749,"Jade Biosciences, Inc.",JBIO,Nasdaq,0001798749,JADE BIOSCIENCES,1
1584297,MoneySupermarket.com Group PLC/ADR,MNSKY,OTC,0001584297,MONEYSUPERMARKET COM ADR,0
1632790,"ENERGIZER HOLDINGS, INC.",ENR,NYSE,0001632790,ENERGIZER,1
911971,TEEKAY CORP LTD,TK,NYSE,0000911971,TEEKAY,1
1477449,"Teladoc Health, Inc.",TDOC,NYSE,0001477449,TELADOC HEALTH,1
897322,GILAT SATELLITE NETWORKS LTD,GILT,Nasdaq,0000897322,GILAT SATELLITE NETWORKS,1
907254,"SAUL CENTERS, INC.",BFS,NYSE,0000907254,SAUL CENTERS,1
1767258,"XPEL, Inc.",XPEL,Nasdaq,0001767258,XPEL,1
901491,PAPA JOHNS INTERNATIONAL INC,PZZA,Nasdaq,0000901491,PAPA JOHNS INTERNATIONAL,1
884219,"Pursuit Attractions & Hospitality, Inc.",PRSU,NYSE,0000884219,PURSUIT ATTRACTIONS HOSPITALITY,1
805267,abrdn Healthcare Investors,HQH,NYSE,0000805267,ABRDN HEALTHCARE INVESTORS,1
1094324,SIFY TECHNOLOGIES LTD,SIFY,Nasdaq,0001094324,SIFY TECHNOLOGIES,1
1794515,ZoomInfo Technologies Inc.,GTM,Nasdaq,0001794515,ZOOMINFO TECHNOLOGIES,1
1368458,"Sally Beauty Holdings, Inc.",SBH,NYSE,0001368458,SALLY BEAUTY,1
1337117,Ituran Location & Control Ltd.,ITRN,Nasdaq,0001337117,ITURAN LOCATION CONTROL,1
710752,SABINE ROYALTY TRUST,SBR,NYSE,0000710752,SABINE ROYALTY,1
886128,FUELCELL ENERGY INC,FCEL,Nasdaq,0000886128,FUELCELL ENERGY,1
1756594,Inventiva S.A.,IVA,Nasdaq,0001756594,INVENTIVA S,1
1834489,Genius Sports Ltd,GENI,NYSE,0001834489,GENIUS SPORTS,1
1772016,"BELLRING BRANDS, INC.",BRBR,NYSE,0001772016,BELLRING BRANDS,1
1840572,Lucky Strike Entertainment Corp,LUCK,NYSE,0001840572,LUCKY STRIKE ENTERTAINMENT,1
2013223,Highlander Silver Corp.,HSLV,NYSE,0002013223,HIGHLANDER SILVER,1
1591588,"Gold.com, Inc.",GOLD,NYSE,0001591588,GOLD COM,1
1498547,"CIM REAL ESTATE FINANCE TRUST, INC.",CMRF,OTC,0001498547,CIM REAL ESTATE FINANCE,0
1883085,Pagaya Technologies Ltd.,PGY,Nasdaq,0001883085,PAGAYA TECHNOLOGIES,1
784199,"ARTIVION, INC.",AORT,NYSE,0000784199,ARTIVION,1
1722608,"iQIYI, Inc.",IQ,Nasdaq,0001722608,IQIYI,1
1691445,FinVolution Group,FINV,NYSE,0001691445,FINVOLUTION,1
94049,STEPAN CO,SCL,NYSE,0000094049,STEPAN,1
700565,"FIRST MID BANCSHARES, INC.",FMBH,Nasdaq,0000700565,FIRST MID BANCSHARES,1
1142750,AMN HEALTHCARE SERVICES INC,AMN,NYSE,0001142750,AMN HEALTHCARE,1
945114,GLOBAL INDUSTRIAL Co,GIC,NYSE,0000945114,GLOBAL INDUSTRIAL,1
74046,Oil-Dri Corp of America,ODC,NYSE,0000074046,OIL DRI OF AMERICA,1
1622194,"Easterly Government Properties, Inc.",DEA,NYSE,0001622194,EASTERLY GOVERNMENT PROPERTIES,1
1362004,"ICF International, Inc.",ICFI,Nasdaq,0001362004,ICF INTERNATIONAL,1
1325618,IRADIMED CORP,IRMD,Nasdaq,0001325618,IRADIMED,1
2046042,"Jefferson Capital, Inc. / DE",JCAP,Nasdaq,0002046042,JEFFERSON CAPITAL DE,1
1567569,First Trust Intermediate Duration Preferred & Income Fund,FPF,NYSE,0001567569,FIRST INTERMEDIATE DURATION PREFERRED INCOME FUND,1
1526520,"TripAdvisor, Inc.",TRIP,Nasdaq,0001526520,TRIPADVISOR,1
1756699,UP Fintech Holding Ltd,TIGR,Nasdaq,0001756699,UP FINTECH,1
836157,LINDSAY CORP,LNN,NYSE,0000836157,LINDSAY,1
1561032,"National Healthcare Properties, Inc.",NHP,Nasdaq,0001561032,HEALTHCARE PROPERTIES,1
1379400,abrdn Total Dynamic Dividend Fund,AOD,NYSE,0001379400,ABRDN TOTAL DYNAMIC DIVIDEND FUND,1
933267,IRSA INVESTMENTS & REPRESENTATIONS INC,IRS,NYSE,0000933267,IRSA INVESTMENTS REPRESENTATIONS,1
1883313,"Savers Value Village, Inc.",SVV,NYSE,0001883313,SAVERS VALUE VILLAGE,1
917520,INTEGRA LIFESCIENCES HOLDINGS CORP,IART,Nasdaq,0000917520,INTEGRA LIFESCIENCES,1
1267565,"COLLEGIUM PHARMACEUTICAL, INC",COLL,Nasdaq,0001267565,COLLEGIUM PHARMACEUTICAL,1
1409493,CHIMERA INVESTMENT CORP,CIM,NYSE,0001409493,CHIMERA INVESTMENT,1
1287032,PROSPECT CAPITAL CORP,PSEC,Nasdaq,0001287032,PROSPECT CAPITAL,1
1573221,"TheRealReal, Inc.",REAL,Nasdaq,0001573221,THEREALREAL,1
1670076,"Frontier Group Holdings, Inc.",ULCC,Nasdaq,0001670076,FRONTIER,1
716314,GRAHAM CORP,GHM,NYSE,0000716314,GRAHAM,1
1579684,"USA TODAY Co., Inc.",TDAY,NYSE,0001579684,USA TODAY,1
792987,ASTEC INDUSTRIES INC,ASTE,Nasdaq,0000792987,ASTEC INDUSTRIES,1
2086771,Elemental Royalty Corp,ELE,Nasdaq,0002086771,ELEMENTAL ROYALTY,1
891166,"UNIVERSAL INSURANCE HOLDINGS, INC.",UVE,NYSE,0000891166,UNIVERSAL INSURANCE,1
1476034,Metropolitan Bank Holding Corp.,MCB,NYSE,0001476034,METROPOLITAN,1
2035832,"Aktis Oncology, Inc.",AKTS,Nasdaq,0002035832,AKTIS ONCOLOGY,1
1867096,"Xeris Biopharma Holdings, Inc.",XERS,Nasdaq,0001867096,XERIS BIOPHARMA,1
1784535,"Porch Group, Inc.",PRCH,Nasdaq,0001784535,PORCH,1
945394,Service Properties Trust,SVC,Nasdaq,0000945394,PROPERTIES,1
1077183,NEOGENOMICS INC,NEO,Nasdaq,0001077183,NEOGENOMICS,1
1046025,HERITAGE FINANCIAL CORP /WA/,HFWA,Nasdaq,0001046025,HERITAGE WA,1
1326200,GENCO SHIPPING & TRADING LTD,GNK,NYSE,0001326200,GENCO SHIPPING TRADING,1
1309251,MICROALLIANCE GROUP INC.,MALG,OTC,0001309251,MICROALLIANCE,0
1492165,Preferred Bank,PFBC,Nasdaq,0001492165,PREFERRED,1
1702744,Simply Good Foods Co,SMPL,Nasdaq,0001702744,SIMPLY GOOD FOODS,1
1222922,Eaton Vance Ltd Duration Income Fund,EVV,NYSE,0001222922,EATON VANCE DURATION INCOME FUND,1
1001385,"NWPX Infrastructure, Inc.",NWPX,Nasdaq,0001001385,NWPX INFRASTRUCTURE,1
1395213,EDENOR,EDN,NYSE,0001395213,EDENOR,1
816956,CONMED Corp,CNMD,NYSE,0000816956,CONMED,1
1304492,Anterix Inc.,ATEX,Nasdaq,0001304492,ANTERIX,1
1414932,Oaktree Specialty Lending Corp,OCSL,Nasdaq,0001414932,OAKTREE SPECIALTY LENDING,1
1578732,"Marcus & Millichap, Inc.",MMI,NYSE,0001578732,MARCUS MILLICHAP,1
1793882,Cohen & Steers Tax-Advantaged Preferred Securities & Income Fund,PTA,NYSE,0001793882,COHEN STEERS TAX ADVANTAGED PREFERRED SECURITIES INCOME FUND,1
1794338,International General Insurance Holdings Ltd.,IGIC,Nasdaq,0001794338,INTERNATIONAL GENERAL INSURANCE,1
27996,DELUXE CORP,DLX,NYSE,0000027996,DELUXE,1
1898416,Alvotech,ALVO,Nasdaq,0001898416,ALVOTECH,1
1600222,"Phoenix Education Partners, Inc.",PXED,NYSE,0001600222,PHOENIX EDUCATION PARTNERS,1
357173,OLD SECOND BANCORP INC,OSBC,Nasdaq,0000357173,OLD SECOND,1
912562,"GIBRALTAR INDUSTRIES, INC.",ROCK,Nasdaq,0000912562,GIBRALTAR INDUSTRIES,1
1517518,ClearBridge Energy Midstream Opportunity Fund Inc.,EMO,NYSE,0001517518,CLEARBRIDGE ENERGY MIDSTREAM OPPORTUNITY FUND,1
1004702,OCEANFIRST FINANCIAL CORP,OCFC,Nasdaq,0001004702,OCEANFIRST,1
102212,UNIVEST FINANCIAL Corp,UVSP,Nasdaq,0000102212,UNIVEST,1
1603145,"XPLR Infrastructure, LP",XIFR,NYSE,0001603145,XPLR INFRASTRUCTURE,1
46129,ALLIENT INC,ALNT,Nasdaq,0000046129,ALLIENT,1
1437958,COASTAL FINANCIAL CORP,CCB,Nasdaq,0001437958,COASTAL,1
1823652,"Eve Holding, Inc.",EVEX,NYSE,0001823652,EVE,1
1172052,SAFETY INSURANCE GROUP INC,SAFT,Nasdaq,0001172052,SAFETY INSURANCE,1
60714,"LSB INDUSTRIES, INC.",LXU,NYSE,0000060714,LSB INDUSTRIES,1
1831907,LuxExperience B.V.,LUXE,NYSE,0001831907,LUXEXPERIENCE B V,1
1314102,"EyePoint, Inc.",EYPT,Nasdaq,0001314102,EYEPOINT,1
1626971,"Corvus Pharmaceuticals, Inc.",CRVS,Nasdaq,0001626971,CORVUS PHARMACEUTICALS,1
1828536,"Energy Vault Holdings, Inc.",NRGV,NYSE,0001828536,ENERGY VAULT,1
1217234,"CareDx, Inc.",CDNA,Nasdaq,0001217234,CAREDX,1
1160308,Savara Inc,SVRA,Nasdaq,0001160308,SAVARA,1
799233,HEARTLAND EXPRESS INC,HTLD,Nasdaq,0000799233,HEARTLAND EXPRESS,1
1286139,"LEGALZOOM.COM, INC.",LZ,Nasdaq,0001286139,LEGALZOOM COM,1
1740604,"BITGO HOLDINGS, INC.",BTGO,NYSE,0001740604,BITGO,1
1235468,LIQUIDITY SERVICES INC,LQDT,Nasdaq,0001235468,LIQUIDITY,1
1568194,FS Credit Opportunities Corp.,FSCO,NYSE,0001568194,FS CREDIT OPPORTUNITIES,1
1805385,"Evolv Technologies Holdings, Inc.",EVLV,Nasdaq,0001805385,EVOLV TECHNOLOGIES,1
1287213,"DOUGLAS DYNAMICS, INC",PLOW,NYSE,0001287213,DOUGLAS DYNAMICS,1
2057463,"GCI Liberty, Inc.",GLIBA,Nasdaq,0002057463,GCI LIBERTY,1
1637873,ACV Auctions Inc.,ACVA,NYSE,0001637873,ACV AUCTIONS,1
1714174,Burford Capital Ltd,BUR,NYSE,0001714174,BURFORD CAPITAL,1
1173489,CEVA INC,CEVA,Nasdaq,0001173489,CEVA,1
1920294,REZOLVE AI PLC,RZLV,Nasdaq,0001920294,REZOLVE AI,1
1095651,Safehold Inc.,SAFE,NYSE,0001095651,SAFEHOLD,1
1278895,"BlackRock Enhanced Large Cap Core Fund, Inc.",CII,NYSE,0001278895,BLACKROCK ENHANCED LARGE CAP CORE FUND,1
1971213,"Sinclair, Inc.",SBGI,Nasdaq,0001971213,SINCLAIR,1
834365,BIOLIFE SOLUTIONS INC,BLFS,Nasdaq,0000834365,BIOLIFE SOLUTIONS,1
791963,OPPENHEIMER HOLDINGS INC,OPY,NYSE,0000791963,OPPENHEIMER,1
1627475,"UPWORK, INC",UPWK,Nasdaq,0001627475,UPWORK,1
1997652,Tamboran Resources Corp,TBN,NYSE,0001997652,TAMBORAN RESOURCES,1
1836057,BlackRock Technology & Private Equity Term Trust,BTX,NYSE,0001836057,BLACKROCK TECHNOLOGY PRIVATE EQUITY TERM,1
1572694,"Goldman Sachs BDC, Inc.",GSBD,NYSE,0001572694,GOLDMAN SACHS BDC,1
1222719,CALAMOS CONVERTIBLE & HIGH INCOME FUND,CHY,Nasdaq,0001222719,CALAMOS CONVERTIBLE HIGH INCOME FUND,1
1956744,Tron Inc.,TRON,Nasdaq,0001956744,TRON,1
1051004,"BLACKROCK MUNIHOLDINGS CALIFORNIA QUALITY FUND, INC.",MUC,NYSE,0001051004,BLACKROCK MUNIHOLDINGS CALIFORNIA QUALITY FUND,1
2001201,Fuerte Metals Corp,FUEMF,OTC,0002001201,FUERTE METALS,0
933036,"UPBOUND GROUP, INC.",UPBD,Nasdaq,0000933036,UPBOUND,1
1322435,Eaton Vance Tax-Managed Global Buy-Write Opportunities Fund,ETW,NYSE,0001322435,EATON VANCE TAX MANAGED GLOBAL BUY WRITE OPPORTUNITIES FUND,1
1794350,Yalla Group Ltd,YALA,NYSE,0001794350,YALLA,1
1062822,"LEXICON PHARMACEUTICALS, INC.",LXRX,Nasdaq,0001062822,LEXICON PHARMACEUTICALS,1
1804176,"Butterfly Network, Inc.",BFLY,NYSE,0001804176,BUTTERFLY NETWORK,1
1268533,TORTOISE ENERGY INFRASTRUCTURE CORP,TYG,NYSE,0001268533,TORTOISE ENERGY INFRASTRUCTURE,1
66382,"MILLERKNOLL, INC.",MLKN,Nasdaq,0000066382,MILLERKNOLL,1
1579214,"Emerald Holding, Inc.",EEX,NYSE,0001579214,EMERALD,1
80172,NATIONAL PRESTO INDUSTRIES INC,NPK,NYSE,0000080172,PRESTO INDUSTRIES,1
1175535,Whitestone REIT,WSR,NYSE,0001175535,WHITESTONE REIT,1
775215,"HBT Financial, Inc.",HBT,Nasdaq,0000775215,HBT,1
1611115,"Omada Health, Inc.",OMDA,Nasdaq,0001611115,OMADA HEALTH,1
1656472,Cronos Group Inc.,CRON,Nasdaq,0001656472,CRONOS,1
1369085,NEW PACIFIC METALS CORP,NEWP,NYSE,0001369085,NEW PACIFIC METALS,1
1224450,COHEN & STEERS REIT & PREFERRED & INCOME FUND INC,RNP,NYSE,0001224450,COHEN STEERS REIT PREFERRED INCOME FUND,1
1494191,Karoon Gas Australia Ltd /ADR/,KRNGY,OTC,0001494191,KAROON GAS AUSTRALIA ADR,0
1042776,"Piedmont Realty Trust, Inc.",PDM,NYSE,0001042776,PIEDMONT REALTY,1
1371285,"TRUPANION, INC.",TRUP,Nasdaq,0001371285,TRUPANION,1
1747172,"Kayne Anderson BDC, Inc.",KBDC,NYSE,0001747172,KAYNE ANDERSON BDC,1
1495222,Oxford Lane Capital Corp.,OXLC,Nasdaq,0001495222,OXFORD LANE CAPITAL,1
1493683,BlackRock Taxable Municipal Bond Trust,BBN,NYSE,0001493683,BLACKROCK TAXABLE MUNICIPAL BOND,1
1201792,AMERICAN PUBLIC EDUCATION INC,APEI,Nasdaq,0001201792,AMERICAN PUBLIC EDUCATION,1
2021880,HMH Holding Inc,HMH,Nasdaq,0002021880,HMH,1
1411579,"AMC ENTERTAINMENT HOLDINGS, INC.",AMC,NYSE,0001411579,AMC ENTERTAINMENT,1
1789972,"Cullinan Therapeutics, Inc.",CGEM,Nasdaq,0001789972,CULLINAN THERAPEUTICS,1
1834376,InnovAge Holding Corp.,INNV,Nasdaq,0001834376,INNOVAGE,1
1669811,"Donnelley Financial Solutions, Inc.",DFIN,NYSE,0001669811,DONNELLEY SOLUTIONS,1
1756908,PIMCO Dynamic Income Strategy Fund,PDX,NYSE,0001756908,PIMCO DYNAMIC INCOME STRATEGY FUND,1
1477815,"Sweetgreen, Inc.",SG,NYSE,0001477815,SWEETGREEN,1
1171471,CALAMOS CONVERTIBLE OPPORTUNITIES & INCOME FUND,CHI,Nasdaq,0001171471,CALAMOS CONVERTIBLE OPPORTUNITIES INCOME FUND,1
1412558,Evotec SE,EVO,Nasdaq,0001412558,EVOTEC SE,1
1838957,ATRenew Inc.,RERE,NYSE,0001838957,ATRENEW,1
2040491,Ategrity Specialty Insurance Co Holdings,ASIC,NYSE,0002040491,ATEGRITY SPECIALTY INSURANCE,1
885978,U S PHYSICAL THERAPY INC /NV,USPH,NYSE,0000885978,US PHYSICAL THERAPY NV,1
899460,MANNKIND CORP,MNKD,Nasdaq,0000899460,MANNKIND,1
2019804,Terrestrial Energy Inc. /DE/,IMSR,Nasdaq,0002019804,TERRESTRIAL ENERGY DE,1
705432,SOUTHSIDE BANCSHARES INC,SBSI,NYSE,0000705432,SOUTHSIDE BANCSHARES,1
1055160,"MFA FINANCIAL, INC.",MFA,NYSE,0001055160,MFA,1
810332,REPUBLIC AIRWAYS HOLDINGS INC.,RJET,Nasdaq,0000810332,REPUBLIC AIRWAYS,1
1783183,"Phathom Pharmaceuticals, Inc.",PHAT,Nasdaq,0001783183,PHATHOM PHARMACEUTICALS,1
1687187,"Ramaco Resources, Inc.",METC,Nasdaq,0001687187,RAMACO RESOURCES,1
31235,EASTMAN KODAK CO,KODK,NYSE,0000031235,EASTMAN KODAK,1
1698991,"Accel Entertainment, Inc.",ACEL,NYSE,0001698991,ACCEL ENTERTAINMENT,1
1569963,Life Healthcare Group Holdings Limited/ADR,LTGHY,OTC,0001569963,LIFE HEALTHCARE ADR,0
88948,Seneca Foods Corp,SENEB,Nasdaq,0000088948,SENECA FOODS,1
1580670,"LGI Homes, Inc.",LGIH,Nasdaq,0001580670,LGI HOMES,1
66004,MIDDLESEX WATER CO,MSEX,Nasdaq,0000066004,MIDDLESEX WATER,1
1537137,STANDARD LITHIUM LTD.,SLI,NYSE,0001537137,STANDARD LITHIUM,1
2042022,"WhiteFiber, Inc.",WYFI,Nasdaq,0002042022,WHITEFIBER,1
1490906,"Capitol Federal Financial, Inc.",CFFN,Nasdaq,0001490906,CAPITOL FEDERAL,1
1379384,BLACKROCK CREDIT ALLOCATION INCOME TRUST,BTZ,NYSE,0001379384,BLACKROCK CREDIT ALLOCATION INCOME,1
1085913,FARMERS & MERCHANTS BANCORP,FMCB,OTC,0001085913,FARMERS MERCHANTS,0
1690511,Canada Goose Holdings Inc.,GOOS,NYSE,0001690511,CANADA GOOSE,1
2026478,Newsmax Inc.,NMAX,NYSE,0002026478,NEWSMAX,1
1431852,Osisko Development Corp.,ODV,NYSE,0001431852,OSISKO DEVELOPMENT,1
915779,DAKTRONICS INC /SD/,DAKT,Nasdaq,0000915779,DAKTRONICS SD,1
1534120,"Avalo Therapeutics, Inc.",AVTX,Nasdaq,0001534120,AVALO THERAPEUTICS,1
1282631,NETLIST INC,NLST,OTC,0001282631,NETLIST,0
903129,Gentherm Inc,THRM,Nasdaq,0000903129,GENTHERM,1
2048519,Aebi Schmidt Holding AG,AEBI,Nasdaq,0002048519,AEBI SCHMIDT AG,1
2004340,Syensqo SA/ADR,SYNSY,OTC,0002004340,SYENSQO SA ADR,0
771266,KOPIN CORP,KOPN,Nasdaq,0000771266,KOPIN,1
2002473,Bowhead Specialty Holdings Inc.,BOW,NYSE,0002002473,BOWHEAD SPECIALTY,1
883237,"VIRTUS INVESTMENT PARTNERS, INC.",VRTS,NYSE,0000883237,VIRTUS INVESTMENT PARTNERS,1
70866,NCR Voyix Corp,VYX,NYSE,0000070866,NCR VOYIX,1
1227500,EQUITY BANCSHARES INC,EQBK,NYSE,0001227500,EQUITY BANCSHARES,1
1850235,D-MARKET Electronic Services & Trading,HEPS,Nasdaq,0001850235,D MARKET ELECTRONIC TRADING,1
1828316,Pharming Group N.V.,PHAR,Nasdaq,0001828316,PHARMING V,1
1871321,Alpha Tau Medical Ltd.,DRTS,Nasdaq,0001871321,ALPHA TAU MEDICAL,1
1531031,"Esquire Financial Holdings, Inc.",ESQ,Nasdaq,0001531031,ESQUIRE,1
1195739,NUVEEN NEW YORK AMT-FREE QUALITY MUNICIPAL INCOME FUND,NRK,NYSE,0001195739,NUVEEN NEW YORK AMT FREE QUALITY MUNICIPAL INCOME FUND,1
1278752,MidCap Financial Investment Corp,MFIC,Nasdaq,0001278752,MIDCAP INVESTMENT,1
1506289,BlackRock Resources & Commodities Strategy Trust,BCX,NYSE,0001506289,BLACKROCK RESOURCES COMMODITIES STRATEGY,1
1962746,Lotus Technology Inc.,LOT,Nasdaq,0001962746,LOTUS TECHNOLOGY,1
1841968,"Ridgepost Capital, Inc.",RPC,NYSE,0001841968,RIDGEPOST CAPITAL,1
706129,HORIZON BANCORP INC /IN/,HBNC,Nasdaq,0000706129,HORIZON IN,1
1778114,Virtus Artificial Intelligence & Technology Opportunities Fund,AIO,NYSE,0001778114,VIRTUS ARTIFICIAL INTELLIGENCE TECHNOLOGY OPPORTUNITIES FUND,1
755001,UNITIL CORP,UTL,NYSE,0000755001,UNITIL,1
1345126,Compass Diversified Holdings,CODI,NYSE,0001345126,COMPASS DIVERSIFIED,1
1379785,"Barings BDC, Inc.",BBDC,NYSE,0001379785,BARINGS BDC,1
1334388,OBSIDIAN ENERGY LTD.,OBE,NYSE,0001334388,OBSIDIAN ENERGY,1
1221029,CEMENTOS PACASMAYO SAA,CPAC,NYSE,0001221029,CEMENTOS PACASMAYO SAA,1
1807120,"Design Therapeutics, Inc.",DSGN,Nasdaq,0001807120,DESIGN THERAPEUTICS,1
1792849,"HighPeak Energy, Inc.",HPK,Nasdaq,0001792849,HIGHPEAK ENERGY,1
1944552,Adlai Nortye Ltd.,ANL,Nasdaq,0001944552,ADLAI NORTYE,1
1464423,PennyMac Mortgage Investment Trust,PMT,NYSE,0001464423,PENNYMAC MORTGAGE INVESTMENT,1
1941365,"MasterBrand, Inc.",MBC,NYSE,0001941365,MASTERBRAND,1
1747068,"MetroCity Bankshares, Inc.",MCBS,Nasdaq,0001747068,METROCITY BANKSHARES,1
1610601,Hello Group Inc.,MOMO,Nasdaq,0001610601,HELLO,1
1137091,"POWER SOLUTIONS INTERNATIONAL, INC.",PSIX,Nasdaq,0001137091,POWER SOLUTIONS INTERNATIONAL,1
1490978,"Schrodinger, Inc.",SDGR,Nasdaq,0001490978,SCHRODINGER,1
1053706,"CRA INTERNATIONAL, INC.",CRAI,Nasdaq,0001053706,CRA INTERNATIONAL,1
2042347,"Seaport Therapeutics, Inc.",SPTX,Nasdaq,0002042347,SEAPORT THERAPEUTICS,1
1396814,"Pacira BioSciences, Inc.",PCRX,Nasdaq,0001396814,PACIRA BIOSCIENCES,1
1260041,JOHN HANCOCK TAX-ADVANTAGED DIVIDEND INCOME FUND,HTD,NYSE,0001260041,JOHN HANCOCK TAX ADVANTAGED DIVIDEND INCOME FUND,1
1285819,OMEROS CORP,OMER,Nasdaq,0001285819,OMEROS,1
1841925,"indie Semiconductor, Inc.",INDI,Nasdaq,0001841925,INDIE SEMICONDUCTOR,1
1726173,Biglari Holdings Inc.,BH-A,NYSE,0001726173,BIGLARI,1
1013488,BJs RESTAURANTS INC,BJRI,Nasdaq,0001013488,BJS RESTAURANTS,1
1471420,"Columbia Seligman Premium Technology Growth Fund, Inc.",STK,NYSE,0001471420,COLUMBIA SELIGMAN PREMIUM TECHNOLOGY GROWTH FUND,1
1538849,CrossAmerica Partners LP,CAPL,NYSE,0001538849,CROSSAMERICA PARTNERS,1
1438423,EVERSPIN TECHNOLOGIES INC.,MRAM,Nasdaq,0001438423,EVERSPIN TECHNOLOGIES,1
354963,SHENANDOAH TELECOMMUNICATIONS CO/VA/,SHEN,Nasdaq,0000354963,SHENANDOAH TELECOMMUNICATIONS VA,1
1438133,TANDEM DIABETES CARE INC,TNDM,Nasdaq,0001438133,TANDEM DIABETES CARE,1
1814287,"Abacus Global Management, Inc.",ABX,NYSE,0001814287,ABACUS GLOBAL MANAGEMENT,1
701347,CENTRAL PACIFIC FINANCIAL CORP,CPF,NYSE,0000701347,CENTRAL PACIFIC,1
2068385,SharonAI Holdings Inc.,SHAZ,Nasdaq,0002068385,SHARONAI,1
1734342,Amerant Bancorp Inc.,AMTB,NYSE,0001734342,AMERANT,1
2101833,ATII Holdings Inc.,NANO,,0002101833,ATII,0
1788882,"Root, Inc.",ROOT,Nasdaq,0001788882,ROOT,1
880117,SANFILIPPO JOHN B & SON INC,JBSS,Nasdaq,0000880117,SANFILIPPO JOHN B SON,1
1624322,"Business First Bancshares, Inc.",BFST,Nasdaq,0001624322,BUSINESS FIRST BANCSHARES,1
1995306,SUPER HI INTERNATIONAL HOLDING LTD.,HDL,Nasdaq,0001995306,SUPER HI INTERNATIONAL,1
1803901,"Talkspace, Inc.",TALK,Nasdaq,0001803901,TALKSPACE,1
736772,CNB FINANCIAL CORP/PA,CCNE,Nasdaq,0000736772,CNB PA,1
1735438,MeiraGTx Holdings plc,MGTX,Nasdaq,0001735438,MEIRAGTX,1
906013,ALLIANCEBERNSTEIN GLOBAL HIGH INCOME FUND INC,AWF,NYSE,0000906013,ALLIANCEBERNSTEIN GLOBAL HIGH INCOME FUND,1
1479681,Nutex Health Inc.,NUTX,Nasdaq,0001479681,NUTEX HEALTH,1
1785971,BlackRock Health Sciences Term Trust,BMEZ,NYSE,0001785971,BLACKROCK HEALTH SCIENCES TERM,1
1756708,Jumia Technologies AG,JMIA,NYSE,0001756708,JUMIA TECHNOLOGIES AG,1
2078856,Hyperliquid Strategies Inc,PURR,Nasdaq,0002078856,HYPERLIQUID STRATEGIES,1
1160990,PIMCO CORPORATE & INCOME STRATEGY FUND,PCN,NYSE,0001160990,PIMCO CORPORATE INCOME STRATEGY FUND,1
1109242,HANMI FINANCIAL CORP,HAFC,Nasdaq,0001109242,HANMI,1
1606163,"Limbach Holdings, Inc.",LMB,Nasdaq,0001606163,LIMBACH,1
1655050,"Bain Capital Specialty Finance, Inc.",BCSF,NYSE,0001655050,BAIN CAPITAL SPECIALTY FINANCE,1
1275168,FIVE STAR BANCORP,FSBC,Nasdaq,0001275168,FIVE STAR,1
928658,"COVENANT LOGISTICS GROUP, INC.",CVLG,NYSE,0000928658,COVENANT LOGISTICS,1
1689796,JBG SMITH Properties,JBGS,NYSE,0001689796,JBG SMITH PROPERTIES,1
1042729,MERCANTILE BANK CORP,MBWM,Nasdaq,0001042729,MERCANTILE,1
763532,LSI INDUSTRIES INC,LYTS,Nasdaq,0000763532,LSI INDUSTRIES,1
1528115,"Annexon, Inc.",ANNX,Nasdaq,0001528115,ANNEXON,1
918965,"SCANSOURCE, INC.",SCSC,Nasdaq,0000918965,SCANSOURCE,1
788965,HALLADOR ENERGY CO,HNRG,Nasdaq,0000788965,HALLADOR ENERGY,1
1770121,"Sana Biotechnology, Inc.",SANA,Nasdaq,0001770121,SANA BIOTECHNOLOGY,1
1802974,"Mission Produce, Inc.",AVO,Nasdaq,0001802974,MISSION PRODUCE,1
1501796,"Aura Biosciences, Inc.",AURA,Nasdaq,0001501796,AURA BIOSCIENCES,1
1691082,LB PHARMACEUTICALS INC,LBRX,Nasdaq,0001691082,LB PHARMACEUTICALS,1
2039497,"Resolute Holdings Management, Inc.",RHLD,NYSE,0002039497,RESOLUTE MANAGEMENT,1
1817713,"Janux Therapeutics, Inc.",JANX,Nasdaq,0001817713,JANUX THERAPEUTICS,1
357301,TRUSTCO BANK CORP N Y,TRST,Nasdaq,0000357301,TRUSTCO Y,1
1742692,InMode Ltd.,INMD,Nasdaq,0001742692,INMODE,1
1796280,"Oric Pharmaceuticals, Inc.",ORIC,Nasdaq,0001796280,ORIC PHARMACEUTICALS,1
1834026,Gold Royalty Corp.,GROY,NYSE,0001834026,GOLD ROYALTY,1
1504619,PennantPark Floating Rate Capital Ltd.,PFLT,NYSE,0001504619,PENNANTPARK FLOATING RATE CAPITAL,1
1979330,"NB Bancorp, Inc.",NBBK,Nasdaq,0001979330,NB,1
1583107,"Theravance Biopharma, Inc.",TBPH,Nasdaq,0001583107,THERAVANCE BIOPHARMA,1
1447028,Arbutus Biopharma Corp,ABUS,Nasdaq,0001447028,ARBUTUS BIOPHARMA,1
1759631,Hyliion Holdings Corp.,HYLN,NYSE,0001759631,HYLIION,1
1326732,Xencor Inc,XNCR,Nasdaq,0001326732,XENCOR,1
1882782,"Odyssey Therapeutics, Inc.",ODTX,Nasdaq,0001882782,ODYSSEY THERAPEUTICS,1
944809,"OPKO HEALTH, INC.",OPK,Nasdaq,0000944809,OPKO HEALTH,1
69488,MYERS INDUSTRIES INC,MYE,NYSE,0000069488,MYERS INDUSTRIES,1
1710340,"Eton Pharmaceuticals, Inc.",ETON,Nasdaq,0001710340,ETON PHARMACEUTICALS,1
886744,GERON CORP,GERN,Nasdaq,0000886744,GERON,1
1848731,Glass House Brands Inc.,GLASF,OTC,0001848731,GLASS HOUSE BRANDS,0
63296,MATTHEWS INTERNATIONAL CORP,MATW,Nasdaq,0000063296,MATTHEWS INTERNATIONAL,1
1828962,"Cricut, Inc.",CRCT,Nasdaq,0001828962,CRICUT,1
1806347,Westrock Coffee Co,WEST,Nasdaq,0001806347,WESTROCK COFFEE,1
2044725,"Evommune, Inc.",EVMN,NYSE,0002044725,EVOMMUNE,1
1158324,"COGENT COMMUNICATIONS HOLDINGS, INC.",CCOI,Nasdaq,0001158324,COGENT COMMUNICATIONS,1
93389,"STANDARD MOTOR PRODUCTS, INC.",SMP,NYSE,0000093389,STANDARD MOTOR PRODUCTS,1
1809519,"GoodRx Holdings, Inc.",GDRX,Nasdaq,0001809519,GOODRX,1
1422143,"Kura Oncology, Inc.",KURA,Nasdaq,0001422143,KURA ONCOLOGY,1
1219360,PIMCO HIGH INCOME FUND,PHK,NYSE,0001219360,PIMCO HIGH INCOME FUND,1
107687,WINNEBAGO INDUSTRIES INC,WGO,NYSE,0000107687,WINNEBAGO INDUSTRIES,1
1313510,"GAMCO Global Gold, Natural Resources & Income Trust",GGN,NYSE,0001313510,GAMCO GLOBAL GOLD NATURAL RESOURCES INCOME,1
1875444,"Arhaus, Inc.",ARHS,Nasdaq,0001875444,ARHAUS,1
709337,FARMERS NATIONAL BANC CORP /OH/,FMNB,Nasdaq,0000709337,FARMERS BANC OH,1
1999480,"Alto Neuroscience, Inc.",ANRO,NYSE,0001999480,ALTO NEUROSCIENCE,1
1866692,"Amplitude, Inc.",AMPL,Nasdaq,0001866692,AMPLITUDE,1
1576427,Criteo S.A.,CRTO,Nasdaq,0001576427,CRITEO S,1
890196,"BLACKROCK MUNIYIELD QUALITY FUND, INC.",MQY,NYSE,0000890196,BLACKROCK MUNIYIELD QUALITY FUND,1
1859836,"Yesway, Inc.",YSWY,Nasdaq,0001859836,YESWAY,1
1300391,Eaton Vance Enhanced Equity Income Fund,EOI,NYSE,0001300391,EATON VANCE ENHANCED EQUITY INCOME FUND,1
1548536,Santacruz Silver Mining Ltd.,SCZM,Nasdaq,0001548536,SANTACRUZ SILVER MINING,1
1434868,"Esperion Therapeutics, Inc.",ESPR,Nasdaq,0001434868,ESPERION THERAPEUTICS,1
750686,CAMDEN NATIONAL CORP,CAC,Nasdaq,0000750686,CAMDEN,1
1001614,"Riley Exploration Permian, Inc.",REPX,NYSE,0001001614,RILEY EXPLORATION PERMIAN,1
2079999,Cardinal Infrastructure Group Inc.,CDNL,Nasdaq,0002079999,CARDINAL INFRASTRUCTURE,1
1785493,RHINO BITCOIN INC.,RHNO,OTC,0001785493,RHINO BITCOIN,0
1604665,Westlake Chemical Partners LP,WLKP,NYSE,0001604665,WESTLAKE CHEMICAL PARTNERS,1
1759774,"Postal Realty Trust, Inc.",PSTL,NYSE,0001759774,POSTAL REALTY,1
1672688,Absci Corp,ABSI,Nasdaq,0001672688,ABSCI,1
1817229,Vor Biopharma Inc.,VOR,Nasdaq,0001817229,VOR BIOPHARMA,1
879635,MID PENN BANCORP INC,MPB,Nasdaq,0000879635,MID PENN,1
1501989,"CytomX Therapeutics, Inc.",CTMX,Nasdaq,0001501989,CYTOMX THERAPEUTICS,1
1273685,"ADAMAS TRUST, INC.",ADAM,Nasdaq,0001273685,ADAMAS,1
1823794,ARKO Corp.,ARKO,Nasdaq,0001823794,ARKO,1
2087587,CoinShares PLC,CSHR,Nasdaq,0002087587,COINSHARES,1
1315257,Koppers Holdings Inc.,KOP,NYSE,0001315257,KOPPERS,1
1512228,NIOCORP DEVELOPMENTS LTD,NB,Nasdaq,0001512228,NIOCORP DEVELOPMENTS,1
1544206,"Carlyle Secured Lending, Inc.",CGBD,Nasdaq,0001544206,CARLYLE SECURED LENDING,1
1709941,"BioAge Labs, Inc.",BIOA,Nasdaq,0001709941,BIOAGE LABS,1
726601,CAPITAL CITY BANK GROUP INC,CCBG,Nasdaq,0000726601,CAPITAL CITY,1
859070,FIRST COMMUNITY BANKSHARES INC /VA/,FCBC,Nasdaq,0000859070,FIRST COMMUNITY BANKSHARES VA,1
1840616,New Found Gold Corp.,NFGC,NYSE,0001840616,NEW FOUND GOLD,1
1778922,"SpyGlass Pharma, Inc.",SGP,Nasdaq,0001778922,SPYGLASS PHARMA,1
714562,FIRST FINANCIAL CORP /IN/,THFF,Nasdaq,0000714562,FIRST IN,1
1855066,NYLI CBRE Global Infrastructure Megatrends Term Fund,MEGI,NYSE,0001855066,NYLI CBRE GLOBAL INFRASTRUCTURE MEGATRENDS TERM FUND,1
1257640,KRONOS WORLDWIDE INC,KRO,NYSE,0001257640,KRONOS WORLDWIDE,1
1966287,Greenfire Resources Ltd.,GFR,NYSE,0001966287,GREENFIRE RESOURCES,1
1495932,"eXp World Holdings, Inc.",AGNT,Nasdaq,0001495932,EXP WORLD,1
1816017,"Spire Global, Inc.",SPIR,NYSE,0001816017,SPIRE GLOBAL,1
1846069,"Nextdoor Holdings, Inc.",NXDR,NYSE,0001846069,NEXTDOOR,1
1956955,"Unusual Machines, Inc.",UMAC,NYSE,0001956955,UNUSUAL MACHINES,1
1676163,"SS Innovations International, Inc.",SSII,Nasdaq,0001676163,SS INNOVATIONS INTERNATIONAL,1
1577437,Ardmore Shipping Corp,ASC,NYSE,0001577437,ARDMORE SHIPPING,1
1944558,"Vitesse Energy, Inc.",VTS,NYSE,0001944558,VITESSE ENERGY,1
2087398,Metals Royalty Co Inc.,TMCR,Nasdaq,0002087398,METALS ROYALTY,1
1379041,"Employers Holdings, Inc.",EIG,NYSE,0001379041,EMPLOYERS,1
1593538,NAVIENT CORP,NAVI,Nasdaq,0001593538,NAVIENT,1
1496099,New Mountain Finance Corp,NMFC,Nasdaq,0001496099,NEW MOUNTAIN FINANCE,1
1423221,Quanex Building Products CORP,NX,NYSE,0001423221,QUANEX BUILDING PRODUCTS,1
1174164,Flaherty & Crumrine PREFERRED & INCOME SECURITIES FUND INC,FFC,NYSE,0001174164,FLAHERTY CRUMRINE PREFERRED INCOME SECURITIES FUND,1
1538263,"HomeTrust Bancshares, Inc.",HTB,NYSE,0001538263,HOMETRUST BANCSHARES,1
1852353,Dakota Gold Corp.,DC,NYSE,0001852353,DAKOTA GOLD,1
1827401,BRIGHT MINDS BIOSCIENCES INC.,DRUG,Nasdaq,0001827401,BRIGHT MINDS BIOSCIENCES,1
732417,HILLS BANCORPORATION,HBIA,OTC,0000732417,HILLS,0
1034957,CRESUD INC,CRESY,Nasdaq,0001034957,CRESUD,1
1163668,"SOUTH PLAINS FINANCIAL, INC.",SPFI,Nasdaq,0001163668,SOUTH PLAINS,1
1520504,"Controladora Vuela Compania de Aviacion, S.A.B. de C.V.",VLRS,NYSE,0001520504,CONTROLADORA VUELA COMPANIA DE AVIACION S B DE C V,1
1604522,abrdn Healthcare Opportunities Fund,THQ,NYSE,0001604522,ABRDN HEALTHCARE OPPORTUNITIES FUND,1
1793855,abrdn Global Infrastructure Income Fund,ASGI,NYSE,0001793855,ABRDN GLOBAL INFRASTRUCTURE INCOME FUND,1
1050441,EAGLE BANCORP INC,EGBN,Nasdaq,0001050441,EAGLE,1
1598428,Metallus Inc.,MTUS,NYSE,0001598428,METALLUS,1
1717547,"BrightSpire Capital, Inc.",BRSP,NYSE,0001717547,BRIGHTSPIRE CAPITAL,1
1517396,STRATASYS LTD.,SSYS,Nasdaq,0001517396,STRATASYS,1
1297184,"Amphastar Pharmaceuticals, Inc.",AMPH,Nasdaq,0001297184,AMPHASTAR PHARMACEUTICALS,1
1437071,Invesco Mortgage Capital Inc.,IVR,NYSE,0001437071,INVESCO MORTGAGE CAPITAL,1
883618,NUVEEN SELECT TAX FREE INCOME PORTFOLIO,NXP,NYSE,0000883618,NUVEEN SELECT TAX FREE INCOME PORTFOLIO,1
933974,"Azenta, Inc.",AZTA,Nasdaq,0000933974,AZENTA,1
1383441,Virtus Equity & Convertible Income Fund,NIE,NYSE,0001383441,VIRTUS EQUITY CONVERTIBLE INCOME FUND,1
1639877,Ferroglobe PLC,GSM,Nasdaq,0001639877,FERROGLOBE,1
1050743,PEAPACK GLADSTONE FINANCIAL CORP,PGC,Nasdaq,0001050743,PEAPACK GLADSTONE,1
1959455,Himalaya Shipping Ltd.,HSHP,NYSE,0001959455,HIMALAYA SHIPPING,1
1671858,"ARS Pharmaceuticals, Inc.",SPRY,Nasdaq,0001671858,ARS PHARMACEUTICALS,1
890564,Everforth Inc,EFOR,NYSE,0000890564,EVERFORTH,1
902791,BARRETT BUSINESS SERVICES INC,BBSI,Nasdaq,0000902791,BARRETT BUSINESS,1
1096752,EDGEWELL PERSONAL CARE Co,EPC,NYSE,0001096752,EDGEWELL PERSONAL CARE,1
916907,"SOUTHERN MISSOURI BANCORP, INC.",SMBC,Nasdaq,0000916907,SOUTHERN MISSOURI,1
866729,SCHOLASTIC CORP,SCHL,Nasdaq,0000866729,SCHOLASTIC,1
1771515,Grocery Outlet Holding Corp.,GO,Nasdaq,0001771515,GROCERY OUTLET,1
854560,"GREAT SOUTHERN BANCORP, INC.",GSBC,Nasdaq,0000854560,GREAT SOUTHERN,1
6845,"APOGEE ENTERPRISES, INC.",APOG,Nasdaq,0000006845,APOGEE ENTERPRISES,1
1921865,ASP Isotopes Inc.,ASPI,Nasdaq,0001921865,ASP ISOTOPES,1
1839886,Meridian Mining UK Societas,MRRDF,OTC,0001839886,MERIDIAN MINING UK SOCIETAS,0
216851,"ADAMS NATURAL RESOURCES FUND, INC.",PEO,NYSE,0000216851,ADAMS NATURAL RESOURCES FUND,1
1057060,MARINEMAX INC,HZO,NYSE,0001057060,MARINEMAX,1
1782430,"Strawberry Fields REIT, Inc.",STRW,NYSE,0001782430,STRAWBERRY FIELDS REIT,1
1907085,Oddity Tech Ltd,ODD,Nasdaq,0001907085,ODDITY TECH,1
1928446,"Granite Ridge Resources, Inc.",GRNT,NYSE,0001928446,GRANITE RIDGE RESOURCES,1
1553643,"RELMADA THERAPEUTICS, INC.",RLMD,Nasdaq,0001553643,RELMADA THERAPEUTICS,1
889971,LIGHTPATH TECHNOLOGIES INC,LPTH,Nasdaq,0000889971,LIGHTPATH TECHNOLOGIES,1
1400891,"iHeartMedia, Inc.",IHRT,Nasdaq,0001400891,IHEARTMEDIA,1
1559432,"TXO Partners, L.P.",TXO,NYSE,0001559432,TXO PARTNERS L P,1
1418076,SLR Investment Corp.,SLRC,Nasdaq,0001418076,SLR INVESTMENT,1
1434754,"SAFE BULKERS, INC.",SB,NYSE,0001434754,SAFE BULKERS,1
1109116,ENTRAVISION COMMUNICATIONS CORP,EVC,NYSE,0001109116,ENTRAVISION COMMUNICATIONS,1
1784930,Mako Mining Corp.,MAKO,Nasdaq,0001784930,MAKO MINING,1
1665988,Bioventus Inc.,BVS,Nasdaq,0001665988,BIOVENTUS,1
1861123,"Eikon Therapeutics, Inc.",EIKN,Nasdaq,0001861123,EIKON THERAPEUTICS,1
1743759,"Corsair Gaming, Inc.",CRSR,Nasdaq,0001743759,CORSAIR GAMING,1
1386278,GREEN DOT CORP,GDOT,NYSE,0001386278,GREEN DOT,1
883412,"BLACKROCK MUNIYIELD QUALITY FUND III, INC.",MYI,NYSE,0000883412,BLACKROCK MUNIYIELD QUALITY FUND III,1
1538379,"Ibotta, Inc.",IBTA,NYSE,0001538379,IBOTTA,1
1879248,Ads-Tec Energy Public Ltd Co,ADSE,Nasdaq,0001879248,ADS TEC ENERGY PUBLIC,1
1513363,FIDUS INVESTMENT Corp,FDUS,Nasdaq,0001513363,FIDUS INVESTMENT,1
1832803,THESIS GOLD INC.,THSGF,OTC,0001832803,THESIS GOLD,0
1826470,"Petco Health & Wellness Company, Inc.",WOOF,Nasdaq,0001826470,PETCO HEALTH WELLNESS,1
1543418,Trilogy Metals Inc.,TMQ,NYSE,0001543418,TRILOGY METALS,1
1824814,Cognyte Software Ltd.,CGNT,Nasdaq,0001824814,COGNYTE SOFTWARE,1
1598665,"Heritage Insurance Holdings, Inc.",HRTG,NYSE,0001598665,HERITAGE INSURANCE,1
1227476,Nuveen Credit Strategies Income Fund,JQC,NYSE,0001227476,NUVEEN CREDIT STRATEGIES INCOME FUND,1
912147,"ROYCE MICRO-CAP TRUST, INC.",RMT,NYSE,0000912147,ROYCE MICRO CAP,1
928054,FLOTEK INDUSTRIES INC/CN/,FTK,NYSE,0000928054,FLOTEK INDUSTRIES CN,1
1517399,Grupo Supervielle S.A.,SUPV,NYSE,0001517399,GRUPO SUPERVIELLE S,1
1562818,BlackRock Multi-Sector Income Trust,BIT,NYSE,0001562818,BLACKROCK MULTI SECTOR INCOME,1
1288403,W&T OFFSHORE INC,WTI,NYSE,0001288403,W T OFFSHORE,1
1732379,Blue Moon Metals Inc.,BMM,Nasdaq,0001732379,BLUE MOON METALS,1
930420,KFORCE INC,KFRC,NYSE,0000930420,KFORCE,1
1906324,QuidelOrtho Corp,QDEL,Nasdaq,0001906324,QUIDELORTHO,1
2074220,Catapult Group International Ltd,CAZGF,OTC,0002074220,CATAPULT INTERNATIONAL,0
99302,TRANSCAT INC,TRNS,Nasdaq,0000099302,TRANSCAT,1
1832483,Serve Robotics Inc. /DE/,SERV,Nasdaq,0001832483,SERVE ROBOTICS DE,1
2011514,Anteris Technologies Global Corp.,AVR,Nasdaq,0002011514,ANTERIS TECHNOLOGIES GLOBAL,1
1574197,"Five Point Holdings, LLC",FPH,NYSE,0001574197,FIVE POINT,1
1625791,Kornit Digital Ltd.,KRNT,Nasdaq,0001625791,KORNIT DIGITAL,1
1819559,Western Asset Diversified Income Fund (WDI),WDI,NYSE,0001819559,WESTERN ASSET DIVERSIFIED INCOME FUND WDI,1
1655099,Brookfield Real Assets Income Fund Inc.,RA,NYSE,0001655099,BROOKFIELD REAL ASSETS INCOME FUND,1
1562528,"Franklin BSP Realty Trust, Inc.",FBRT,NYSE,0001562528,FRANKLIN BSP REALTY,1
1827090,"Certara, Inc.",CERT,Nasdaq,0001827090,CERTARA,1
1594204,ZHEN DING RESOURCES INC.,RBTK,OTC,0001594204,ZHEN DING RESOURCES,0
1268884,CBRE GLOBAL REAL ESTATE INCOME FUND,IGR,NYSE,0001268884,CBRE GLOBAL REAL ESTATE INCOME FUND,1
1828791,Viant Technology Inc.,DSP,Nasdaq,0001828791,VIANT TECHNOLOGY,1
1789940,"First Watch Restaurant Group, Inc.",FWRG,Nasdaq,0001789940,FIRST WATCH RESTAURANT,1
826154,ORRSTOWN FINANCIAL SERVICES INC,ORRF,Nasdaq,0000826154,ORRSTOWN,1
1502377,Contango Silver & Gold Inc.,CTGO,NYSE,0001502377,CONTANGO SILVER GOLD,1
108385,WORLD ACCEPTANCE CORP,WRLD,Nasdaq,0000108385,WORLD ACCEPTANCE,1
1737287,"Allogene Therapeutics, Inc.",ALLO,Nasdaq,0001737287,ALLOGENE THERAPEUTICS,1
1546417,"Bloomin' Brands, Inc.",BLMN,Nasdaq,0001546417,BLOOMIN BRANDS,1
1067294,"CRACKER BARREL OLD COUNTRY STORE, INC",CBRL,Nasdaq,0001067294,CRACKER BARREL OLD COUNTRY STORE,1
1016281,CARRIAGE SERVICES INC,CSV,NYSE,0001016281,CARRIAGE,1
1038773,SMARTFINANCIAL INC.,SMBK,NYSE,0001038773,SMARTFINANCIAL,1
1851112,RISKIFIED LTD.,RSKD,NYSE,0001851112,RISKIFIED,1
1092796,"SMITH & WESSON BRANDS, INC.",SWBI,Nasdaq,0001092796,SMITH WESSON BRANDS,1
1499543,NOAH HOLDINGS LTD,NOAH,NYSE,0001499543,NOAH,1
1707502,Solid Biosciences Inc.,SLDB,Nasdaq,0001707502,SOLID BIOSCIENCES,1
1720424,HIVE Digital Technologies Ltd.,HIVE,Nasdaq,0001720424,HIVE DIGITAL TECHNOLOGIES,1
1869105,"BridgeBio Oncology Therapeutics, Inc.",BBOT,Nasdaq,0001869105,BRIDGEBIO ONCOLOGY THERAPEUTICS,1
1997377,IsoEnergy Ltd.,ISOU,NYSE,0001997377,ISOENERGY,1
1959224,"Solowin Holdings, Ltd.",AXG,Nasdaq,0001959224,SOLOWIN,1
1820378,Thornburg Income Builder Opportunities Trust,TBLD,Nasdaq,0001820378,THORNBURG INCOME BUILDER OPPORTUNITIES,1
1759783,EHang Holdings Ltd,EH,Nasdaq,0001759783,EHANG,1
1828105,Hippo Holdings Inc.,HIPO,NYSE,0001828105,HIPPO,1
23795,"CTO Realty Growth, Inc.",CTO,NYSE,0000023795,CTO REALTY GROWTH,1
2071288,"Lumexa Imaging Holdings, Inc.",LMRI,Nasdaq,0002071288,LUMEXA IMAGING,1
1602584,Calamos Dynamic Convertible & Income Fund,CCD,Nasdaq,0001602584,CALAMOS DYNAMIC CONVERTIBLE INCOME FUND,1
1788399,DoubleLine Yield Opportunities Fund,DLY,NYSE,0001788399,DOUBLELINE YIELD OPPORTUNITIES FUND,1
39311,INDEPENDENT BANK CORP /MI/,IBCP,Nasdaq,0000039311,INDEPENDENT MI,1
1424929,FOX FACTORY HOLDING CORP,FOXF,Nasdaq,0001424929,FOX FACTORY,1
1826286,Vinci Compass Investments Ltd.,VINP,Nasdaq,0001826286,VINCI COMPASS INVESTMENTS,1
1503290,abrdn Income Credit Strategies Fund,ACP,NYSE,0001503290,ABRDN INCOME CREDIT STRATEGIES FUND,1
1528988,"BlackRock Utilities, Infrastructure & Power Opportunities Trust",BUI,NYSE,0001528988,BLACKROCK UTILITIES INFRASTRUCTURE POWER OPPORTUNITIES,1
76267,PARK AEROSPACE CORP,PKE,NYSE,0000076267,PARK AEROSPACE,1
1539190,SPROTT PHYSICAL PLATINUM & PALLADIUM TRUST,SPPP,NYSE,0001539190,SPROTT PHYSICAL PLATINUM PALLADIUM,1
1728190,HUYA Inc.,HUYA,NYSE,0001728190,HUYA,1
1696556,"Once Upon a Farm, PBC",OFRM,NYSE,0001696556,ONCE UPON FARM PBC,1
903419,ALERUS FINANCIAL CORP,ALRS,Nasdaq,0000903419,ALERUS,1
1296250,PIMCO Income Strategy Fund II,PFN,NYSE,0001296250,PIMCO INCOME STRATEGY FUND II,1
1647822,"Jingbo Technology, Inc.",SVMB,OTC,0001647822,JINGBO TECHNOLOGY,0
103595,VILLAGE SUPER MARKET INC,VLGEA,Nasdaq,0000103595,VILLAGE SUPER MARKET,1
1692376,"Velocity Financial, Inc.",VEL,NYSE,0001692376,VELOCITY,1
1527753,"Personalis, Inc.",PSNL,Nasdaq,0001527753,PERSONALIS,1
862831,FINANCIAL INSTITUTIONS INC,FISI,Nasdaq,0000862831,INSTITUTIONS,1
1195738,NUVEEN CALIFORNIA AMT-FREE QUALITY MUNICIPAL INCOME FUND,NKX,NYSE,0001195738,NUVEEN CALIFORNIA AMT FREE QUALITY MUNICIPAL INCOME FUND,1
2055592,"Gemini Space Station, Inc.",GEMI,Nasdaq,0002055592,GEMINI SPACE STATION,1
1122904,"NETGEAR, INC.",NTGR,Nasdaq,0001122904,NETGEAR,1
1824403,"Reservoir Media, Inc.",RSVR,Nasdaq,0001824403,RESERVOIR MEDIA,1
1490281,"Groupon, Inc.",GRPN,Nasdaq,0001490281,GROUPON,1
1095565,HEALTHSTREAM INC,HSTM,Nasdaq,0001095565,HEALTHSTREAM,1
1823587,Sky Harbour Group Corp,SKYH,NYSE,0001823587,SKY HARBOUR,1
1124524,"Cryoport, Inc.",CYRX,Nasdaq,0001124524,CRYOPORT,1
1720116,"Red Violet, Inc.",RDVT,Nasdaq,0001720116,RED VIOLET,1
1134115,INTERNATIONAL TOWER HILL MINES LTD,THM,NYSE,0001134115,INTERNATIONAL TOWER HILL MINES,1
1375205,UR-ENERGY INC,URG,NYSE,0001375205,UR ENERGY,1
1957538,OIO Group,OIO,Nasdaq,0001957538,OIO,1
1839839,"Janus International Group, Inc.",JBI,NYSE,0001839839,JANUS INTERNATIONAL,1
1737924,Nuveen Churchill Direct Lending Corp.,NCDL,NYSE,0001737924,NUVEEN CHURCHILL DIRECT LENDING,1
1995520,Yuanbao Inc.,YB,Nasdaq,0001995520,YUANBAO,1
1527762,Chaince Digital Holdings Inc.,CD,Nasdaq,0001527762,CHAINCE DIGITAL,1
1547459,"Natural Grocers by Vitamin Cottage, Inc.",NGVC,NYSE,0001547459,NATURAL GROCERS BY VITAMIN COTTAGE,1
1886878,PIMCO Access Income Fund,PAXS,NYSE,0001886878,PIMCO ACCESS INCOME FUND,1
1434647,"ZEVRA THERAPEUTICS, INC.",ZVRA,Nasdaq,0001434647,ZEVRA THERAPEUTICS,1
930236,REDWOOD TRUST INC,RWT,NYSE,0000930236,REDWOOD,1
1117297,"QUINSTREET, INC",QNST,Nasdaq,0001117297,QUINSTREET,1
1844862,"Solid Power, Inc.",SLDP,Nasdaq,0001844862,SOLID POWER,1
1514705,"SunCoke Energy, Inc.",SXC,NYSE,0001514705,SUNCOKE ENERGY,1
1053988,"BLACKROCK MUNIHOLDINGS NEW JERSEY QUALITY FUND, INC.",MUJ,NYSE,0001053988,BLACKROCK MUNIHOLDINGS NEW JERSEY QUALITY FUND,1
1382101,"SUTRO BIOPHARMA, INC.",STRO,Nasdaq,0001382101,SUTRO BIOPHARMA,1
1865111,Alpha Star Acquisition Corp,ALSAF,OTC,0001865111,ALPHA STAR ACQUISITION,0
807863,MITEK SYSTEMS INC,MITK,Nasdaq,0000807863,MITEK SYSTEMS,1
1320375,BlackRock Enhanced Global Dividend Trust,BOE,NYSE,0001320375,BLACKROCK ENHANCED GLOBAL DIVIDEND,1
1841387,"Candel Therapeutics, Inc.",CADL,Nasdaq,0001841387,CANDEL THERAPEUTICS,1
1819796,GCM Grosvenor Inc.,GCMG,Nasdaq,0001819796,GCM GROSVENOR,1
1173514,"HYSTER-YALE, INC.",HY,NYSE,0001173514,HYSTER YALE,1
1951222,SEALSQ Corp,LAES,Nasdaq,0001951222,SEALSQ,1
2040475,Drugs Made In America Acquisition II Corp.,DMII,Nasdaq,0002040475,DRUGS MADE IN AMERICA ACQUISITION II,1
1834488,"N-able, Inc.",NABL,NYSE,0001834488,ABLE,1
894627,VAALCO ENERGY INC /DE/,EGY,NYSE,0000894627,VAALCO ENERGY DE,1
872716,ALPINE BANKS OF COLORADO,ALPIB,OTC,0000872716,ALPINE OF COLORADO,0
783412,DAILY JOURNAL CORP,DJCO,Nasdaq,0000783412,DAILY JOURNAL,1
1035092,SHORE BANCSHARES INC,SHBI,Nasdaq,0001035092,SHORE BANCSHARES,1
1401257,"FORUM ENERGY TECHNOLOGIES, INC.",FET,NYSE,0001401257,FORUM ENERGY TECHNOLOGIES,1
1722606,Metalla Royalty & Streaming Ltd.,MTA,NYSE,0001722606,METALLA ROYALTY STREAMING,1
1731348,"Tilray Brands, Inc.",TLRY,Nasdaq,0001731348,TILRAY BRANDS,1
1160864,BLACKROCK CORE BOND TRUST,BHK,NYSE,0001160864,BLACKROCK CORE BOND,1
1124105,"GYRE THERAPEUTICS, INC.",GYRE,Nasdaq,0001124105,GYRE THERAPEUTICS,1
2039972,Guardian Metal Resources PLC,GMTL,NYSE,0002039972,GUARDIAN METAL RESOURCES,1
1569187,"AH Realty Trust, Inc.",AHRT,NYSE,0001569187,AH REALTY,1
2076631,AMAROQ LTD.,AMRQF,OTC,0002076631,AMAROQ,0
800457,DONEGAL GROUP INC,DGICA,Nasdaq,0000800457,DONEGAL,1
1364125,Western Copper & Gold Corp,WRN,NYSE,0001364125,WESTERN COPPER GOLD,1
1557746,"Aclaris Therapeutics, Inc.",ACRS,Nasdaq,0001557746,ACLARIS THERAPEUTICS,1
1597033,Sabre Corp,SABR,Nasdaq,0001597033,SABRE,1
1127371,Community West Bancshares,CWBC,Nasdaq,0001127371,COMMUNITY WEST BANCSHARES,1
95029,STURM RUGER & CO INC,RGR,NYSE,0000095029,STURM RUGER,1
1459839,"SI-BONE, Inc.",SIBN,Nasdaq,0001459839,SI BONE,1
701719,Envela Corp,ELA,NYSE,0000701719,ENVELA,1
1630472,"TPG RE Finance Trust, Inc.",TRTX,NYSE,0001630472,TPG RE FINANCE,1
855886,JOHN HANCOCK PREMIUM DIVIDEND FUND,PDT,NYSE,0000855886,JOHN HANCOCK PREMIUM DIVIDEND FUND,1
1700844,EvoAir Holdings Inc.,EVOH,OTC,0001700844,EVOAIR,0
1393726,TIPTREE INC.,TIPT,Nasdaq,0001393726,TIPTREE,1
1739566,"Utz Brands, Inc.",UTZ,NYSE,0001739566,UTZ BRANDS,1
1795851,"Stewards, Inc.",SWRD,OTC,0001795851,STEWARDS,0
1464591,GeoPark Ltd,GPRK,NYSE,0001464591,GEOPARK,1
1051003,"BLACKROCK DEBT STRATEGIES FUND, INC.",DSU,NYSE,0001051003,BLACKROCK DEBT STRATEGIES FUND,1
1861107,"Ceribell, Inc.",CBLL,Nasdaq,0001861107,CERIBELL,1
1640428,"EverQuote, Inc.",EVER,Nasdaq,0001640428,EVERQUOTE,1
1768446,"Climb Bio, Inc.",CLYM,Nasdaq,0001768446,CLIMB BIO,1
2028707,"Merlin, Inc.",MRLN,Nasdaq,0002028707,MERLIN,1
2088256,Horizon Quantum Holdings Ltd.,HQ,Nasdaq,0002088256,HORIZON QUANTUM,1
1781730,"Third Coast Bancshares, Inc.",TCBX,NYSE,0001781730,THIRD COAST BANCSHARES,1
1772177,"KURA SUSHI USA, INC.",KRUS,Nasdaq,0001772177,KURA SUSHI USA,1
1227862,WESTERN ASSET EMERGING MARKETS DEBT FUND INC.,EMD,NYSE,0001227862,WESTERN ASSET EMERGING MARKETS DEBT FUND,1
1402829,Orion Group Holdings Inc,ORN,NYSE,0001402829,ORION,1
1793129,Nuveen Dynamic Municipal Opportunities Fund,NDMO,NYSE,0001793129,NUVEEN DYNAMIC MUNICIPAL OPPORTUNITIES FUND,1
1549346,"Shutterstock, Inc.",SSTK,NYSE,0001549346,SHUTTERSTOCK,1
708821,PAR TECHNOLOGY CORP,PAR,NYSE,0000708821,PAR TECHNOLOGY,1
915840,BEAZER HOMES USA INC,BZH,NYSE,0000915840,BEAZER HOMES USA,1
1793663,VTEX,VTEX,NYSE,0001793663,VTEX,1
922864,APARTMENT INVESTMENT & MANAGEMENT CO,AIV,NYSE,0000922864,APARTMENT INVESTMENT MANAGEMENT,1
790500,"ABRDN ASIA-PACIFIC INCOME FUND, INC.",FAX,NYSE,0000790500,ABRDN ASIA PACIFIC INCOME FUND,1
1505065,Brainsway Ltd.,BWAY,Nasdaq,0001505065,BRAINSWAY,1
1958086,Core Laboratories Inc. /DE/,CLB,NYSE,0001958086,CORE LABORATORIES DE,1
1030192,"Idaho Strategic Resources, Inc.",IDR,NYSE,0001030192,IDAHO STRATEGIC RESOURCES,1
1234006,GLADSTONE COMMERCIAL CORP,GOOD,Nasdaq,0001234006,GLADSTONE COMMERCIAL,1
1377757,Galiano Gold Inc.,GAU,NYSE,0001377757,GALIANO GOLD,1
1788257,"BETTERWARE DE MEXICO, S.A.P.I. DE C.V",BWMX,NYSE,0001788257,BETTERWARE DE MEXICO S P I DE C V,1
72573,MOVADO GROUP INC,MOV,NYSE,0000072573,MOVADO,1
1963685,RICHTECH ROBOTICS INC.,RR,Nasdaq,0001963685,RICHTECH ROBOTICS,1
1034665,"BLACKROCK MUNIHOLDINGS FUND, INC.",MHD,NYSE,0001034665,BLACKROCK MUNIHOLDINGS FUND,1
1795815,California BanCorp \ CA,BCAL,Nasdaq,0001795815,CALIFORNIA CA,1
1821159,EVgo Inc.,EVGO,Nasdaq,0001821159,EVGO,1
1799567,"DoubleDown Interactive Co., Ltd.",DDI,Nasdaq,0001799567,DOUBLEDOWN INTERACTIVE,1
1562051,Neuberger Energy Infrastructure & Income Fund Inc.,NML,NYSE,0001562051,NEUBERGER ENERGY INFRASTRUCTURE INCOME FUND,1
2064355,Bain Capital GSS Investment Corp.,BCSS,NYSE,0002064355,BAIN CAPITAL GSS INVESTMENT,1
2042902,EQV Ventures Acquisition Corp. II,EVAC,NYSE,0002042902,EQV VENTURES ACQUISITION II,1
1410098,CorMedix Inc.,CRMD,Nasdaq,0001410098,CORMEDIX,1
1774342,Nuveen Municipal Credit Opportunities Fund,NMCO,NYSE,0001774342,NUVEEN MUNICIPAL CREDIT OPPORTUNITIES FUND,1
1336706,NORTHPOINTE BANCSHARES INC,NPB,NYSE,0001336706,NORTHPOINTE BANCSHARES,1
796505,"Clearfield, Inc.",CLFD,Nasdaq,0000796505,CLEARFIELD,1
2034267,"Cantor Equity Partners IV, Inc.",CEPF,Nasdaq,0002034267,CANTOR EQUITY PARTNERS IV,1
2106613,Quantum eMotion Corp,QNC,NYSE,0002106613,QUANTUM EMOTION,1
1606757,"Kimball Electronics, Inc.",KE,Nasdaq,0001606757,KIMBALL ELECTRONICS,1
1548717,"Cohen & Steers Ltd Duration Preferred & Income Fund, Inc.",LDP,NYSE,0001548717,COHEN STEERS DURATION PREFERRED INCOME FUND,1
2091349,"First Tracks Biotherapeutics, Inc.",TRAX,Nasdaq,0002091349,FIRST TRACKS BIOTHERAPEUTICS,1
737468,WASHINGTON TRUST BANCORP INC,WASH,Nasdaq,0000737468,WASHINGTON,1
1446847,IRONWOOD PHARMACEUTICALS INC,IRWD,Nasdaq,0001446847,IRONWOOD PHARMACEUTICALS,1
1597672,RAYONIER ADVANCED MATERIALS INC.,RYAM,NYSE,0001597672,RAYONIER ADVANCED MATERIALS,1
1520358,"Mama's Creations, Inc.",MAMA,Nasdaq,0001520358,MAMA S CREATIONS,1
75288,OXFORD INDUSTRIES INC,OXM,NYSE,0000075288,OXFORD INDUSTRIES,1
1493225,"Northfield Bancorp, Inc.",NFBK,Nasdaq,0001493225,NORTHFIELD,1
1071236,RED RIVER BANCSHARES INC,RRBI,Nasdaq,0001071236,RED RIVER BANCSHARES,1
1655759,"ARVINAS, INC.",ARVN,Nasdaq,0001655759,ARVINAS,1
708781,CASS INFORMATION SYSTEMS INC,CASS,Nasdaq,0000708781,CASS INFORMATION SYSTEMS,1
1673985,AdvanSix Inc.,ASIX,NYSE,0001673985,ADVANSIX,1
1710350,"Bit Digital, Inc",BTBT,Nasdaq,0001710350,BIT DIGITAL,1
1829576,"Carter Bankshares, Inc.",CARE,Nasdaq,0001829576,CARTER BANKSHARES,1
717538,ARROW FINANCIAL CORP,AROW,Nasdaq,0000717538,ARROW,1
1385613,"GREENLIGHT CAPITAL RE, LTD.",GLRE,Nasdaq,0001385613,GREENLIGHT CAPITAL RE,1
1447362,CASTLE BIOSCIENCES INC,CSTL,Nasdaq,0001447362,CASTLE BIOSCIENCES,1
1185348,PRA GROUP INC,PRAA,Nasdaq,0001185348,PRA,1
2079173,American Exceptionalism Acquisition Corp. A,AEXA,NYSE,0002079173,AMERICAN EXCEPTIONALISM ACQUISITION,1
1704720,"Cannae Holdings, Inc.",CNNE,NYSE,0001704720,CANNAE,1
1994702,"Kyverna Therapeutics, Inc.",KYTX,Nasdaq,0001994702,KYVERNA THERAPEUTICS,1
1891027,"MNTN, Inc.",MNTN,NYSE,0001891027,MNTN,1
2074973,Churchill Capital Corp XI,CCXI,Nasdaq,0002074973,CHURCHILL CAPITAL XI,1
1018979,AMERISAFE INC,AMSF,Nasdaq,0001018979,AMERISAFE,1
357294,HOVNANIAN ENTERPRISES INC,HOV,NYSE,0000357294,HOVNANIAN ENTERPRISES,1
885601,Invesco Value Municipal Income Trust,IIM,NYSE,0000885601,INVESCO VALUE MUNICIPAL INCOME,1
1747079,Bally's Corp,BALY,NYSE,0001747079,BALLY S,1
1497645,"Summit Hotel Properties, Inc.",INN,NYSE,0001497645,SUMMIT HOTEL PROPERTIES,1
1956439,Enhanced Group Inc.,ENHA,NYSE,0001956439,ENHANCED,1
1056943,PEOPLES FINANCIAL SERVICES CORP.,PFIS,Nasdaq,0001056943,PEOPLES,1
1349436,SANDRIDGE ENERGY INC,SD,NYSE,0001349436,SANDRIDGE ENERGY,1
39020,FREQUENCY ELECTRONICS INC,FEIM,Nasdaq,0000039020,FREQUENCY ELECTRONICS,1
1421461,"Intrepid Potash, Inc.",IPI,NYSE,0001421461,INTREPID POTASH,1
1743725,"GRID DYNAMICS HOLDINGS, INC.",GDYN,Nasdaq,0001743725,GRID DYNAMICS,1
1823986,Waterdrop Inc.,WDH,NYSE,0001823986,WATERDROP,1
743367,BAR HARBOR BANKSHARES,BHB,NYSE,0000743367,BAR HARBOR BANKSHARES,1
1833197,"Latham Group, Inc.",SWIM,Nasdaq,0001833197,LATHAM,1
1729173,Uxin Ltd,UXIN,Nasdaq,0001729173,UXIN,1
798783,UNIVERSAL HEALTH REALTY INCOME TRUST,UHT,NYSE,0000798783,UNIVERSAL HEALTH REALTY INCOME,1
1395325,Eaton Vance Risk-Managed Diversified Equity Income Fund,ETJ,NYSE,0001395325,EATON VANCE RISK MANAGED DIVERSIFIED EQUITY INCOME FUND,1
1857154,"Krispy Kreme, Inc.",DNUT,Nasdaq,0001857154,KRISPY KREME,1
1860805,Algoma Steel Group Inc.,ASTL,Nasdaq,0001860805,ALGOMA STEEL,1
1831631,"loanDepot, Inc.",LDI,NYSE,0001831631,LOANDEPOT,1
1080720,GABELLI UTILITY TRUST,GUT,NYSE,0001080720,GABELLI UTILITY,1
1326190,"Altimmune, Inc.",ALT,Nasdaq,0001326190,ALTIMMUNE,1
1825079,"Velo3D, Inc.",VELO,Nasdaq,0001825079,VELO3D,1
1643615,"Onterris, Inc.",ONT,NYSE,0001643615,ONTERRIS,1
1396277,Calamos Global Dynamic Income Fund,CHW,Nasdaq,0001396277,CALAMOS GLOBAL DYNAMIC INCOME FUND,1
1219120,ADVENT CONVERTIBLE & INCOME FUND,AVK,NYSE,0001219120,ADVENT CONVERTIBLE INCOME FUND,1
886043,WESTERN ASSET MANAGED MUNICIPALS FUND INC.,MMU,NYSE,0000886043,WESTERN ASSET MANAGED MUNICIPALS FUND,1
1683606,Cars.com Inc.,CARS,NYSE,0001683606,CARS COM,1
2001557,"Innventure, Inc.",INV,Nasdaq,0002001557,INNVENTURE,1
1253689,"CRESCENT BIOPHARMA, INC.",CBIO,Nasdaq,0001253689,CRESCENT BIOPHARMA,1
949858,"ACHIEVE LIFE SCIENCES, INC.",ACHV,Nasdaq,0000949858,ACHIEVE LIFE SCIENCES,1
1690639,VersaBank,VBNK,Nasdaq,0001690639,VERSABANK,1
1466026,"Midland States Bancorp, Inc.",MSBI,Nasdaq,0001466026,MIDLAND STATES,1
1711570,Uranium Royalty Corp.,UROY,Nasdaq,0001711570,URANIUM ROYALTY,1
1854368,Digi Power X Inc.,DGXX,Nasdaq,0001854368,DIGI POWER X,1
1847590,Bowman Consulting Group Ltd.,BWMN,Nasdaq,0001847590,BOWMAN CONSULTING,1
1899883,FTAI Infrastructure Inc.,FIP,Nasdaq,0001899883,FTAI INFRASTRUCTURE,1
1535778,"MSC INCOME FUND, INC.",MSIF,NYSE,0001535778,MSC INCOME FUND,1
880892,Invesco Trust for Investment Grade Municipals,VGM,NYSE,0000880892,INVESCO FOR INVESTMENT GRADE MUNICIPALS,1
1854545,Dingdong (Cayman) Ltd,DDL,NYSE,0001854545,DINGDONG CAYMAN,1
1121484,"OIL STATES INTERNATIONAL, INC",OIS,NYSE,0001121484,OIL STATES INTERNATIONAL,1
1759138,"Cabaletta Bio, Inc.",CABA,Nasdaq,0001759138,CABALETTA BIO,1
884121,abrdn Life Sciences Investors,HQL,NYSE,0000884121,ABRDN LIFE SCIENCES INVESTORS,1
1436126,"Mistras Group, Inc.",MG,NYSE,0001436126,MISTRAS,1
1873835,"Immix Biopharma, Inc.",IMMX,Nasdaq,0001873835,IMMIX BIOPHARMA,1
1836564,Valneva SE,VALN,Nasdaq,0001836564,VALNEVA SE,1
1034842,RIGEL PHARMACEUTICALS INC,RIGL,Nasdaq,0001034842,RIGEL PHARMACEUTICALS,1
1606909,Pangaea Logistics Solutions Ltd.,PANL,Nasdaq,0001606909,PANGAEA LOGISTICS SOLUTIONS,1
1755191,Liberty Gold Corp. /CAN,LGDTF,OTC,0001755191,LIBERTY GOLD CAN,0
1758021,Karat Packaging Inc.,KRT,Nasdaq,0001758021,KARAT PACKAGING,1
1145604,"NIKA PHARMACEUTICALS, INC",NIKA,OTC,0001145604,NIKA PHARMACEUTICALS,0
1084991,NATURAL GAS SERVICES GROUP INC,NGS,NYSE,0001084991,NATURAL GAS,1
1604174,Eagle Point Credit Co Inc.,ECC,NYSE,0001604174,EAGLE POINT CREDIT,1
724004,MESA LABORATORIES INC /CO/,MLAB,Nasdaq,0000724004,MESA LABORATORIES,1
1412408,"Phreesia, Inc.",PHR,NYSE,0001412408,PHREESIA,1
62234,MARCUS CORP,MCS,NYSE,0000062234,MARCUS,1
1771706,Vireo Growth Inc.,VREOF,OTC,0001771706,VIREO GROWTH,0
924822,MILLER INDUSTRIES INC /TN/,MLR,NYSE,0000924822,MILLER INDUSTRIES TN,1
715579,ACNB CORP,ACNB,Nasdaq,0000715579,ACNB,1
1838615,"AlTi Global, Inc.",ALTI,Nasdaq,0001838615,ALTI GLOBAL,1
1376339,"MIMEDX GROUP, INC.",MDXG,Nasdaq,0001376339,MIMEDX,1
784539,EACO CORP,EACO,OTC,0000784539,EACO,0
1894562,"Prime Medicine, Inc.",PRME,Nasdaq,0001894562,PRIME MEDICINE,1
1484778,ThredUp Inc.,TDUP,Nasdaq,0001484778,THREDUP,1
1398733,"Aquestive Therapeutics, Inc.",AQST,Nasdaq,0001398733,AQUESTIVE THERAPEUTICS,1
877463,Invesco Municipal Trust,VKQ,NYSE,0000877463,INVESCO MUNICIPAL,1
1728688,"i3 Verticals, Inc.",IIIV,Nasdaq,0001728688,I3 VERTICALS,1
2083125,PRESIDIO PRODUCTION Co,FTW,NYSE,0002083125,PRESIDIO PRODUCTION,1
88000,Horizon Kinetics Holding Corp,HKHC,OTC,0000088000,HORIZON KINETICS,0
1401521,AMERICAN COASTAL INSURANCE Corp,ACIC,Nasdaq,0001401521,AMERICAN COASTAL INSURANCE,1
920427,UNITY BANCORP INC /NJ/,UNTY,Nasdaq,0000920427,UNITY NJ,1
1681087,"Tectonic Therapeutic, Inc.",TECX,Nasdaq,0001681087,TECTONIC THERAPEUTIC,1
916789,HELEN OF TROY LTD,HELE,Nasdaq,0000916789,HELEN OF TROY,1
1436208,Legacy Housing Corp,LEGH,Nasdaq,0001436208,LEGACY HOUSING,1
1537054,Gogo Inc.,GOGO,Nasdaq,0001537054,GOGO,1
1473334,XMax Inc.,XWIN,Nasdaq,0001473334,XMAX,1
1717307,Industrial Logistics Properties Trust,ILPT,Nasdaq,0001717307,INDUSTRIAL LOGISTICS PROPERTIES,1
1528287,NeuroPace Inc,NPCE,Nasdaq,0001528287,NEUROPACE,1
791908,XOMA Royalty Corp,XOMA,Nasdaq,0000791908,XOMA ROYALTY,1
1940941,mF International Ltd,MFI,Nasdaq,0001940941,MF INTERNATIONAL,1
1944955,FIRST NORDIC METALS CORP.,GSKRF,OTC,0001944955,FIRST NORDIC METALS,0
923139,FLUSHING FINANCIAL CORP,FFIC,Nasdaq,0000923139,FLUSHING,1
804123,TAIWAN FUND INC,TWN,NYSE,0000804123,TAIWAN FUND,1
1163370,NORTHRIM BANCORP INC,NRIM,Nasdaq,0001163370,NORTHRIM,1
1866633,"Consensus Cloud Solutions, Inc.",CCSI,Nasdaq,0001866633,CONSENSUS CLOUD SOLUTIONS,1
1515671,Duff & Phelps Utility & Infrastructure Fund Inc.,DPG,NYSE,0001515671,DUFF PHELPS UTILITY INFRASTRUCTURE FUND,1
1809691,AMTD Digital Inc.,HKD,NYSE,0001809691,AMTD DIGITAL,1
1090009,SOUTHERN FIRST BANCSHARES INC,SFST,Nasdaq,0001090009,SOUTHERN FIRST BANCSHARES,1
2025416,OBOOK HOLDINGS INC.,OWLS,Nasdaq,0002025416,OBOOK,1
1267902,WESTERN ASSET INFLATION-LINKED OPPORTUNITIES & INCOME FUND,WIW,NYSE,0001267902,WESTERN ASSET INFLATION LINKED OPPORTUNITIES INCOME FUND,1
1131312,ZION OIL & GAS INC,ZNOG,OTC,0001131312,ZION OIL GAS,0
2020932,Agomab Therapeutics NV,AGMB,Nasdaq,0002020932,AGOMAB THERAPEUTICS NV,1
1568100,"PagerDuty, Inc.",PD,NYSE,0001568100,PAGERDUTY,1
790816,BRANDYWINE REALTY TRUST,BDN,NYSE,0000790816,BRANDYWINE REALTY,1
1766368,"Mayville Engineering Company, Inc.",MEC,NYSE,0001766368,MAYVILLE ENGINEERING,1
1327688,OOMA INC,OOMA,NYSE,0001327688,OOMA,1
1937987,"Falcon's Beyond Global, Inc.",FBYD,Nasdaq,0001937987,FALCON S BEYOND GLOBAL,1
1722387,Integra Resources Corp.,ITRG,NYSE,0001722387,INTEGRA RESOURCES,1
1864208,Guggenheim Active Allocation Fund,GUG,NYSE,0001864208,GUGGENHEIM ACTIVE ALLOCATION FUND,1
1567900,REALLOYS INC.,ALOY,Nasdaq,0001567900,REALLOYS,1
1590976,"MALIBU BOATS, INC.",MBUU,Nasdaq,0001590976,MALIBU BOATS,1
794619,AMERICAN WOODMARK CORP,AMWD,Nasdaq,0000794619,AMERICAN WOODMARK,1
96869,TEJON RANCH CO,TRC,NYSE,0000096869,TEJON RANCH,1
885125,Invesco Quality Municipal Income Trust,IQI,NYSE,0000885125,INVESCO QUALITY MUNICIPAL INCOME,1
1855175,"Contineum Therapeutics, Inc.",CTNM,Nasdaq,0001855175,CONTINEUM THERAPEUTICS,1
1027838,TACTILE SYSTEMS TECHNOLOGY INC,TCMD,Nasdaq,0001027838,TACTILE SYSTEMS TECHNOLOGY,1
895531,Invesco California Value Municipal Income Trust,VCV,NYSE,0000895531,INVESCO CALIFORNIA VALUE MUNICIPAL INCOME,1
1641229,First Mining Gold Corp.,FFMGF,OTC,0001641229,FIRST MINING GOLD,0
1835856,Better Home & Finance Holding Co,BETR,Nasdaq,0001835856,BETTER HOME FINANCE,1
1625278,"NERDWALLET, INC.",NRDS,Nasdaq,0001625278,NERDWALLET,1
1559053,PROTHENA CORP PUBLIC LTD CO,PRTA,Nasdaq,0001559053,PROTHENA PUBLIC,1
1412095,"Troops, Inc. /Cayman Islands/",TROO,Nasdaq,0001412095,TROOPS CAYMAN ISLANDS,1
1635977,abrdn World Healthcare Fund,THW,NYSE,0001635977,ABRDN WORLD HEALTHCARE FUND,1
1546429,Blackstone Strategic Credit 2027 Term Fund,BGB,NYSE,0001546429,BLACKSTONE STRATEGIC CREDIT 2027 TERM FUND,1
317788,"Digital Turbine, Inc.",APPS,Nasdaq,0000317788,DIGITAL TURBINE,1
1393299,BlackRock Enhanced International Dividend Trust,BGY,NYSE,0001393299,BLACKROCK ENHANCED INTERNATIONAL DIVIDEND,1
1865200,"Angel Studios, Inc.",ANGX,NYSE,0001865200,ANGEL STUDIOS,1
33002,"ENNIS, INC.",EBF,NYSE,0000033002,ENNIS,1
2035992,Charming Medical Ltd,MCTA,Nasdaq,0002035992,CHARMING MEDICAL,1
944745,"CIVISTA BANCSHARES, INC.",CIVB,Nasdaq,0000944745,CIVISTA BANCSHARES,1
1314966,BlackRock Health Sciences Trust,BME,NYSE,0001314966,BLACKROCK HEALTH SCIENCES,1
1829864,"TaskUs, Inc.",TASK,Nasdaq,0001829864,TASKUS,1
1830214,"Ginkgo Bioworks Holdings, Inc.",DNA,NYSE,0001830214,GINKGO BIOWORKS,1
2074878,New America Acquisition I Corp.,NWAX,NYSE,0002074878,NEW AMERICA ACQUISITION I,1
1341317,Bridgewater Bancshares Inc,BWB,Nasdaq,0001341317,BRIDGEWATER BANCSHARES,1
1850270,PROKIDNEY CORP.,PROK,Nasdaq,0001850270,PROKIDNEY,1
1176984,Eaton Vance Municipal Bond Fund,EIM,NYSE,0001176984,EATON VANCE MUNICIPAL BOND FUND,1
764401,INSTEEL INDUSTRIES INC,IIIN,NYSE,0000764401,INSTEEL INDUSTRIES,1
2099232,Future Money Acquisition Corp,FMAC,Nasdaq,0002099232,FUTURE MONEY ACQUISITION,1
2007846,Julong Holding Ltd,JLHL,Nasdaq,0002007846,JULONG,1
1434621,"LendingTree, Inc.",TREE,Nasdaq,0001434621,LENDINGTREE,1
1617242,Kearny Financial Corp.,KRNY,Nasdaq,0001617242,KEARNY,1
2022626,"Upstream Bio, Inc.",UPB,Nasdaq,0002022626,UPSTREAM BIO,1
917100,"ABERDEEN INDIA FUND, INC.",IFN,NYSE,0000917100,ABERDEEN INDIA FUND,1
1810523,FIRST TRUST HIGH YIELD OPPORTUNITIES 2027 TERM FUND,FTHY,NYSE,0001810523,FIRST HIGH YIELD OPPORTUNITIES 2027 TERM FUND,1
1581091,"RE/MAX Holdings, Inc.",RMAX,NYSE,0001581091,RE MAX,1
1170299,PIMCO MUNICIPAL INCOME FUND II,PML,NYSE,0001170299,PIMCO MUNICIPAL INCOME FUND II,1
1712463,Ranpak Holdings Corp.,PACK,NYSE,0001712463,RANPAK,1
1030997,G WILLI FOOD INTERNATIONAL LTD,WILC,Nasdaq,0001030997,G WILLI FOOD INTERNATIONAL,1
1341170,EUROSEAS LTD.,ESEA,Nasdaq,0001341170,EUROSEAS,1
1636651,Ovid Therapeutics Inc.,OVID,Nasdaq,0001636651,OVID THERAPEUTICS,1
712770,ONE LIBERTY PROPERTIES INC,OLP,NYSE,0000712770,ONE LIBERTY PROPERTIES,1
1436425,"HOME BANCORP, INC.",HBCP,Nasdaq,0001436425,HOME,1
25475,CRAWFORD & CO,CRD-A,NYSE,0000025475,CRAWFORD,1
1419536,Capital Bancorp Inc,CBNK,Nasdaq,0001419536,CAPITAL,1
1130144,SIERRA BANCORP,BSRR,Nasdaq,0001130144,SIERRA,1
1281926,Eaton Vance Tax-Advantaged Global Dividend Opportunities Fund,ETO,NYSE,0001281926,EATON VANCE TAX ADVANTAGED GLOBAL DIVIDEND OPPORTUNITIES FUND,1
1554697,"PGIM Global High Yield Fund, Inc.",GHY,NYSE,0001554697,PGIM GLOBAL HIGH YIELD FUND,1
899751,TITAN INTERNATIONAL INC,TWI,NYSE,0000899751,TITAN INTERNATIONAL,1
884624,Orthofix Medical Inc.,OFIX,Nasdaq,0000884624,ORTHOFIX MEDICAL,1
1233681,BLACKROCK Ltd DURATION INCOME TRUST,BLW,NYSE,0001233681,BLACKROCK DURATION INCOME,1
2028336,"New ERA Energy & Digital, Inc.",NUAI,Nasdaq,0002028336,NEW ERA ENERGY DIGITAL,1
1476045,Chatham Lodging Trust,CLDT,NYSE,0001476045,CHATHAM LODGING,1
1742518,"MMTEC, INC.",MTC,Nasdaq,0001742518,MMTEC,1
2069785,"Gloo Holdings, Inc.",GLOO,Nasdaq,0002069785,GLOO,1
1631569,Community Healthcare Trust Inc,CHCT,NYSE,0001631569,COMMUNITY HEALTHCARE,1
1533615,Chiron Real Estate Inc.,XRN,NYSE,0001533615,CHIRON REAL ESTATE,1
1653558,"Priority Technology Holdings, Inc.",PRTH,Nasdaq,0001653558,PRIORITY TECHNOLOGY,1
1868995,CI&T Inc,CINT,NYSE,0001868995,CI T,1
1680367,"Shattuck Labs, Inc.",STTK,Nasdaq,0001680367,SHATTUCK LABS,1
896156,ETHAN ALLEN INTERIORS INC,ETD,NYSE,0000896156,ETHAN ALLEN INTERIORS,1
1945240,Roma Green Finance Ltd,ROMA,Nasdaq,0001945240,ROMA GREEN FINANCE,1
1830043,Bumble Inc.,BMBL,Nasdaq,0001830043,BUMBLE,1
2087361,M Evo Global Acquisition Corp II,MEVO,Nasdaq,0002087361,M EVO GLOBAL ACQUISITION II,1
1985273,"TOYO Co., Ltd",TOYO,Nasdaq,0001985273,TOYO,1
1650648,"4D Molecular Therapeutics, Inc.",FDMT,Nasdaq,0001650648,4D MOLECULAR THERAPEUTICS,1
1320461,Cooper-Standard Holdings Inc.,CPS,NYSE,0001320461,COOPER STANDARD,1
1175680,CytoDyn Inc.,CYDY,OTC,0001175680,CYTODYN,0
2074872,Rice Acquisition Corp 3,KRSP,NYSE,0002074872,RICE ACQUISITION 3,1
2025583,"ZEDCOR, INC.",ZDCAF,OTC,0002025583,ZEDCOR,0
1759186,Z Squared Inc.,ZSQR,Nasdaq,0001759186,Z SQUARED,1
1873529,"KinderCare Learning Companies, Inc.",KLC,NYSE,0001873529,KINDERCARE LEARNING COMPANIES,1
1861115,Nuveen Multi-Asset Income Fund,NMAI,NYSE,0001861115,NUVEEN MULTI ASSET INCOME FUND,1
2080019,GigCapital8 Corp.,GIW,Nasdaq,0002080019,GIGCAPITAL8,1
1817241,"Artiva Biotherapeutics, Inc.",ARTV,Nasdaq,0001817241,ARTIVA BIOTHERAPEUTICS,1
1285890,Voya GLOBAL EQUITY DIVIDEND & PREMIUM OPPORTUNITY FUND,IGD,NYSE,0001285890,VOYA GLOBAL EQUITY DIVIDEND PREMIUM OPPORTUNITY FUND,1
1419041,"Forte Biosciences, Inc.",FBRX,Nasdaq,0001419041,FORTE BIOSCIENCES,1
876427,"MONRO, INC.",MNRO,Nasdaq,0000876427,MONRO,1
1760689,"Microvast Holdings, Inc.",MVST,Nasdaq,0001760689,MICROVAST,1
1133470,CALAVO GROWERS INC,CVGW,Nasdaq,0001133470,CALAVO GROWERS,1
1844450,Electrovaya Inc.,ELVA,Nasdaq,0001844450,ELECTROVAYA,1
108985,YORK WATER CO,YORW,Nasdaq,0000108985,YORK WATER,1
1404644,Neurogene Inc.,NGNE,Nasdaq,0001404644,NEUROGENE,1
1020214,CERUS CORP,CERS,Nasdaq,0001020214,CERUS,1
1854149,Agriculture & Natural Solutions Acquisition Corp,ANSC,Nasdaq,0001854149,AGRICULTURE NATURAL SOLUTIONS ACQUISITION,1
1372299,"Ocugen, Inc.",OCGN,Nasdaq,0001372299,OCUGEN,1
2081358,Crane Harbor Acquisition Corp. II,CRAN,Nasdaq,0002081358,CRANE HARBOR ACQUISITION II,1
1713334,STUDIO CITY INTERNATIONAL HOLDINGS Ltd,MSC,NYSE,0001713334,STUDIO CITY INTERNATIONAL,1
1145986,ASPEN AEROGELS INC,ASPN,NYSE,0001145986,ASPEN AEROGELS,1
1863934,ADURO CLEAN TECHNOLOGIES INC.,ADUR,Nasdaq,0001863934,ADURO CLEAN TECHNOLOGIES,1
1986817,"Gores Holdings X, Inc. / CI",GTEN,Nasdaq,0001986817,GORES X CI,1
1834526,GP-Act III Acquisition Corp.,GPAT,Nasdaq,0001834526,GP ACT III ACQUISITION,1
2083526,"Micware Co., Ltd.",MWC,Nasdaq,0002083526,MICWARE,1
2101698,Elmet Group Co.,ELMT,Nasdaq,0002101698,ELMET,1
1776661,Advantage Solutions Inc.,ADV,Nasdaq,0001776661,ADVANTAGE SOLUTIONS,1
928340,Consolidated Water Co. Ltd.,CWCO,Nasdaq,0000928340,CONSOLIDATED WATER,1
1862044,ZKH Group Ltd,ZKH,NYSE,0001862044,ZKH,1
1215913,JOHN HANCOCK PREFERRED INCOME FUND III,HPS,NYSE,0001215913,JOHN HANCOCK PREFERRED INCOME FUND III,1
1737927,Canopy Growth Corp,CGC,Nasdaq,0001737927,CANOPY GROWTH,1
1683695,"International Money Express, Inc.",IMXI,Nasdaq,0001683695,INTERNATIONAL MONEY EXPRESS,1
1059386,Invesco Senior Income Trust,VVR,NYSE,0001059386,INVESCO SENIOR INCOME,1
2079253,Apex Treasury Corp,APXT,Nasdaq,0002079253,APEX TREASURY,1
1734107,Sohu.com Ltd,SOHU,Nasdaq,0001734107,SOHU COM,1
1409171,Titan Machinery Inc.,TITN,Nasdaq,0001409171,TITAN MACHINERY,1
1478888,Nuveen Taxable Municipal Income Fund,NBB,NYSE,0001478888,NUVEEN TAXABLE MUNICIPAL INCOME FUND,1
1426800,"ASSEMBLY BIOSCIENCES, INC.",ASMB,Nasdaq,0001426800,ASSEMBLY BIOSCIENCES,1
2075786,"Seahawk Recycling Holdings, Inc.",SEAH,,0002075786,SEAHAWK RECYCLING,0
1515940,KKR Income Opportunities Fund,KIO,NYSE,0001515940,KKR INCOME OPPORTUNITIES FUND,1
1865389,Nuveen Variable Rate Preferred & Income Fund,NPFD,NYSE,0001865389,NUVEEN VARIABLE RATE PREFERRED INCOME FUND,1
1064052,FREEGOLD VENTURES LTD,FGOVF,OTC,0001064052,FREEGOLD VENTURES,0
1897087,SuperX AI Technology Ltd,SUPX,Nasdaq,0001897087,SUPERX AI TECHNOLOGY,1
1425450,ORTHOPEDIATRICS CORP,KIDS,Nasdaq,0001425450,ORTHOPEDIATRICS,1
1044777,OneSpan Inc.,OSPN,Nasdaq,0001044777,ONESPAN,1
803164,CHOICEONE FINANCIAL SERVICES INC,COFS,Nasdaq,0000803164,CHOICEONE,1
1708055,Ribbon Communications Inc.,RBBN,Nasdaq,0001708055,RIBBON COMMUNICATIONS,1
1779128,"Strata Critical Medical, Inc.",SRTA,Nasdaq,0001779128,STRATA CRITICAL MEDICAL,1
1422930,"PubMatic, Inc.",PUBM,Nasdaq,0001422930,PUBMATIC,1
1000623,"Mativ Holdings, Inc.",MATV,NYSE,0001000623,MATIV,1
1591670,Farmland Partners Inc.,FPI,NYSE,0001591670,FARMLAND PARTNERS,1
1828805,"Aeluma, Inc.",ALMU,Nasdaq,0001828805,AELUMA,1
1521951,"FIRST BUSINESS FINANCIAL SERVICES, INC.",FBIZ,Nasdaq,0001521951,FIRST BUSINESS,1
1291334,FIRST TRUST ENHANCED EQUITY INCOME FUND,FFA,NYSE,0001291334,FIRST ENHANCED EQUITY INCOME FUND,1
1368265,Clean Energy Fuels Corp.,CLNE,Nasdaq,0001368265,CLEAN ENERGY FUELS,1
1532286,"Nine Energy Service, Inc.",NINE,NYSE,0001532286,NINE ENERGY,1
1855644,Zura Bio Ltd,ZURA,Nasdaq,0001855644,ZURA BIO,1
1275187,ANGIODYNAMICS INC,ANGO,Nasdaq,0001275187,ANGIODYNAMICS,1
2065779,D. Boral ARC Acquisition I Corp.,BCAR,Nasdaq,0002065779,D BORAL ARC ACQUISITION I,1
1768259,Gaotu Techedu Inc.,GOTU,NYSE,0001768259,GAOTU TECHEDU,1
1674930,"Fulgent Genetics, Inc.",FLGT,Nasdaq,0001674930,FULGENT GENETICS,1
1680581,"Fulcrum Therapeutics, Inc.",FULC,Nasdaq,0001680581,FULCRUM THERAPEUTICS,1
1567529,KAMADA LTD,KMDA,Nasdaq,0001567529,KAMADA,1
1958217,Lifezone Metals Ltd,LZM,NYSE,0001958217,LIFEZONE METALS,1
1628908,"Evolent Health, Inc.",EVH,NYSE,0001628908,EVOLENT HEALTH,1
2033535,Costamare Bulkers Holdings Ltd,CMDB,NYSE,0002033535,COSTAMARE BULKERS,1
720858,INVESTORS TITLE CO,ITIC,Nasdaq,0000720858,INVESTORS TITLE,1
1945565,BGIN BLOCKCHAIN Ltd,BGIN,Nasdaq,0001945565,BGIN BLOCKCHAIN,1
1113809,BUILD-A-BEAR WORKSHOP INC,BBW,NYSE,0001113809,BUILD BEAR WORKSHOP,1
766011,Caledonia Mining Corp Plc,CMCL,NYSE,0000766011,CALEDONIA MINING,1
2024218,Summit Midstream Corp,SMC,NYSE,0002024218,SUMMIT MIDSTREAM,1
910638,3D SYSTEMS CORP,DDD,NYSE,0000910638,3D SYSTEMS,1
1308927,Eaton Vance Tax-Managed Buy-Write Income Fund,ETB,NYSE,0001308927,EATON VANCE TAX MANAGED BUY WRITE INCOME FUND,1
934549,ACACIA RESEARCH CORP,ACTG,Nasdaq,0000934549,ACACIA RESEARCH,1
1495651,Ucore Rare Metals Inc.,UURAF,OTC,0001495651,UCORE RARE METALS,0
1768267,Cerence Inc.,CRNC,Nasdaq,0001768267,CERENCE,1
76282,PARK OHIO HOLDINGS CORP,PKOH,Nasdaq,0000076282,PARK OHIO,1
2095743,"Rare Earths Americas, Inc.",REA,NYSE,0002095743,RARE EARTHS AMERICAS,1
1965615,MAGNA MINING INC.,MGMNF,OTC,0001965615,MAGNA MINING,0
1682149,Datavault AI Inc.,DVLT,Nasdaq,0001682149,DATAVAULT AI,1
1831915,"Cytek Biosciences, Inc.",CTKB,Nasdaq,0001831915,CYTEK BIOSCIENCES,1
1419806,RARE ELEMENT RESOURCES LTD,REEMF,OTC,0001419806,RARE ELEMENT RESOURCES,0
1754226,"Orange County Bancorp, Inc. /DE/",OBT,Nasdaq,0001754226,ORANGE COUNTY DE,1
1774170,"Powerfleet, Inc.",AIOT,Nasdaq,0001774170,POWERFLEET,1
61986,MANITOWOC CO INC,MTW,NYSE,0000061986,MANITOWOC,1
728387,"Perspective Therapeutics, Inc.",CATX,NYSE,0000728387,PERSPECTIVE THERAPEUTICS,1
1829959,Docebo Inc.,DCBO,Nasdaq,0001829959,DOCEBO,1
2084396,Infinite Eagle Acquisition Corp.,IEAG,Nasdaq,0002084396,INFINITE EAGLE ACQUISITION,1
2073928,M3-Brigade Acquisition VI Corp.,MBVI,Nasdaq,0002073928,M3 BRIGADE ACQUISITION VI,1
1818383,"MediaAlpha, Inc.",MAX,NYSE,0001818383,MEDIAALPHA,1
1809104,"Alight, Inc. / Delaware",ALIT,NYSE,0001809104,ALIGHT DELAWARE,1
1313310,"GRAVITY Co., Ltd.",GRVY,Nasdaq,0001313310,GRAVITY,1
1368519,North American Construction Group Ltd.,NOA,NYSE,0001368519,NORTH AMERICAN CONSTRUCTION,1
1560327,"Rapid7, Inc.",RPD,Nasdaq,0001560327,RAPID7,1
724910,NVE CORP /NEW/,NVEC,Nasdaq,0000724910,NVE NEW,1
1143513,GLADSTONE CAPITAL CORP,GLAD,Nasdaq,0001143513,GLADSTONE CAPITAL,1
56868,PRIMEENERGY RESOURCES CORP,PNRG,Nasdaq,0000056868,PRIMEENERGY RESOURCES,1
1421517,"Energy Recovery, Inc.",ERII,Nasdaq,0001421517,ENERGY RECOVERY,1
1534880,"PGIM High Yield Bond Fund, Inc.",ISD,NYSE,0001534880,PGIM HIGH YIELD BOND FUND,1
2091176,Idea Acquisition Corp.,IACO,Nasdaq,0002091176,IDEA ACQUISITION,1
2073340,Talon Capital Corp.,TLNC,Nasdaq,0002073340,TALON CAPITAL,1
895447,SHOE CARNIVAL INC,SCVL,Nasdaq,0000895447,SHOE CARNIVAL,1
1737953,"Replimune Group, Inc.",REPL,Nasdaq,0001737953,REPLIMUNE,1
2081468,Meshflow Acquisition Corp,MESH,Nasdaq,0002081468,MESHFLOW ACQUISITION,1
2049662,Cartesian Growth Corp III,CGCT,Nasdaq,0002049662,CARTESIAN GROWTH III,1
2095161,D. Boral Acquisition I Corp.,DBCA,Nasdaq,0002095161,D BORAL ACQUISITION I,1
1849396,Nexxen International Ltd.,NEXN,Nasdaq,0001849396,NEXXEN INTERNATIONAL,1
788329,JOHNSON OUTDOORS INC,JOUT,Nasdaq,0000788329,JOHNSON OUTDOORS,1
1570562,"Evolus, Inc.",EOLS,Nasdaq,0001570562,EVOLUS,1
1907909,VOX ROYALTY CORP.,VOXR,Nasdaq,0001907909,VOX ROYALTY,1
1176199,JOHN HANCOCK PREFERRED INCOME FUND,HPI,NYSE,0001176199,JOHN HANCOCK PREFERRED INCOME FUND,1
1730463,Autolus Therapeutics plc,AUTL,Nasdaq,0001730463,AUTOLUS THERAPEUTICS,1
2082119,KRAKacquisition Corp,KRAQ,Nasdaq,0002082119,KRAKACQUISITION,1
1400118,Sagimet Biosciences Inc.,SGMT,Nasdaq,0001400118,SAGIMET BIOSCIENCES,1
1745059,Angel Oak Financial Strategies Income Term Trust,FINS,NYSE,0001745059,ANGEL OAK STRATEGIES INCOME TERM,1
43196,"GRAY MEDIA, INC",GTN,NYSE,0000043196,GRAY MEDIA,1
1581178,EUPRAXIA PHARMACEUTICALS INC.,EPRX,Nasdaq,0001581178,EUPRAXIA PHARMACEUTICALS,1
1576873,AMERICAN BATTERY TECHNOLOGY Co,ABAT,Nasdaq,0001576873,AMERICAN BATTERY TECHNOLOGY,1
1074540,Eaton Vance Municipal Income Trust,EVN,NYSE,0001074540,EATON VANCE MUNICIPAL INCOME,1
1338940,Perion Network Ltd.,PERI,Nasdaq,0001338940,PERION NETWORK,1
1041514,LESAKA TECHNOLOGIES INC,LSAK,Nasdaq,0001041514,LESAKA TECHNOLOGIES,1
1474627,"Newegg Commerce, Inc.",NEGG,Nasdaq,0001474627,NEWEGG COMMERCE,1
1874071,"Ponce Financial Group, Inc.",PDLB,Nasdaq,0001874071,PONCE,1
1070524,GREENE COUNTY BANCORP INC,GCBC,Nasdaq,0001070524,GREENE COUNTY,1
1866782,"Codere Online Luxembourg, S.A.",CDRO,Nasdaq,0001866782,CODERE ONLINE LUXEMBOURG S,1
1850119,"Century Therapeutics, Inc.",IPSC,Nasdaq,0001850119,CENTURY THERAPEUTICS,1
1669779,"Camping World Holdings, Inc.",CWH,NYSE,0001669779,CAMPING WORLD,1
844059,"FRP HOLDINGS, INC.",FRPH,Nasdaq,0000844059,FRP,1
1609151,"Weave Communications, Inc.",WEAV,NYSE,0001609151,WEAVE COMMUNICATIONS,1
70487,NRC HEALTH,NRC,Nasdaq,0000070487,NRC HEALTH,1
1559991,Flaherty & Crumrine Dynamic Preferred & Income Fund Inc,DFP,NYSE,0001559991,FLAHERTY CRUMRINE DYNAMIC PREFERRED INCOME FUND,1
1462056,"Backblaze, Inc.",BLZE,Nasdaq,0001462056,BACKBLAZE,1
2093912,Praetorian Acquisition Corp.,PTOR,Nasdaq,0002093912,PRAETORIAN ACQUISITION,1
1306550,BlackRock Energy & Resources Trust,BGR,NYSE,0001306550,BLACKROCK ENERGY RESOURCES,1
1806952,"Lyell Immunopharma, Inc.",LYEL,Nasdaq,0001806952,LYELL IMMUNOPHARMA,1
1002590,"STAR GROUP, L.P.",SGU,NYSE,0001002590,STAR L P,1
1576942,"Stitch Fix, Inc.",SFIX,Nasdaq,0001576942,STITCH FIX,1
1096056,LUXFER HOLDINGS PLC,LXFR,NYSE,0001096056,LUXFER,1
1819142,SES AI Corp,SES,NYSE,0001819142,SES AI,1
1771910,ADC Therapeutics SA,ADCT,NYSE,0001771910,ADC THERAPEUTICS SA,1
808439,TAT TECHNOLOGIES LTD,TATT,Nasdaq,0000808439,TAT TECHNOLOGIES,1
1674632,"Beta Bionics, Inc.",BBNX,Nasdaq,0001674632,BETA BIONICS,1
1861974,ECARX Holdings Inc.,ECX,Nasdaq,0001861974,ECARX,1
96664,"American Fusion, Inc.",AMFN,OTC,0000096664,AMERICAN FUSION,0
69733,"NATHANS FAMOUS, INC.",NATH,Nasdaq,0000069733,NATHANS FAMOUS,1
1821866,BTQ Technologies Corp.,BTQ,Nasdaq,0001821866,BTQ TECHNOLOGIES,1
2029976,K&F GROWTH ACQUISITION CORP. II,KFII,Nasdaq,0002029976,K F GROWTH ACQUISITION II,1
901243,"BLACKROCK MUNIASSETS FUND, INC.",MUA,NYSE,0000901243,BLACKROCK MUNIASSETS FUND,1
2044009,Armada Acquisition Corp. II,XRPN,Nasdaq,0002044009,ARMADA ACQUISITION II,1
1403475,Bank of Marin Bancorp,BMRC,Nasdaq,0001403475,OF MARIN,1
1655210,"BEYOND MEAT, INC.",BYND,Nasdaq,0001655210,BEYOND MEAT,1
2067627,Terra Innovatum Global N.V.,NKLR,Nasdaq,0002067627,TERRA INNOVATUM GLOBAL V,1
1367644,Emergent BioSolutions Inc.,EBS,NYSE,0001367644,EMERGENT BIOSOLUTIONS,1
1633336,"Crescent Capital BDC, Inc.",CCAP,Nasdaq,0001633336,CRESCENT CAPITAL BDC,1
1005229,COLUMBUS MCKINNON CORP,CMCO,Nasdaq,0001005229,COLUMBUS MCKINNON,1
1606366,"El Pollo Loco Holdings, Inc.",LOCO,Nasdaq,0001606366,EL POLLO LOCO,1
1720420,IBEX Ltd,IBEX,Nasdaq,0001720420,IBEX,1
1392380,"Gevo, Inc.",GEVO,Nasdaq,0001392380,GEVO,1
1631596,KKR Real Estate Finance Trust Inc.,KREF,NYSE,0001631596,KKR REAL ESTATE FINANCE,1
1394056,"ONE STOP SYSTEMS, INC.",OSS,Nasdaq,0001394056,ONE STOP SYSTEMS,1
1141103,CROSS COUNTRY HEALTHCARE INC,CCRN,Nasdaq,0001141103,CROSS COUNTRY HEALTHCARE,1
711669,COLONY BANKCORP INC,CBAN,NYSE,0000711669,COLONY BANKCORP,1
2060016,Agencia Comercial Spirits Ltd.,AGCC,Nasdaq,0002060016,AGENCIA COMERCIAL SPIRITS,1
1681622,Varex Imaging Corp,VREX,Nasdaq,0001681622,VAREX IMAGING,1
1494904,"Global Indemnity Group, LLC",GBLI,Nasdaq,0001494904,GLOBAL INDEMNITY,1
1072379,NORTHWEST BIOTHERAPEUTICS INC,NWBO,OTC,0001072379,NORTHWEST BIOTHERAPEUTICS,0
352825,FOSTER L B CO,FSTR,Nasdaq,0000352825,FOSTER L B,1
1495240,GLADSTONE LAND Corp,LAND,Nasdaq,0001495240,GLADSTONE LAND,1
2091024,Colombier Acquisition Corp. III,CLBR,NYSE,0002091024,COLOMBIER ACQUISITION III,1
2105274,"InterPrivate Investment Partners V, Inc.",IPV,,0002105274,INTERPRIVATE INVESTMENT PARTNERS V,0
879585,"ATN International, Inc.",ATNI,Nasdaq,0000879585,ATN INTERNATIONAL,1
1505732,"Bankwell Financial Group, Inc.",BWFG,Nasdaq,0001505732,BANKWELL,1
1862935,Currenc Group Inc.,CURR,Nasdaq,0001862935,CURRENC,1
2091222,Space Asset Acquisition Corp.,SAAQ,Nasdaq,0002091222,SPACE ASSET ACQUISITION,1
1746129,Bank7 Corp.,BSVN,Nasdaq,0001746129,BANK7,1
1907108,"Lexeo Therapeutics, Inc.",LXEO,Nasdaq,0001907108,LEXEO THERAPEUTICS,1
1627281,Cellectis S.A.,CLLS,Nasdaq,0001627281,CELLECTIS S,1
2058359,Cal Redwood Acquisition Corp.,CRAQ,Nasdaq,0002058359,CAL REDWOOD ACQUISITION,1
1833835,Paysafe Ltd,PSFE,NYSE,0001833835,PAYSAFE,1
1799191,"Oncology Institute, Inc.",TOI,Nasdaq,0001799191,ONCOLOGY INSTITUTE,1
2088295,Bleichroeder Acquisition Corp. II,BBCQ,Nasdaq,0002088295,BLEICHROEDER ACQUISITION II,1
1108109,COMMUNITY HEALTH SYSTEMS INC,CYH,NYSE,0001108109,COMMUNITY HEALTH SYSTEMS,1
1987240,SCHMID Group N.V.,SHMD,Nasdaq,0001987240,SCHMID V,1
1645469,Monopar Therapeutics,MNPR,Nasdaq,0001645469,MONOPAR THERAPEUTICS,1
2035173,Renatus Tactical Acquisition Corp I,RTAC,Nasdaq,0002035173,RENATUS TACTICAL ACQUISITION I,1
2048948,New Providence Acquisition Corp. III/Cayman,NPAC,Nasdaq,0002048948,NEW PROVIDENCE ACQUISITION III CAYMAN,1
2006291,Churchill Capital Corp IX/Cayman,CCIX,Nasdaq,0002006291,CHURCHILL CAPITAL IX CAYMAN,1
1662579,"C4 Therapeutics, Inc.",CCCC,Nasdaq,0001662579,C4 THERAPEUTICS,1
2064307,ContextLogic Holdings Inc.,LOGC,OTC,0002064307,CONTEXTLOGIC,0
1489993,"Mobia Medical, Inc.",MOBI,Nasdaq,0001489993,MOBIA MEDICAL,1
1988494,"FrontView REIT, Inc.",FVR,NYSE,0001988494,FRONTVIEW REIT,1
1301787,BlueLinx Holdings Inc.,BXC,NYSE,0001301787,BLUELINX,1
2033122,Berto Acquisition Corp.,TACO,Nasdaq,0002033122,BERTO ACQUISITION,1
1259708,"BLACKROCK FLOATING RATE INCOME STRATEGIES FUND, INC.",FRA,NYSE,0001259708,BLACKROCK FLOATING RATE INCOME STRATEGIES FUND,1
1808898,Benitec Biopharma Inc.,BNTC,Nasdaq,0001808898,BENITEC BIOPHARMA,1
1699039,"Ranger Energy Services, Inc.",RNGR,NYSE,0001699039,RANGER ENERGY,1
818972,"BNY MELLON STRATEGIC MUNICIPALS, INC.",LEO,NYSE,0000818972,BNY MELLON STRATEGIC MUNICIPALS,1
1318008,Zumiez Inc,ZUMZ,Nasdaq,0001318008,ZUMIEZ,1
275053,NATURES SUNSHINE PRODUCTS INC,NATR,Nasdaq,0000275053,NATURES SUNSHINE PRODUCTS,1
1228627,"Opus Genetics, Inc.",IRD,Nasdaq,0001228627,OPUS GENETICS,1
1609804,Orion S.A.,OEC,NYSE,0001609804,ORION S,1
1177648,ENANTA PHARMACEUTICALS INC,ENTA,Nasdaq,0001177648,ENANTA PHARMACEUTICALS,1
908993,Invesco Advantage Municipal Income Trust II,VKI,NYSE,0000908993,INVESCO ADVANTAGE MUNICIPAL INCOME II,1
835011,MGP INGREDIENTS INC,MGPI,Nasdaq,0000835011,MGP INGREDIENTS,1
1812923,PGIM Short Duration High Yield Opportunities Fund,SDHY,NYSE,0001812923,PGIM SHORT DURATION HIGH YIELD OPPORTUNITIES FUND,1
2010930,Centurion Acquisition Corp.,ALF,Nasdaq,0002010930,CENTURION ACQUISITION,1
2056634,ProCap Acquisition Corp,PCAP,Nasdaq,0002056634,PROCAP ACQUISITION,1
1499422,RBB Bancorp,RBB,Nasdaq,0001499422,RBB,1
1171155,"RADIANT LOGISTICS, INC",RLGT,NYSE,0001171155,RADIANT LOGISTICS,1
929351,STARZ ENTERTAINMENT CORP /CN/,STRZ,Nasdaq,0000929351,STARZ ENTERTAINMENT CN,1
1169445,"TruBridge, Inc.",TBRG,Nasdaq,0001169445,TRUBRIDGE,1
1166928,WEST BANCORPORATION INC,WTBA,Nasdaq,0001166928,WEST,1
2016072,M3-Brigade Acquisition V Corp.,MBAV,Nasdaq,0002016072,M3 BRIGADE ACQUISITION V,1
2087447,Lafayette Digital Acquisition Corp. I,ZKP,Nasdaq,0002087447,LAFAYETTE DIGITAL ACQUISITION I,1
1848416,Verano Holdings Corp.,VRNO,OTC,0001848416,VERANO,0
2107724,Metals Acquisition Corp. II,MTAL,NYSE,0002107724,METALS ACQUISITION II,1
1791145,GBank Financial Holdings Inc.,GBFH,Nasdaq,0001791145,GBANK,1
1638290,"MasterCraft Boat Holdings, Inc.",MCFT,Nasdaq,0001638290,MASTERCRAFT BOAT,1
1214935,Virtus Convertible & Income Fund,NCV,NYSE,0001214935,VIRTUS CONVERTIBLE INCOME FUND,1
2055459,Republic Digital Acquisition Co,RDAG,Nasdaq,0002055459,REPUBLIC DIGITAL ACQUISITION,1
1528985,"Inland Real Estate Income Trust, Inc.",INRE,OTC,0001528985,INLAND REAL ESTATE INCOME,0
2057043,WEN Acquisition Corp,WENN,Nasdaq,0002057043,WEN ACQUISITION,1
1162194,STANDARD BIOTOOLS INC.,LAB,Nasdaq,0001162194,STANDARD BIOTOOLS,1
1913288,Bravo Mining Corp.,BRVMF,OTC,0001913288,BRAVO MINING,0
59255,VALHI INC /DE/,VHI,NYSE,0000059255,VALHI DE,1
1702780,"Optimum Communications, Inc.",OPTU,NYSE,0001702780,OPTIMUM COMMUNICATIONS,1
1602658,Investar Holding Corp,ISTR,Nasdaq,0001602658,INVESTAR,1
872912,"DELCATH SYSTEMS, INC.",DCTH,Nasdaq,0000872912,DELCATH SYSTEMS,1
1495825,Guggenheim Taxable Municipal Bond & Investment Grade Debt Trust,GBAB,NYSE,0001495825,GUGGENHEIM TAXABLE MUNICIPAL BOND INVESTMENT GRADE DEBT,1
1210123,ALLSPRING INCOME OPPORTUNITIES FUND,EAD,NYSE,0001210123,ALLSPRING INCOME OPPORTUNITIES FUND,1
1375340,"Cohen & Steers Closed-End Opportunity Fund, Inc.",FOF,NYSE,0001375340,COHEN STEERS CLOSED END OPPORTUNITY FUND,1
2059573,Pinewood Technologies Group plc,PINWF,OTC,0002059573,PINEWOOD TECHNOLOGIES,0
1526119,"Verastem, Inc.",VSTM,Nasdaq,0001526119,VERASTEM,1
1244183,PIMCO INCOME STRATEGY FUND,PFL,NYSE,0001244183,PIMCO INCOME STRATEGY FUND,1
49754,"Dine Brands Global, Inc.",DIN,NYSE,0000049754,DINE BRANDS GLOBAL,1
1981546,"Commercial Bancgroup, Inc.",CBK,Nasdaq,0001981546,COMMERCIAL BANCGROUP,1
1347178,Vanda Pharmaceuticals Inc.,VNDA,Nasdaq,0001347178,VANDA PHARMACEUTICALS,1
1799788,"Greenwich LifeSciences, Inc.",GLSI,Nasdaq,0001799788,GREENWICH LIFESCIENCES,1
1517375,"Sprout Social, Inc.",SPT,Nasdaq,0001517375,SPROUT SOCIAL,1
1084554,LIGHTBRIDGE Corp,LTBR,Nasdaq,0001084554,LIGHTBRIDGE,1
2018064,"TechTarget, Inc.",TTGT,Nasdaq,0002018064,TECHTARGET,1
882150,"BLACKROCK MUNIYIELD NEW YORK QUALITY FUND, INC.",MYN,NYSE,0000882150,BLACKROCK MUNIYIELD NEW YORK QUALITY FUND,1
1328919,StealthGas Inc.,GASS,Nasdaq,0001328919,STEALTHGAS,1
1510593,Xunlei Ltd,XNET,Nasdaq,0001510593,XUNLEI,1
91847,SOURCE CAPITAL /DE/,SOR,NYSE,0000091847,SOURCE CAPITAL DE,1
65270,METHODE ELECTRONICS INC,MEI,NYSE,0000065270,METHODE ELECTRONICS,1
1053369,ELITE PHARMACEUTICALS INC /NV/,ELTP,OTC,0001053369,ELITE PHARMACEUTICALS NV,0
2089982,HCM IV Acquisition Corp.,HACQ,Nasdaq,0002089982,HCM IV ACQUISITION,1
2034269,"Cantor Equity Partners II, Inc.",CEPT,Nasdaq,0002034269,CANTOR EQUITY PARTNERS II,1
789933,NACCO INDUSTRIES INC,NC,NYSE,0000789933,NACCO INDUSTRIES,1
1766600,SNDL Inc.,SNDL,Nasdaq,0001766600,SNDL,1
1788999,Xperi Inc.,XPER,NYSE,0001788999,XPERI,1
1374690,"Larimar Therapeutics, Inc.",LRMR,Nasdaq,0001374690,LARIMAR THERAPEUTICS,1
72162,NL INDUSTRIES INC,NL,NYSE,0000072162,NL INDUSTRIES,1
14707,CALERES INC,CAL,NYSE,0000014707,CALERES,1
2083989,"Aldabra 4 Liquidity Opportunity Vehicle, Inc.",ALOV,Nasdaq,0002083989,ALDABRA 4 LIQUIDITY OPPORTUNITY VEHICLE,1
1481792,"Quad/Graphics, Inc.",QUAD,NYSE,0001481792,QUAD GRAPHICS,1
1762301,Fiverr International Ltd.,FVRR,NYSE,0001762301,FIVERR INTERNATIONAL,1
2097376,MOZAYYX Acquisition Corp.,MZYX,NYSE,0002097376,MOZAYYX ACQUISITION,1
1501697,"X4 Pharmaceuticals, Inc",XFOR,Nasdaq,0001501697,X4 PHARMACEUTICALS,1
65172,MESABI TRUST,MSB,NYSE,0000065172,MESABI,1
1590584,Civeo Corp,CVEO,NYSE,0001590584,CIVEO,1
846676,"abrdn Emerging Markets ex-China Fund, Inc.",AEF,NYSE,0000846676,ABRDN EMERGING MARKETS EX CHINA FUND,1
1499849,BrasilAgro - Brazilian Agricultural Real Estate Co,LND,NYSE,0001499849,BRASILAGRO BRAZILIAN AGRICULTURAL REAL ESTATE,1
814586,"Lifeway Foods, Inc.",LWAY,Nasdaq,0000814586,LIFEWAY FOODS,1
1564180,KNOT Offshore Partners LP,KNOP,NYSE,0001564180,KNOT OFFSHORE PARTNERS,1
1780652,Canaan Inc.,CAN,Nasdaq,0001780652,CANAAN,1
1820302,"Bakkt, Inc.",BKKT,NYSE,0001820302,BAKKT,1
1173643,TRX GOLD Corp,TRX,NYSE,0001173643,TRX GOLD,1
2074697,FutureCrest Acquisition Corp.,FCRS,NYSE,0002074697,FUTURECREST ACQUISITION,1
1862461,Real Brokerage Inc,REAX,Nasdaq,0001862461,REAL BROKERAGE,1
2011674,YD Bio Ltd,YDES,Nasdaq,0002011674,YD BIO,1
1703956,"Concrete Pumping Holdings, Inc.",BBCP,Nasdaq,0001703956,CONCRETE PUMPING,1
2092574,"Swarmer, Inc",SWMR,Nasdaq,0002092574,SWARMER,1
1587987,"NewtekOne, Inc.",NEWT,Nasdaq,0001587987,NEWTEKONE,1
1074769,NUVEEN NEW YORK QUALITY MUNICIPAL INCOME FUND,NAN,NYSE,0001074769,NUVEEN NEW YORK QUALITY MUNICIPAL INCOME FUND,1
1514991,AMC Global Media Inc.,AMCX,Nasdaq,0001514991,AMC GLOBAL MEDIA,1
792966,FARMERS & MERCHANTS BANCORP INC,FMAO,Nasdaq,0000792966,FARMERS MERCHANTS,1
1850733,Fortress Value Acquisition Corp. V,FVAV,Nasdaq,0001850733,FORTRESS VALUE ACQUISITION V,1
1708688,InflaRx N.V.,IFRX,Nasdaq,0001708688,INFLARX V,1
1903145,Gorilla Technology Group Inc.,GRRR,Nasdaq,0001903145,GORILLA TECHNOLOGY,1
1579733,"Vital Farms, Inc.",VITL,Nasdaq,0001579733,VITAL FARMS,1
945983,"Climb Global Solutions, Inc.",CLMB,Nasdaq,0000945983,CLIMB GLOBAL SOLUTIONS,1
810958,CITIZENS & NORTHERN CORP,CZNC,Nasdaq,0000810958,CITIZENS NORTHERN,1
2034037,Siddhi Acquisition Corp (Cayman Islands),SDHI,Nasdaq,0002034037,SIDDHI ACQUISITION CAYMAN ISLANDS,1
2098712,GigCapital9 Corp.,GIX,Nasdaq,0002098712,GIGCAPITAL9,1
1898496,"Getty Images Holdings, Inc.",GETY,NYSE,0001898496,GETTY IMAGES,1
2088325,OneIM Acquisition Corp.,OIM,Nasdaq,0002088325,ONEIM ACQUISITION,1
778164,"Alto Ingredients, Inc.",ALTO,Nasdaq,0000778164,ALTO INGREDIENTS,1
2041493,Alussa Energy Acquisition Corp. II,ALUB,NYSE,0002041493,ALUSSA ENERGY ACQUISITION II,1
1769663,"Pioneer Bancorp, Inc./MD",PBFS,Nasdaq,0001769663,PIONEER MD,1
2058601,BRBI BR Partners S.A.,BRBI,Nasdaq,0002058601,BRBI BR PARTNERS S,1
18498,GENESCO INC,GCO,NYSE,0000018498,GENESCO,1
1390195,abrdn Global Premier Properties Fund,AWP,NYSE,0001390195,ABRDN GLOBAL PREMIER PROPERTIES FUND,1
1729149,"VIEMED HEALTHCARE, INC.",VMD,Nasdaq,0001729149,VIEMED HEALTHCARE,1
2009183,Titan Acquisition Corp.,TACH,Nasdaq,0002009183,TITAN ACQUISITION,1
2077010,OTG Acquisition Corp. I,OTGA,Nasdaq,0002077010,OTG ACQUISITION I,1
2028614,Drugs Made In America Acquisition Corp.,DMAA,Nasdaq,0002028614,DRUGS MADE IN AMERICA ACQUISITION,1
1678660,Prelude Therapeutics Inc,PRLD,Nasdaq,0001678660,PRELUDE THERAPEUTICS,1
1168455,PLUMAS BANCORP,PLBC,Nasdaq,0001168455,PLUMAS,1
1832038,"Invivyd, Inc.",IVVD,Nasdaq,0001832038,INVIVYD,1
1315399,"PARKE BANCORP, INC.",PKBK,Nasdaq,0001315399,PARKE,1
1377936,SARATOGA INVESTMENT CORP.,SAR,NYSE,0001377936,SARATOGA INVESTMENT,1
1799207,AUNA S.A.,AUNA,NYSE,0001799207,AUNA S,1
2012318,Inflection Point Acquisition Corp. III,IPCX,Nasdaq,0002012318,INFLECTION POINT ACQUISITION III,1
2064683,Cohen Circle Acquisition Corp. II,CCII,Nasdaq,0002064683,COHEN CIRCLE ACQUISITION II,1
1281895,"ROCKET PHARMACEUTICALS, INC.",RCKT,Nasdaq,0001281895,ROCKET PHARMACEUTICALS,1
1308208,"UNIVERSAL LOGISTICS HOLDINGS, INC.",ULH,Nasdaq,0001308208,UNIVERSAL LOGISTICS,1
1058239,WESTERN ASSET HIGH INCOME FUND II INC.,HIX,NYSE,0001058239,WESTERN ASSET HIGH INCOME FUND II,1
41719,Magnera Corp,MAGN,NYSE,0000041719,MAGNERA,1
275694,BARINGS CORPORATE INVESTORS,MCI,NYSE,0000275694,BARINGS CORPORATE INVESTORS,1
1615905,Nuveen Global High Income Fund,JGH,NYSE,0001615905,NUVEEN GLOBAL HIGH INCOME FUND,1
1528356,Genie Energy Ltd.,GNE,NYSE,0001528356,GENIE ENERGY,1
2053799,Kochav Defense Acquisition Corp.,KCHV,Nasdaq,0002053799,KOCHAV DEFENSE ACQUISITION,1
1934114,"SUJA LIFE, INC.",SUJA,Nasdaq,0001934114,SUJA LIFE,1
839533,DWS MUNICIPAL INCOME TRUST,KTF,NYSE,0000839533,DWS MUNICIPAL INCOME,1
1401667,"PUMA BIOTECHNOLOGY, INC.",PBYI,Nasdaq,0001401667,PUMA BIOTECHNOLOGY,1
1525769,"Dave & Buster's Entertainment, Inc.",PLAY,Nasdaq,0001525769,DAVE BUSTER S ENTERTAINMENT,1
2099093,Hennessy Capital Investment Corp. VIII,HCIC,Nasdaq,0002099093,HENNESSY CAPITAL INVESTMENT VIII,1
2047273,BUUU Group Ltd,BUUU,Nasdaq,0002047273,BUUU,1
2025608,Soulpower Acquisition Corp.,SOUL,NYSE,0002025608,SOULPOWER ACQUISITION,1
2083910,Archimedes Tech SPAC Partners III Co.,ARCI,Nasdaq,0002083910,ARCHIMEDES TECH SPAC PARTNERS III,1
1270131,LMP CAPITAL & INCOME FUND INC.,SCD,NYSE,0001270131,LMP CAPITAL INCOME FUND,1
2069238,Pyrophyte Acquisition Corp. II,PAII,NYSE,0002069238,PYROPHYTE ACQUISITION II,1
1285550,"ClearPoint Neuro, Inc.",CLPT,Nasdaq,0001285550,CLEARPOINT NEURO,1
1126741,GSI TECHNOLOGY INC,GSIT,Nasdaq,0001126741,GSI TECHNOLOGY,1
1855747,"Blend Labs, Inc.",BLND,NYSE,0001855747,BLEND LABS,1
2042292,BTC Development Corp.,BDCI,Nasdaq,0002042292,BTC DEVELOPMENT,1
1370755,BlackRock TCP Capital Corp.,TCPC,Nasdaq,0001370755,BLACKROCK TCP CAPITAL,1
2081909,SilverBox Corp V,SBXE,NYSE,0002081909,SILVERBOX V,1
1299130,"PACIFIC BIOSCIENCES OF CALIFORNIA, INC.",PACB,Nasdaq,0001299130,PACIFIC BIOSCIENCES OF CALIFORNIA,1
1365767,Allot Ltd.,ALLT,Nasdaq,0001365767,ALLOT,1
2042182,Oyster Enterprises II Acquisition Corp,OYSE,Nasdaq,0002042182,OYSTER ENTERPRISES II ACQUISITION,1
2075310,Trailblazer Acquisition Corp.,BLZR,Nasdaq,0002075310,TRAILBLAZER ACQUISITION,1
1614178,"Yext, Inc.",YEXT,NYSE,0001614178,YEXT,1
1318484,Citi Trends Inc,CTRN,Nasdaq,0001318484,CITI TRENDS,1
2057030,Axiom Intelligence Acquisition Corp 1,AXIN,Nasdaq,0002057030,AXIOM INTELLIGENCE ACQUISITION 1,1
2058758,"Avidia Bancorp, Inc.",AVBC,NYSE,0002058758,AVIDIA,1
2088749,Karbon Capital Partners Corp.,KBON,Nasdaq,0002088749,KARBON CAPITAL PARTNERS,1
890393,"BLACKROCK MUNIYIELD MICHIGAN QUALITY FUND, INC.",MIY,NYSE,0000890393,BLACKROCK MUNIYIELD MICHIGAN QUALITY FUND,1
1384195,"RING ENERGY, INC.",REI,NYSE,0001384195,RING ENERGY,1
1786248,"NexPoint Real Estate Finance, Inc.",NREF,NYSE,0001786248,NEXPOINT REAL ESTATE FINANCE,1
1509470,SURO CAPITAL CORP.,SSSS,Nasdaq,0001509470,SURO CAPITAL,1
2086263,Soren Acquisition Corp.,SORN,Nasdaq,0002086263,SOREN ACQUISITION,1
2096900,Averin Capital Acquisition Corp.,ACAA,Nasdaq,0002096900,AVERIN CAPITAL ACQUISITION,1
1357971,Energy Services of America CORP,ESOA,Nasdaq,0001357971,ENERGY OF AMERICA,1
1420520,Atomera Inc,ATOM,Nasdaq,0001420520,ATOMERA,1
1448397,Seanergy Maritime Holdings Corp.,SHIP,Nasdaq,0001448397,SEANERGY MARITIME,1
2014982,SIM Acquisition Corp. I,SIMA,Nasdaq,0002014982,SIM ACQUISITION I,1
1530979,"Honest Company, Inc.",HNST,Nasdaq,0001530979,HONEST,1
727273,CADIZ INC,CDZI,Nasdaq,0000727273,CADIZ,1
1902314,"M-tron Industries, Inc.",MPTI,NYSE,0001902314,M TRON INDUSTRIES,1
1189740,JOHN HANCOCK PREFERRED INCOME FUND II,HPF,NYSE,0001189740,JOHN HANCOCK PREFERRED INCOME FUND II,1
1325670,Primis Financial Corp.,FRST,Nasdaq,0001325670,PRIMIS,1
2069856,HCM III ACQUISITION CORP.,HCMA,Nasdaq,0002069856,HCM III ACQUISITION,1
1539337,Nuveen Real Asset Income & Growth Fund,JRI,NYSE,0001539337,NUVEEN REAL ASSET INCOME GROWTH FUND,1
1692705,High Templar Tech Ltd,HTT,NYSE,0001692705,HIGH TEMPLAR TECH,1
1710680,HIGHLAND OPPORTUNITIES & INCOME FUND,HFRO,NYSE,0001710680,HIGHLAND OPPORTUNITIES INCOME FUND,1
1823584,ALLIANCE ENTERTAINMENT HOLDING CORP,AENT,Nasdaq,0001823584,ALLIANCE ENTERTAINMENT,1
1885522,"Neumora Therapeutics, Inc.",NMRA,Nasdaq,0001885522,NEUMORA THERAPEUTICS,1
1277575,SAXON CAPITAL GROUP INC,SCGX,OTC,0001277575,SAXON CAPITAL,0
1278027,"B&G Foods, Inc.",BGS,NYSE,0001278027,B G FOODS,1
910068,WESTERN ASSET HIGH INCOME OPPORTUNITY FUND INC.,HIO,NYSE,0000910068,WESTERN ASSET HIGH INCOME OPPORTUNITY FUND,1
1842279,OPAL Fuels Inc.,OPAL,Nasdaq,0001842279,OPAL FUELS,1
882508,QUICKLOGIC Corp,QUIK,Nasdaq,0000882508,QUICKLOGIC,1
2082149,Daedalus Special Acquisition Corp.,DSAC,Nasdaq,0002082149,DAEDALUS SPECIAL ACQUISITION,1
1211583,FENNEC PHARMACEUTICALS INC.,FENC,Nasdaq,0001211583,FENNEC PHARMACEUTICALS,1
1921158,Bitfufu Inc.,FUFU,Nasdaq,0001921158,BITFUFU,1
2092897,Armada Acquisition Corp. III,AACI,Nasdaq,0002092897,ARMADA ACQUISITION III,1
899923,MYRIAD GENETICS INC,MYGN,Nasdaq,0000899923,MYRIAD GENETICS,1
799288,"LANDS' END, INC.",LE,Nasdaq,0000799288,LANDS END,1
1943289,"Silvaco Group, Inc.",SVCO,Nasdaq,0001943289,SILVACO,1
1770450,Xerox Holdings Corp,XRX,Nasdaq,0001770450,XEROX,1
1130713,"BED BATH & BEYOND, INC.",BBBY,NYSE,0001130713,BED BATH BEYOND,1
1699906,BLACKROCK SILVER CORP.,BKRRF,OTC,0001699906,BLACKROCK SILVER,0
1534254,CION Investment Corp,CION,NYSE,0001534254,CION INVESTMENT,1
1494582,BOSTON OMAHA Corp,BOC,NYSE,0001494582,BOSTON OMAHA,1
832327,"BLACKROCK INCOME TRUST, INC.",BKT,NYSE,0000832327,BLACKROCK INCOME,1
1506488,NXG NextGen Infrastructure Income Fund,NXG,NYSE,0001506488,NXG NEXTGEN INFRASTRUCTURE INCOME FUND,1
1738021,"Compass Therapeutics, Inc.",CMPX,Nasdaq,0001738021,COMPASS THERAPEUTICS,1
216085,HAVERTY FURNITURE COMPANIES INC,HVT,NYSE,0000216085,HAVERTY FURNITURE COMPANIES,1
2007587,"American Integrity Insurance Group, Inc.",AII,NYSE,0002007587,AMERICAN INTEGRITY INSURANCE,1
1896084,ioneer Ltd,IONR,Nasdaq,0001896084,IONEER,1
1903508,"Public Policy Holding Company, Inc.",PPHC,Nasdaq,0001903508,PUBLIC POLICY,1
38264,"Forward Industries, Inc.",FWDI,Nasdaq,0000038264,FORWARD INDUSTRIES,1
1464790,"BRC Group Holdings, Inc.",RILY,Nasdaq,0001464790,BRC,1
865400,GUANAJUATO SILVER CO LTD,GSVRF,OTC,0000865400,GUANAJUATO SILVER,0
1747657,Sitka Gold Corp.,SITKF,OTC,0001747657,SITKA GOLD,0
1790340,Immuneering Corp,IMRX,Nasdaq,0001790340,IMMUNEERING,1
866273,MATRIX SERVICE CO,MTRX,Nasdaq,0000866273,MATRIX,1
1870940,"Airsculpt Technologies, Inc.",AIRS,Nasdaq,0001870940,AIRSCULPT TECHNOLOGIES,1
55135,KELLY SERVICES INC,KELYA,Nasdaq,0000055135,KELLY,1
1423869,PCB BANCORP,PCB,Nasdaq,0001423869,PCB,1
1786117,"Alpine Income Property Trust, Inc.",PINE,NYSE,0001786117,ALPINE INCOME PROPERTY,1
1840706,SOPHiA GENETICS SA,SOPH,Nasdaq,0001840706,SOPHIA GENETICS SA,1
1423867,White Gold Corp.,WHGOF,OTC,0001423867,WHITE GOLD,0
2050501,Blue Water Acquisition Corp. III,BLUW,Nasdaq,0002050501,BLUE WATER ACQUISITION III,1
896264,USANA HEALTH SCIENCES INC,USNA,NYSE,0000896264,USANA HEALTH SCIENCES,1
106532,WEYCO GROUP INC,WEYS,Nasdaq,0000106532,WEYCO,1
1091223,MATERIALISE NV,MTLS,Nasdaq,0001091223,MATERIALISE NV,1
1794776,Palmer Square Capital BDC Inc.,PSBD,NYSE,0001794776,PALMER SQUARE CAPITAL BDC,1
2015955,Lionheart Holdings,CUB,Nasdaq,0002015955,LIONHEART,1
1852207,Bold Eagle Acquisition Corp.,BEAG,Nasdaq,0001852207,BOLD EAGLE ACQUISITION,1
1643303,Nano Dimension Ltd.,NNDM,Nasdaq,0001643303,NANO DIMENSION,1
1682056,Silver Storm Mining Ltd.,SVRSF,OTC,0001682056,SILVER STORM MINING,0
1547452,Volatus Aerospace Inc.,TAKOF,OTC,0001547452,VOLATUS AEROSPACE,0
1318885,DIANA SHIPPING INC.,DSX,NYSE,0001318885,DIANA SHIPPING,1
827773,PUTNAM PREMIER INCOME TRUST,PPT,NYSE,0000827773,PUTNAM PREMIER INCOME,1
1515964,Goldgroup Mining Inc.,GGAZF,OTC,0001515964,GOLDGROUP MINING,0
1802883,"Agora, Inc.",API,Nasdaq,0001802883,AGORA,1
1368493,"Morgan Stanley China A Share Fund, Inc.",CAF,NYSE,0001368493,MORGAN STANLEY CHINA SHARE FUND,1
859796,JAPAN SMALLER CAPITALIZATION FUND INC,JOF,NYSE,0000859796,JAPAN SMALLER CAPITALIZATION FUND,1
1023731,8X8 INC /DE/,EGHT,Nasdaq,0001023731,8X8 DE,1
1593899,"Atea Pharmaceuticals, Inc.",AVIR,Nasdaq,0001593899,ATEA PHARMACEUTICALS,1
2029492,Mountain Lake Acquisition Corp.,MLAC,Nasdaq,0002029492,MOUNTAIN LAKE ACQUISITION,1
1901637,"USCB FINANCIAL HOLDINGS, INC.",USCB,Nasdaq,0001901637,USCB,1
2006815,Voyager Acquisition Corp./Cayman Islands,VACH,Nasdaq,0002006815,VOYAGER ACQUISITION CAYMAN ISLANDS,1
1824893,"Surrozen, Inc./DE",SRZN,Nasdaq,0001824893,SURROZEN DE,1
809708,TEMPLETON EMERGING MARKETS FUND,EMF,NYSE,0000809708,TEMPLETON EMERGING MARKETS FUND,1
1644378,RMR GROUP INC.,RMR,Nasdaq,0001644378,RMR,1
1401040,DiaMedica Therapeutics Inc.,DMAC,Nasdaq,0001401040,DIAMEDICA THERAPEUTICS,1
2034266,"Cantor Equity Partners V, Inc.",CEPV,Nasdaq,0002034266,CANTOR EQUITY PARTNERS V,1
786035,LIBERTY ALL STAR GROWTH FUND INC.,ASG,NYSE,0000786035,LIBERTY ALL STAR GROWTH FUND,1
1319947,Designer Brands Inc.,DBI,NYSE,0001319947,DESIGNER BRANDS,1
1287480,BLACKROCK FLOATING RATE INCOME TRUST,BGT,NYSE,0001287480,BLACKROCK FLOATING RATE INCOME,1
1730984,BayCom Corp,BCML,Nasdaq,0001730984,BAYCOM,1
1867102,Vertical Aerospace Ltd.,EVTL,NYSE,0001867102,VERTICAL AEROSPACE,1
1879726,Sidus Space Inc.,SIDU,Nasdaq,0001879726,SIDUS SPACE,1
1273441,GRAN TIERRA ENERGY INC.,GTE,NYSE,0001273441,GRAN TIERRA ENERGY,1
1569994,"Waterstone Financial, Inc.",WSBF,Nasdaq,0001569994,WATERSTONE,1
1699350,"SHOULDER INNOVATIONS, INC.",SI,NYSE,0001699350,SHOULDER INNOVATIONS,1
863110,ARTESIAN RESOURCES CORP,ARTNA,Nasdaq,0000863110,ARTESIAN RESOURCES,1
2025401,Fifth Era Acquisition Corp I,FERA,Nasdaq,0002025401,FIFTH ERA ACQUISITION I,1
2028516,Archimedes Tech SPAC Partners II Co.,ATII,Nasdaq,0002028516,ARCHIMEDES TECH SPAC PARTNERS II,1
2032528,Roman DBDR Acquisition Corp. II,DRDB,Nasdaq,0002032528,ROMAN DBDR ACQUISITION II,1
2080023,Viking Acquisition Corp I,VACI,NYSE,0002080023,VIKING ACQUISITION I,1
2074850,Spring Valley Acquisition Corp. III,SVAC,Nasdaq,0002074850,SPRING VALLEY ACQUISITION III,1
2040381,Pioneer Acquisition I Corp,PACH,Nasdaq,0002040381,PIONEER ACQUISITION I,1
2030663,Sizzle Acquisition Corp. II,SZZL,Nasdaq,0002030663,SIZZLE ACQUISITION II,1
1277902,MVB FINANCIAL CORP,MVBF,Nasdaq,0001277902,MVB,1
2034313,Oxley Bridge Acquisition Ltd,OBA,Nasdaq,0002034313,OXLEY BRIDGE ACQUISITION,1
1378325,"CapsoVision, Inc",CV,Nasdaq,0001378325,CAPSOVISION,1
1509261,"Rezolute, Inc.",RZLT,Nasdaq,0001509261,REZOLUTE,1
1708259,LexinFintech Holdings Ltd.,LX,Nasdaq,0001708259,LEXINFINTECH,1
1863006,Valens Semiconductor Ltd.,VLN,NYSE,0001863006,VALENS SEMICONDUCTOR,1
1847398,"NorthEast Community Bancorp, Inc./MD/",NECB,Nasdaq,0001847398,NORTHEAST COMMUNITY MD,1
1075736,"Crexendo, Inc.",CXDO,Nasdaq,0001075736,CREXENDO,1
1338561,Nuveen S&P 500 Dynamic Overwrite Fund,SPXX,NYSE,0001338561,NUVEEN S P 500 DYNAMIC OVERWRITE FUND,1
1635282,"Rimini Street, Inc.",RMNI,Nasdaq,0001635282,RIMINI STREET,1
2077954,Evolution Global Acquisition Corp,EVOX,Nasdaq,0002077954,EVOLUTION GLOBAL ACQUISITION,1
1817159,"RiverNorth Flexible Municipal Income Fund II, Inc.",RFMZ,NYSE,0001817159,RIVERNORTH FLEXIBLE MUNICIPAL INCOME FUND II,1
2068454,"CSLM Digital Asset Acquisition Corp III, Ltd",KOYN,Nasdaq,0002068454,CSLM DIGITAL ASSET ACQUISITION III,1
2099095,Patriot Acquisition Corp./CI,PTAC,,0002099095,PATRIOT ACQUISITION CI,0
1808805,"Nautilus Biotechnology, Inc.",NAUT,Nasdaq,0001808805,NAUTILUS BIOTECHNOLOGY,1
1443575,"Avidbank Holdings, Inc.",AVBH,Nasdaq,0001443575,AVIDBANK,1
2061473,Perimeter Acquisition Corp. I,PMTR,Nasdaq,0002061473,PERIMETER ACQUISITION I,1
1822928,Holley Inc.,HLLY,NYSE,0001822928,HOLLEY,1
2082844,Safeguard Acquisition Corp.,SAC,NYSE,0002082844,SAFEGUARD ACQUISITION,1
1357459,"PALISADE BIO, INC.",PALI,Nasdaq,0001357459,PALISADE BIO,1
34956,"TENAX THERAPEUTICS, INC.",TENX,Nasdaq,0000034956,TENAX THERAPEUTICS,1
1362481,abrdn Global Dynamic Dividend Fund,AGD,NYSE,0001362481,ABRDN GLOBAL DYNAMIC DIVIDEND FUND,1
2031561,Aldel Financial II Inc.,ALDF,Nasdaq,0002031561,ALDEL II,1
783324,VISTA GOLD CORP,VGZ,NYSE,0000783324,VISTA GOLD,1
2025341,Andretti Acquisition Corp. II,POLE,Nasdaq,0002025341,ANDRETTI ACQUISITION II,1
1846253,"OmniAb, Inc.",OABI,Nasdaq,0001846253,OMNIAB,1
2053033,Platinum Analytics Cayman Ltd,PLTS,Nasdaq,0002053033,PLATINUM ANALYTICS CAYMAN,1
1843586,Oatly Group AB,OTLY,Nasdaq,0001843586,OATLY AB,1
763563,CHEMUNG FINANCIAL CORP,CHMG,Nasdaq,0000763563,CHEMUNG,1
1832928,Cresco Labs Inc.,CRLBF,OTC,0001832928,CRESCO LABS,0
2186,BK Technologies Corp,BKTI,NYSE,0000002186,TECHNOLOGIES,1
1519401,Regional Management Corp.,RM,NYSE,0001519401,REGIONAL MANAGEMENT,1
946394,Ellomay Capital Ltd.,ELLO,NYSE,0000946394,ELLOMAY CAPITAL,1
1162027,ALLIANCEBERNSTEIN NATIONAL MUNICIPAL INCOME FUND,AFB,NYSE,0001162027,ALLIANCEBERNSTEIN MUNICIPAL INCOME FUND,1
2078653,Range Capital Acquisition Corp II,RNGT,Nasdaq,0002078653,RANGE CAPITAL ACQUISITION II,1
2033991,Texas Ventures Acquisition III Corp,TVA,Nasdaq,0002033991,TEXAS VENTURES ACQUISITION III,1
318306,ABEONA THERAPEUTICS INC.,ABEO,Nasdaq,0000318306,ABEONA THERAPEUTICS,1
320121,TELOS CORP,TLS,Nasdaq,0000320121,TELOS,1
1496443,"Paysign, Inc.",PAYS,Nasdaq,0001496443,PAYSIGN,1
818851,NUVEEN CALIFORNIA MUNICIPAL VALUE FUND,NCA,NYSE,0000818851,NUVEEN CALIFORNIA MUNICIPAL VALUE FUND,1
64463,"Soluna Holdings, Inc",SLNH,Nasdaq,0000064463,SOLUNA,1
2039058,Jackson Acquisition Co II,JACS,NYSE,0002039058,JACKSON ACQUISITION II,1
1501072,"RIVERNORTH OPPORTUNITIES FUND, INC.",RIV,NYSE,0001501072,RIVERNORTH OPPORTUNITIES FUND,1
1013272,NORWOOD FINANCIAL CORP,NWFL,Nasdaq,0001013272,NORWOOD,1
2089283,Eagle Nuclear Energy Corp.,NUCL,Nasdaq,0002089283,EAGLE NUCLEAR ENERGY,1
765207,"First Bancorp, Inc /ME/",FNLC,Nasdaq,0000765207,FIRST ME,1
876343,"Lineage Cell Therapeutics, Inc.",LCTX,NYSE,0000876343,LINEAGE CELL THERAPEUTICS,1
2067592,McKinley Acquisition Corp,MKLY,Nasdaq,0002067592,MCKINLEY ACQUISITION,1
1320760,"TSS, Inc.",TSSI,Nasdaq,0001320760,TSS,1
65433,MEXICO FUND INC,MXF,NYSE,0000065433,MEXICO FUND,1
2083689,Activate Energy Acquisition Corp.,AEAQ,Nasdaq,0002083689,ACTIVATE ENERGY ACQUISITION,1
717720,VALUE LINE INC,VALU,Nasdaq,0000717720,VALUE LINE,1
2099906,Abony Acquisition Corp. I,AACO,Nasdaq,0002099906,ABONY ACQUISITION I,1
1661181,Organogenesis Holdings Inc.,ORGO,Nasdaq,0001661181,ORGANOGENESIS,1
1897463,Graf Global Corp.,GRAF,NYSE,0001897463,GRAF GLOBAL,1
2088805,Columbus Circle Capital Corp II,CMII,Nasdaq,0002088805,COLUMBUS CIRCLE CAPITAL II,1
1634117,"Barnes & Noble Education, Inc.",BNED,NYSE,0001634117,BARNES NOBLE EDUCATION,1
1761612,BICYCLE THERAPEUTICS PLC,BCYC,Nasdaq,0001761612,BICYCLE THERAPEUTICS,1
832428,E.W. SCRIPPS Co,SSP,Nasdaq,0000832428,E W SCRIPPS,1
2087450,Legato Merger Corp. IV,LEGO,NYSE,0002087450,LEGATO MERGER IV,1
2015502,Launch One Acquisition Corp.,LPAA,Nasdaq,0002015502,LAUNCH ONE ACQUISITION,1
1939801,SIERRA MADRE GOLD & SILVER LTD.,SMDRF,OTC,0001939801,SIERRA MADRE GOLD SILVER,0
2101135,Illumination Acquisition Corp. I,ILLU,Nasdaq,0002101135,ILLUMINATION ACQUISITION I,1
1649752,Nouveau Monde Graphite Inc.,NMG,NYSE,0001649752,NOUVEAU MONDE GRAPHITE,1
1892492,Eightco Holdings Inc.,ORBS,Nasdaq,0001892492,EIGHTCO,1
2100125,Cambridge Acquisition Corp.,CAQ,Nasdaq,0002100125,CAMBRIDGE ACQUISITION,1
1072627,KINGSWAY FINANCIAL SERVICES INC,KFS,NYSE,0001072627,KINGSWAY,1
2097364,Spartacus Acquisition Corp. II,TMTS,Nasdaq,0002097364,SPARTACUS ACQUISITION II,1
2098242,Spring Valley Acquisition Corp. IV,SVIV,Nasdaq,0002098242,SPRING VALLEY ACQUISITION IV,1
1046050,TIMBERLAND BANCORP INC,TSBK,Nasdaq,0001046050,TIMBERLAND,1
2023676,Launch Two Acquisition Corp.,LPBB,Nasdaq,0002023676,LAUNCH TWO ACQUISITION,1
897448,AMARIN CORP PLCUK,AMRN,Nasdaq,0000897448,AMARIN PLCUK,1
1297107,"CoastalSouth Bancshares, Inc.",COSO,NYSE,0001297107,COASTALSOUTH BANCSHARES,1
2061379,LightWave Acquisition Corp.,LWAC,Nasdaq,0002061379,LIGHTWAVE ACQUISITION,1
2047497,Rithm Acquisition Corp.,RAC,NYSE,0002047497,RITHM ACQUISITION,1
2080985,ITHAX Acquisition Corp III,ITHA,Nasdaq,0002080985,ITHAX ACQUISITION III,1
1258623,Eaton Vance Senior Floating-Rate Trust,EFR,NYSE,0001258623,EATON VANCE SENIOR FLOATING RATE,1
1720592,Repay Holdings Corp,RPAY,Nasdaq,0001720592,REPAY,1
1178839,NEUBERGER MUNICIPAL FUND INC.,NBH,NYSE,0001178839,NEUBERGER MUNICIPAL FUND,1
1476573,Aurion Resources Ltd.,AIRRF,OTC,0001476573,AURION RESOURCES,0
720500,AMTECH SYSTEMS INC,ASYS,Nasdaq,0000720500,AMTECH SYSTEMS,1
829365,NAM TAI PROPERTY INC.,NTPIF,OTC,0000829365,NAM TAI PROPERTY,0
1596961,"RideNow Group, Inc.",RDNW,Nasdaq,0001596961,RIDENOW,1
2086264,Vine Hill Capital Investment Corp. II,VHCP,Nasdaq,0002086264,VINE HILL CAPITAL INVESTMENT II,1
1826681,Palladyne AI Corp.,PDYN,Nasdaq,0001826681,PALLADYNE AI,1
1930313,SBC Medical Group Holdings Inc,SBC,Nasdaq,0001930313,SBC MEDICAL,1
825202,SPROTT FOCUS TRUST INC.,FUND,Nasdaq,0000825202,SPROTT FOCUS,1
1515324,"Ares Dynamic Credit Allocation Fund, Inc.",ARDC,NYSE,0001515324,ARES DYNAMIC CREDIT ALLOCATION FUND,1
2043766,Globa Terra Acquisition Corp,GTERA,Nasdaq,0002043766,GLOBA TERRA ACQUISITION,1
739421,CITIZENS FINANCIAL SERVICES INC,CZFS,Nasdaq,0000739421,CITIZENS,1
2082542,Bitcoin Infrastructure Acquisition Corp Ltd,BIXI,Nasdaq,0002082542,BITCOIN INFRASTRUCTURE ACQUISITION,1
1754170,AerSale Corp,ASLE,Nasdaq,0001754170,AERSALE,1
879911,"APPLIED ENERGETICS, INC.",AERG,OTC,0000879911,APPLIED ENERGETICS,0
2058349,"ETOILES CAPITAL GROUP CO., LTD",EFTY,Nasdaq,0002058349,ETOILES CAPITAL,1
1913847,Coincheck Group N.V.,CNCK,Nasdaq,0001913847,COINCHECK V,1
1616543,"Senseonics Holdings, Inc.",SENS,Nasdaq,0001616543,SENSEONICS,1
2048951,Live Oak Acquisition Corp. V,LOKV,Nasdaq,0002048951,LIVE OAK ACQUISITION V,1
921114,"Armata Pharmaceuticals, Inc.",ARMP,NYSE,0000921114,ARMATA PHARMACEUTICALS,1
2060337,JENA ACQUISITION Corp II,JENA,NYSE,0002060337,JENA ACQUISITION II,1
1855447,"TIGO ENERGY, INC.",TYGO,Nasdaq,0001855447,TIGO ENERGY,1
733590,TRANSCONTINENTAL REALTY INVESTORS INC,TCI,NYSE,0000733590,TRANSCONTINENTAL REALTY INVESTORS,1
1010086,SIGA TECHNOLOGIES INC,SIGA,Nasdaq,0001010086,SIGA TECHNOLOGIES,1
855887,"BNY MELLON STRATEGIC MUNICIPAL BOND FUND, INC.",DSM,NYSE,0000855887,BNY MELLON STRATEGIC MUNICIPAL BOND FUND,1
814585,MBIA INC,MBI,NYSE,0000814585,MBIA,1
1794546,"CARLSMED, INC.",CARL,Nasdaq,0001794546,CARLSMED,1
1866816,"SYNTEC OPTICS HOLDINGS, INC.",OPTX,Nasdaq,0001866816,SYNTEC OPTICS,1
873860,ONITY GROUP INC.,ONIT,NYSE,0000873860,ONITY,1
1584549,"Village Farms International, Inc.",VFF,Nasdaq,0001584549,VILLAGE FARMS INTERNATIONAL,1
1854964,"NewLake Capital Partners, Inc.",NLCP,OTC,0001854964,NEWLAKE CAPITAL PARTNERS,0
2072404,GSR IV Acquisition Corp.,GSRF,Nasdaq,0002072404,GSR IV ACQUISITION,1
2070602,Highview Merger Corp.,HVMC,Nasdaq,0002070602,HIGHVIEW MERGER,1
3545,"ALICO, INC.",ALCO,Nasdaq,0000003545,ALICO,1
1021561,"NU SKIN ENTERPRISES, INC.",NUS,NYSE,0001021561,NU SKIN ENTERPRISES,1
63330,MAUI LAND & PINEAPPLE CO INC,MLP,NYSE,0000063330,MAUI LAND PINEAPPLE,1
891290,COHEN & STEERS TOTAL RETURN REALTY FUND INC,RFI,NYSE,0000891290,COHEN STEERS TOTAL RETURN REALTY FUND,1
1500881,enCore Energy Corp.,EU,Nasdaq,0001500881,ENCORE ENERGY,1
842517,ISABELLA BANK CORP,ISBA,Nasdaq,0000842517,ISABELLA,1
909112,TEMPLETON EMERGING MARKETS INCOME FUND,TEI,NYSE,0000909112,TEMPLETON EMERGING MARKETS INCOME FUND,1
1590877,REGENXBIO Inc.,RGNX,Nasdaq,0001590877,REGENXBIO,1
1666291,"Claros Mortgage Trust, Inc.",CMTG,NYSE,0001666291,CLAROS MORTGAGE,1
1570132,"ANVI GLOBAL HOLDINGS, INC.",ANVI,OTC,0001570132,ANVI GLOBAL,0
1488917,"Electromed, Inc.",ELMD,NYSE,0001488917,ELECTROMED,1
2085408,General Purpose Acquisition Corp.,GPAC,Nasdaq,0002085408,GENERAL PURPOSE ACQUISITION,1
1530249,"FS Bancorp, Inc.",FSBW,Nasdaq,0001530249,FS,1
1404281,"Eledon Pharmaceuticals, Inc.",ELDN,Nasdaq,0001404281,ELEDON PHARMACEUTICALS,1
1835068,Nuveen Core Plus Impact Fund,NPCT,NYSE,0001835068,NUVEEN CORE PLUS IMPACT FUND,1
1875558,"Nuvectis Pharma, Inc.",NVCT,Nasdaq,0001875558,NUVECTIS PHARMA,1
1898795,"LiveWire Group, Inc.",LVWR,NYSE,0001898795,LIVEWIRE,1
842717,"BLUE RIDGE BANKSHARES, INC.",BRBS,NYSE,0000842717,BLUE RIDGE BANKSHARES,1
2051985,Iron Horse Acquisition II Corp.,IRHO,Nasdaq,0002051985,IRON HORSE ACQUISITION II,1
1227857,Virtus Convertible & Income Fund II,NCZ,NYSE,0001227857,VIRTUS CONVERTIBLE INCOME FUND II,1
1848739,GDEV Inc.,GDEV,Nasdaq,0001848739,GDEV,1
2079013,Hall Chadwick Acquisition Corp,HCAC,Nasdaq,0002079013,HALL CHADWICK ACQUISITION,1
2072188,Relativity Holdings Inc.,BIOT,,0002072188,RELATIVITY,0
900422,PUTNAM MUNICIPAL OPPORTUNITIES TRUST,PMO,NYSE,0000900422,PUTNAM MUNICIPAL OPPORTUNITIES,1
1710482,"John Marshall Bancorp, Inc.",JMSB,Nasdaq,0001710482,JOHN MARSHALL,1
2043699,NewHold Investment Corp. III,NHIC,Nasdaq,0002043699,NEWHOLD INVESTMENT III,1
2009684,Seaport Entertainment Group Inc.,SEG,NYSE,0002009684,SEAPORT ENTERTAINMENT,1
2085659,Silicon Valley Acquisition Corp.,SVAQ,Nasdaq,0002085659,SILICON VALLEY ACQUISITION,1
1703079,XAI Octagon Floating Rate & Alternative Income Trust,XFLT,NYSE,0001703079,XAI OCTAGON FLOATING RATE ALTERNATIVE INCOME,1
1318596,KORYX COPPER INC.,KRYXF,OTC,0001318596,KORYX COPPER,0
1386570,"Niagen Bioscience, Inc.",NAGE,Nasdaq,0001386570,NIAGEN BIOSCIENCE,1
2001794,Concorde International Group Ltd.,YOOV,Nasdaq,0002001794,CONCORDE INTERNATIONAL,1
2059654,Blue Acquisition Corp/Cayman,BACC,Nasdaq,0002059654,BLUE ACQUISITION CAYMAN,1
1114927,FIRST NORTHERN COMMUNITY BANCORP,FNRN,Nasdaq,0001114927,FIRST NORTHERN COMMUNITY,1
55234,"Global Asset Management Group, Inc.",GAMG,OTC,0000055234,GLOBAL ASSET MANAGEMENT,0
1487428,Horizon Technology Finance Corp,HRZN,Nasdaq,0001487428,HORIZON TECHNOLOGY FINANCE,1
2046223,Cerro de Pasco Resources Inc.,CDPMF,OTC,0002046223,CERRO DE PASCO RESOURCES,0
1288992,Eaton Vance Floating-Rate Income Trust,EFT,NYSE,0001288992,EATON VANCE FLOATING RATE INCOME,1
836690,INNOVATIVE SOLUTIONS & SUPPORT INC,ISSC,Nasdaq,0000836690,INNOVATIVE SOLUTIONS SUPPORT,1
835333,Invesco Municipal Income Opportunities Trust,OIA,NYSE,0000835333,INVESCO MUNICIPAL INCOME OPPORTUNITIES,1
2034334,Artius II Acquisition Inc.,AACB,Nasdaq,0002034334,ARTIUS II ACQUISITION,1
2029118,"INFINITY NATURAL RESOURCES, INC.",INR,NYSE,0002029118,INFINITY NATURAL RESOURCES,1
1751912,NERVGEN PHARMA CORP.,NGEN,Nasdaq,0001751912,NERVGEN PHARMA,1
1725160,"Zentalis Pharmaceuticals, Inc.",ZNTL,Nasdaq,0001725160,ZENTALIS PHARMACEUTICALS,1
1831359,Jaws Mustang Acquisition Corp,JWSMF,OTC,0001831359,JAWS MUSTANG ACQUISITION,0
1479615,Silence Therapeutics plc,SLN,Nasdaq,0001479615,SILENCE THERAPEUTICS,1
1871509,Portillo's Inc.,PTLO,Nasdaq,0001871509,PORTILLO S,1
1921050,Tudor Gold Corp.,TDRRF,OTC,0001921050,TUDOR GOLD,0
1901203,CN Healthy Food Tech Group Corp.,UCFI,Nasdaq,0001901203,CN HEALTHY FOOD TECH,1
826020,Saba Capital Income & Opportunities Fund,BRW,NYSE,0000826020,SABA CAPITAL INCOME OPPORTUNITIES FUND,1
1009759,"Capstone Energy Plus, Inc.",CGEH,OTC,0001009759,CAPSTONE ENERGY PLUS,0
1517022,"Akebia Therapeutics, Inc.",AKBA,Nasdaq,0001517022,AKEBIA THERAPEUTICS,1
1359931,"Protara Therapeutics, Inc.",TARA,Nasdaq,0001359931,PROTARA THERAPEUTICS,1
2083728,Launchpad Cadenza Acquisition Corp I,LPCV,Nasdaq,0002083728,LAUNCHPAD CADENZA ACQUISITION I,1
1785476,King Copper Discovery Corp.,TBXXF,OTC,0001785476,KING COPPER DISCOVERY,0
1527590,Ready Capital Corp,RC,NYSE,0001527590,READY CAPITAL,1
1617553,"ZIPRECRUITER, INC.",ZIP,NYSE,0001617553,ZIPRECRUITER,1
1651625,AC Immune SA,ACIU,Nasdaq,0001651625,AC IMMUNE SA,1
2002038,Legato Merger Corp. III,LEGT,NYSE,0002002038,LEGATO MERGER III,1
1758530,So-Young International Inc.,SY,Nasdaq,0001758530,SO YOUNG INTERNATIONAL,1
1621910,Pantheon Resources plc,PTHRF,OTC,0001621910,PANTHEON RESOURCES,0
2083002,American Drive Acquisition Co,ADAC,Nasdaq,0002083002,AMERICAN DRIVE ACQUISITION,1
919893,TEMPLETON DRAGON FUND INC,TDF,NYSE,0000919893,TEMPLETON DRAGON FUND,1
2077785,Iris Acquisition Corp II,IRAB,NYSE,0002077785,IRIS ACQUISITION II,1
2090452,FG Imperii Acquisition Corp.,FGII,Nasdaq,0002090452,FG IMPERII ACQUISITION,1
1771226,"RiverNorth Managed Duration Municipal Income Fund, Inc.",RMM,NYSE,0001771226,RIVERNORTH MANAGED DURATION MUNICIPAL INCOME FUND,1
1049606,COMPX INTERNATIONAL INC,CIX,NYSE,0001049606,COMPX INTERNATIONAL,1
1484769,FuboTV Inc.,FUBO,NYSE,0001484769,FUBOTV,1
1521404,BARINGS GLOBAL SHORT DURATION HIGH YIELD FUND,BGH,NYSE,0001521404,BARINGS GLOBAL SHORT DURATION HIGH YIELD FUND,1
2035709,Phoenix Asia Holdings Ltd,PHOE,Nasdaq,0002035709,PHOENIX ASIA,1
1833214,"SAB Biotherapeutics, Inc.",SABS,Nasdaq,0001833214,SAB BIOTHERAPEUTICS,1
894315,SITE Centers Corp.,SITC,NYSE,0000894315,SITE CENTERS,1
1109262,"Allied Energy, Inc.",AGGI,OTC,0001109262,ALLIED ENERGY,0
1681206,"NI Holdings, Inc.",NODK,Nasdaq,0001681206,NI,1
1518557,NYLI MacKay DefinedTerm Muni Opportunities Fund,MMD,NYSE,0001518557,NYLI MACKAY DEFINEDTERM MUNI OPPORTUNITIES FUND,1
1704711,"Funko, Inc.",FNKO,Nasdaq,0001704711,FUNKO,1
1525201,DoubleLine Opportunistic Credit Fund,DBL,NYSE,0001525201,DOUBLELINE OPPORTUNISTIC CREDIT FUND,1
1653384,Runway Growth Finance Corp.,RWAY,Nasdaq,0001653384,RUNWAY GROWTH FINANCE,1
1407582,Cambria Gold Mines Inc.,CAMVF,OTC,0001407582,CAMBRIA GOLD MINES,0
879526,WABASH NATIONAL Corp,WNC,NYSE,0000879526,WABASH,1
1636289,Virtus Diversified Income & Convertible Fund,ACV,NYSE,0001636289,VIRTUS DIVERSIFIED INCOME CONVERTIBLE FUND,1
933034,STRATTEC SECURITY CORP,STRT,Nasdaq,0000933034,STRATTEC SECURITY,1
1872228,Thayer Ventures Acquisition Corp II,TVAI,Nasdaq,0001872228,THAYER VENTURES ACQUISITION II,1
1632127,"Cable One, Inc.",CABO,NYSE,0001632127,CABLE ONE,1
826735,MFS INTERMEDIATE INCOME TRUST,MIN,NYSE,0000826735,MFS INTERMEDIATE INCOME,1
2083493,X3 Acquisition Corp. Ltd.,XCBE,Nasdaq,0002083493,X3 ACQUISITION,1
850429,TREDEGAR CORP,TG,NYSE,0000850429,TREDEGAR,1
1084869,1 800 FLOWERS COM INC,FLWS,Nasdaq,0001084869,1 800 FLOWERS COM,1
1433551,Sino Green Land Corp.,SGLA,OTC,0001433551,SINO GREEN LAND,0
912728,FORWARD AIR CORP,FWRD,Nasdaq,0000912728,FORWARD AIR,1
1842731,SIMILARWEB LTD.,SMWB,NYSE,0001842731,SIMILARWEB,1
803016,CALIFORNIA FIRST LEASING CORP,CFNB,OTC,0000803016,CALIFORNIA FIRST LEASING,0
1385763,Nuveen Core Equity Alpha Fund,JCE,NYSE,0001385763,NUVEEN CORE EQUITY ALPHA FUND,1
1386067,ALLSPRING GLOBAL DIVIDEND OPPORTUNITY FUND,EOD,NYSE,0001386067,ALLSPRING GLOBAL DIVIDEND OPPORTUNITY FUND,1
731122,MUNCY COLUMBIA FINANCIAL Corp,CCFN,OTC,0000731122,MUNCY COLUMBIA,0
1431567,Oak Valley Bancorp,OVLY,Nasdaq,0001431567,OAK VALLEY,1
1675644,"FVCBankcorp, Inc.",FVCB,Nasdaq,0001675644,FVCBANKCORP,1
1888274,"Defi Technologies, Inc.",DEFT,Nasdaq,0001888274,DEFI TECHNOLOGIES,1
932781,FIRST COMMUNITY CORP /SC/,FCCO,Nasdaq,0000932781,FIRST COMMUNITY SC,1
2015947,SilverBox Corp IV,SBXD,NYSE,0002015947,SILVERBOX IV,1
916793,SILICOM LTD.,SILC,Nasdaq,0000916793,SILICOM,1
1810182,ALX ONCOLOGY HOLDINGS INC,ALXO,Nasdaq,0001810182,ALX ONCOLOGY,1
1317945,"Omega Flex, Inc.",OFLX,Nasdaq,0001317945,OMEGA FLEX,1
2088807,Xsolla SPAC 1,XSLL,Nasdaq,0002088807,XSOLLA SPAC 1,1
1327607,First Western Financial Inc,MYFW,Nasdaq,0001327607,FIRST WESTERN,1
748691,KOREA FUND INC,KF,NYSE,0000748691,KOREA FUND,1
1413855,AIFU Inc.,AIFU,Nasdaq,0001413855,AIFU,1
1967621,Alpha Technology Group Ltd,ATGL,Nasdaq,0001967621,ALPHA TECHNOLOGY,1
1846416,Hennessy Capital Investment Corp. VII,HVII,Nasdaq,0001846416,HENNESSY CAPITAL INVESTMENT VII,1
1531177,"Sight Sciences, Inc.",SGHT,Nasdaq,0001531177,SIGHT SCIENCES,1
1835724,Zhihu Inc.,ZH,NYSE,0001835724,ZHIHU,1
1314052,ANAVEX LIFE SCIENCES CORP.,AVXL,Nasdaq,0001314052,ANAVEX LIFE SCIENCES,1
1125345,MACROGENICS INC,MGNX,Nasdaq,0001125345,MACROGENICS,1
2093484,Muzero Acquisition Corp,MUZE,Nasdaq,0002093484,MUZERO ACQUISITION,1
2027708,"Cantor Equity Partners I, Inc.",CEPO,Nasdaq,0002027708,CANTOR EQUITY PARTNERS I,1
1023459,"Simulations Plus, Inc.",SLP,Nasdaq,0001023459,SIMULATIONS PLUS,1
1903870,Forafric Global PLC,AFRI,Nasdaq,0001903870,FORAFRIC GLOBAL,1
2081125,Dynamix Corp III,DNMX,Nasdaq,0002081125,DYNAMIX III,1
1383414,PENNANTPARK INVESTMENT CORP,PNNT,NYSE,0001383414,PENNANTPARK INVESTMENT,1
14846,BRT Apartments Corp.,BRT,NYSE,0000014846,BRT APARTMENTS,1
844790,PUTNAM MANAGED MUNICIPAL INCOME TRUST,PMM,NYSE,0000844790,PUTNAM MANAGED MUNICIPAL INCOME,1
1120970,Comstock Inc.,LODE,NYSE,0001120970,COMSTOCK,1
1876431,Prenetics Global Ltd,PRE,Nasdaq,0001876431,PRENETICS GLOBAL,1
1706946,"Virgin Galactic Holdings, Inc",SPCE,NYSE,0001706946,VIRGIN GALACTIC,1
1157647,"Western New England Bancorp, Inc.",WNEB,Nasdaq,0001157647,WESTERN NEW ENGLAND,1
1811115,Renalytix plc,RNLXY,OTC,0001811115,RENALYTIX,0
1016838,RADCOM LTD,RDCM,Nasdaq,0001016838,RADCOM,1
24090,"CITIZENS, INC.",CIA,NYSE,0000024090,CITIZENS,1
1454741,Eaton Vance National Municipal Opportunities Trust,EOT,NYSE,0001454741,EATON VANCE MUNICIPAL OPPORTUNITIES,1
1562823,Hot Chili Ltd,HHLKF,OTC,0001562823,HOT CHILI,0
1396536,"DUOS TECHNOLOGIES GROUP, INC.",DUOT,Nasdaq,0001396536,DUOS TECHNOLOGIES,1
2098780,TRG Latin America Acquisitions Corp.,TRGS,Nasdaq,0002098780,TRG LATIN AMERICA ACQUISITIONS,1
1377630,"National CineMedia, Inc.",NCMI,Nasdaq,0001377630,CINEMEDIA,1
1551901,Stellus Capital Investment Corp,SCM,NYSE,0001551901,STELLUS CAPITAL INVESTMENT,1
27093,U.S. GOLD CORP.,USAU,Nasdaq,0000027093,U S GOLD,1
2029769,Oaktree Acquisition Corp. III Life Sciences,OACC,Nasdaq,0002029769,OAKTREE ACQUISITION III LIFE SCIENCES,1
1555279,908 Devices Inc.,MASS,Nasdaq,0001555279,908 DEVICES,1
2052161,Real Asset Acquisition Corp.,RAAQ,Nasdaq,0002052161,REAL ASSET ACQUISITION,1
914122,"Perma-Pipe International Holdings, Inc.",PPIH,Nasdaq,0000914122,PERMA PIPE INTERNATIONAL,1
1119774,COMPUGEN LTD,CGEN,Nasdaq,0001119774,COMPUGEN,1
15847,BUTLER NATIONAL CORP,BUKS,OTC,0000015847,BUTLER,0
1098151,FIDELITY D & D BANCORP INC,FDBC,Nasdaq,0001098151,FIDELITY D D,1
1855474,AirJoule Technologies Corp.,AIRJ,Nasdaq,0001855474,AIRJOULE TECHNOLOGIES,1
2030482,"Plum Acquisition Corp, IV",PLMK,Nasdaq,0002030482,PLUM ACQUISITION IV,1
2028935,FACT II Acquisition Corp.,FACT,Nasdaq,0002028935,FACT II ACQUISITION,1
1866030,A2Z CUST2MATE SOLUTIONS CORP.,AZ,Nasdaq,0001866030,A2Z CUST2MATE SOLUTIONS,1
1866874,Cohen & Steers Real Estate Opportunities & Income Fund,RLTY,NYSE,0001866874,COHEN STEERS REAL ESTATE OPPORTUNITIES INCOME FUND,1
1650664,"Editas Medicine, Inc.",EDIT,Nasdaq,0001650664,EDITAS MEDICINE,1
1350869,Clough Global Opportunities Fund,GLO,NYSE,0001350869,CLOUGH GLOBAL OPPORTUNITIES FUND,1
2028027,Newbury Street II Acquisition Corp,NTWO,Nasdaq,0002028027,NEWBURY STREET II ACQUISITION,1
1717457,Calamos Long/Short Equity & Dynamic Income Trust,CPZ,Nasdaq,0001717457,CALAMOS LONG SHORT EQUITY DYNAMIC INCOME,1
1529377,Ares Commercial Real Estate Corp,ACRE,NYSE,0001529377,ARES COMMERCIAL REAL ESTATE,1
874501,OCTAVE SPECIALTY GROUP INC,OSG,NYSE,0000874501,OCTAVE SPECIALTY,1
916183,"PIMCO STRATEGIC INCOME FUND, INC.",RCS,NYSE,0000916183,PIMCO STRATEGIC INCOME FUND,1
2083946,Willow Lane Acquisition Corp. II,WLII,Nasdaq,0002083946,WILLOW LANE ACQUISITION II,1
895456,"ROCKY BRANDS, INC.",RCKY,Nasdaq,0000895456,ROCKY BRANDS,1
1282850,FIRST TRUST SENIOR FLOATING RATE INCOME FUND II,FCT,NYSE,0001282850,FIRST SENIOR FLOATING RATE INCOME FUND II,1
2055879,Vendome Acquisition Corp I,VNME,Nasdaq,0002055879,VENDOME ACQUISITION I,1
2067674,SILVER BOW MINING CORP.,SBMT,NYSE,0002067674,SILVER BOW MINING,1
1945415,HUHUTECH International Group Inc.,HUHU,Nasdaq,0001945415,HUHUTECH INTERNATIONAL,1
33488,ESCALADE INC,ESCA,Nasdaq,0000033488,ESCALADE,1
1628808,Profound Medical Corp.,PROF,Nasdaq,0001628808,PROFOUND MEDICAL,1
1227073,ALLSPRING MULTI-SECTOR INCOME FUND,ERC,NYSE,0001227073,ALLSPRING MULTI SECTOR INCOME FUND,1
1754836,Eagle Point Income Co Inc.,EIC,NYSE,0001754836,EAGLE POINT INCOME,1
276720,PURE CYCLE CORP,PCYO,Nasdaq,0000276720,PURE CYCLE,1
100378,TWIN DISC INC,TWIN,Nasdaq,0000100378,TWIN DISC,1
1430306,Tonix Pharmaceuticals Holding Corp.,TNXP,Nasdaq,0001430306,TONIX PHARMACEUTICALS,1
1716410,Global Atomic Corp,GLATF,OTC,0001716410,GLOBAL ATOMIC,0
1450445,Nuveen AMT-Free Municipal Value Fund,NUW,NYSE,0001450445,NUVEEN AMT FREE MUNICIPAL VALUE FUND,1
1114925,LANTRONIX INC,LTRX,Nasdaq,0001114925,LANTRONIX,1
1463972,Vuzix Corp,VUZI,Nasdaq,0001463972,VUZIX,1
2076739,SC II Acquisition Corp.,SCII,Nasdaq,0002076739,SC II ACQUISITION,1
1689375,"Entrada Therapeutics, Inc.",TRDA,Nasdaq,0001689375,ENTRADA THERAPEUTICS,1
851170,MFS CHARTER INCOME TRUST,MCR,NYSE,0000851170,MFS CHARTER INCOME,1
355948,"RICHARDSON ELECTRONICS, LTD.",RELL,Nasdaq,0000355948,RICHARDSON ELECTRONICS,1
2045473,Copley Acquisition Corp,COPL,NYSE,0002045473,COPLEY ACQUISITION,1
855950,POWER METALLIC MINES INC.,PNPNF,OTC,0000855950,POWER METALLIC MINES,0
1709164,Hamilton Beach Brands Holding Co,HBB,NYSE,0001709164,HAMILTON BEACH BRANDS,1
1791703,Titan Mining Corp,TII,NYSE,0001791703,TITAN MINING,1
1625641,"CS Disco, Inc.",LAW,NYSE,0001625641,CS DISCO,1
723646,FRANKLIN FINANCIAL SERVICES CORP /PA/,FRAF,Nasdaq,0000723646,FRANKLIN PA,1
809173,MFS MULTIMARKET INCOME TRUST,MMT,NYSE,0000809173,MFS MULTIMARKET INCOME,1
884144,ASURE SOFTWARE INC,ASUR,Nasdaq,0000884144,ASURE SOFTWARE,1
1132651,AMES NATIONAL CORP,ATLO,Nasdaq,0001132651,AMES,1
1009829,JAKKS PACIFIC INC,JAKK,Nasdaq,0001009829,JAKKS PACIFIC,1
893847,"HAWTHORN BANCSHARES, INC.",HWBK,Nasdaq,0000893847,HAWTHORN BANCSHARES,1
1598646,"Minerva Neurosciences, Inc.",NERV,Nasdaq,0001598646,MINERVA NEUROSCIENCES,1
2025947,Tantalus Systems Holding Inc.,TGMPF,OTC,0002025947,TANTALUS SYSTEMS,0
1392272,CHAIN BRIDGE BANCORP INC,CBNA,NYSE,0001392272,CHAIN BRIDGE,1
1094032,QDM International Inc.,QDMI,OTC,0001094032,QDM INTERNATIONAL,0
913341,C & F FINANCIAL CORP,CFFI,Nasdaq,0000913341,C F,1
1512762,"Coherus Oncology, Inc.",CHRS,Nasdaq,0001512762,COHERUS ONCOLOGY,1
1653087,"Alector, Inc.",ALEC,Nasdaq,0001653087,ALECTOR,1
2064658,Yorkville Acquisition Corp.,MCGA,Nasdaq,0002064658,YORKVILLE ACQUISITION,1
1947016,"Starfighters Space, Inc.",FJET,NYSE,0001947016,STARFIGHTERS SPACE,1
719402,FIRST NATIONAL CORP /VA/,FXNC,Nasdaq,0000719402,FIRST VA,1
1538716,Oportun Financial Corp,OPRT,Nasdaq,0001538716,OPORTUN,1
318673,SECURITY NATIONAL FINANCIAL CORP,SNFCA,Nasdaq,0000318673,SECURITY,1
883569,"Fossil Group, Inc.",FOSL,Nasdaq,0000883569,FOSSIL,1
2065948,Solarius Capital Acquisition Corp.,SOCA,Nasdaq,0002065948,SOLARIUS CAPITAL ACQUISITION,1
2046573,Pitanium Ltd,PTNM,Nasdaq,0002046573,PITANIUM,1
2034723,One & one Green Technologies. INC,YDDL,Nasdaq,0002034723,ONE ONE GREEN TECHNOLOGIES,1
2028699,Dynamix Corp,DYNC,Nasdaq,0002028699,DYNAMIX,1
1867949,"Chicago Atlantic Real Estate Finance, Inc.",REFI,Nasdaq,0001867949,CHICAGO ATLANTIC REAL ESTATE FINANCE,1
2075068,Invest Green Acquisition Corp,IGAC,Nasdaq,0002075068,INVEST GREEN ACQUISITION,1
2081300,SPACSphere Acquisition Corp.,SSAC,Nasdaq,0002081300,SPACSPHERE ACQUISITION,1
1057379,"HACKETT GROUP, INC.",HCKT,Nasdaq,0001057379,HACKETT,1
1538847,GoldMining Inc.,GLDG,NYSE,0001538847,GOLDMINING,1
1514281,"TPG Mortgage Investment Trust, Inc.",MITT,NYSE,0001514281,TPG MORTGAGE INVESTMENT,1
763907,FIRST UNITED CORP/MD/,FUNC,Nasdaq,0000763907,FIRST UNITED MD,1
1580345,TriplePoint Venture Growth BDC Corp.,TPVG,NYSE,0001580345,TRIPLEPOINT VENTURE GROWTH BDC,1
1233087,FRANKLIN LTD DURATION INCOME TRUST,FTF,NYSE,0001233087,FRANKLIN DURATION INCOME,1
2052162,Digital Asset Acquisition Corp.,DAAQ,Nasdaq,0002052162,DIGITAL ASSET ACQUISITION,1
1356115,NEXPOINT DIVERSIFIED REAL ESTATE TRUST,NXDT,NYSE,0001356115,NEXPOINT DIVERSIFIED REAL ESTATE,1
1620749,Panamera Holdings Corp,PHCI,OTC,0001620749,PANAMERA,0
1818838,Adagene Inc.,ADAG,Nasdaq,0001818838,ADAGENE,1
2007596,"TWFG, Inc.",TWFG,Nasdaq,0002007596,TWFG,1
1684693,Sol-Gel Technologies Ltd.,SLGL,Nasdaq,0001684693,SOL GEL TECHNOLOGIES,1
1342423,Limoneira CO,LMNR,Nasdaq,0001342423,LIMONEIRA,1
1590715,American Resources Corp,AREC,Nasdaq,0001590715,AMERICAN RESOURCES,1
2076616,Tailwind 2.0 Acquisition Corp.,TDWD,Nasdaq,0002076616,TAILWIND 2 0 ACQUISITION,1
1802156,"Xponential Fitness, Inc.",XPOF,NYSE,0001802156,XPONENTIAL FITNESS,1
1793229,Claritev Corp,CTEV,NYSE,0001793229,CLARITEV,1
1111485,"RxSight, Inc.",RXST,Nasdaq,0001111485,RXSIGHT,1
2016221,Melar Acquisition Corp. I/Cayman,MACI,Nasdaq,0002016221,MELAR ACQUISITION I CAYMAN,1
2052243,Twelve Seas Investment Co III/Cayman,TWLV,Nasdaq,0002052243,TWELVE SEAS INVESTMENT III CAYMAN,1
931148,GRAFTECH INTERNATIONAL LTD,EAF,NYSE,0000931148,GRAFTECH INTERNATIONAL,1
885508,STRATUS PROPERTIES INC,STRS,Nasdaq,0000885508,STRATUS PROPERTIES,1
1926599,Translational Development Acquisition Corp.,TDAC,Nasdaq,0001926599,TRANSLATIONAL DEVELOPMENT ACQUISITION,1
1833141,CYBIN INC.,HELP,Nasdaq,0001833141,CYBIN,1
1778129,TerrAscend Corp.,TSNDF,OTC,0001778129,TERRASCEND,0
1913971,"Princeton Bancorp, Inc.",BPRN,Nasdaq,0001913971,PRINCETON,1
1422142,"Whitehawk Therapeutics, Inc.",WHWK,Nasdaq,0001422142,WHITEHAWK THERAPEUTICS,1
1743102,Jiayin Group Inc.,JFIN,Nasdaq,0001743102,JIAYIN,1
1498612,"Cohen & Steers Select Preferred & Income Fund, Inc.",PSF,NYSE,0001498612,COHEN STEERS SELECT PREFERRED INCOME FUND,1
828803,Saba Capital Income & Opportunities Fund II,SABA,NYSE,0000828803,SABA CAPITAL INCOME OPPORTUNITIES FUND II,1
1036262,INTEST CORP,INTT,NYSE,0001036262,INTEST,1
2076427,Galata Acquisition Corp. II,LATA,Nasdaq,0002076427,GALATA ACQUISITION II,1
1158289,NUVEEN REAL ESTATE INCOME FUND,JRS,NYSE,0001158289,NUVEEN REAL ESTATE INCOME FUND,1
2079292,Insight Digital Partners II,DYOR,Nasdaq,0002079292,INSIGHT DIGITAL PARTNERS II,1
1819580,Yatsen Holding Ltd,YSG,NYSE,0001819580,YATSEN,1
2105838,SUMA Acquisition Corp,SUMA,Nasdaq,0002105838,SUMA ACQUISITION,1
886206,FRANKLIN COVEY CO,FC,NYSE,0000886206,FRANKLIN COVEY,1
1069533,RGC RESOURCES INC,RGCO,Nasdaq,0001069533,RGC RESOURCES,1
1815776,"LENZ Therapeutics, Inc.",LENZ,Nasdaq,0001815776,LENZ THERAPEUTICS,1
1400897,NXG Cushing Midstream Energy Fund,SRV,NYSE,0001400897,NXG CUSHING MIDSTREAM ENERGY FUND,1
75252,ACCENDRA HEALTH INC/VA/,ACH,NYSE,0000075252,ACCENDRA HEALTH VA,1
1278211,LAZARD GLOBAL TOTAL RETURN & INCOME FUND INC,LGI,NYSE,0001278211,LAZARD GLOBAL TOTAL RETURN INCOME FUND,1
2081532,Bluerock Acquisition Corp.,BLRK,Nasdaq,0002081532,BLUEROCK ACQUISITION,1
1750149,"Inhibikase Therapeutics, Inc.",IKT,Nasdaq,0001750149,INHIBIKASE THERAPEUTICS,1
1119769,CERAGON NETWORKS LTD,CRNT,Nasdaq,0001119769,CERAGON NETWORKS,1
2087087,Black Spade Acquisition III Co,BIII,NYSE,0002087087,BLACK SPADE ACQUISITION III,1
1930459,Pampa Metals Corp,PMMCF,OTC,0001930459,PAMPA METALS,0
1640266,"Voyager Therapeutics, Inc.",VYGR,Nasdaq,0001640266,VOYAGER THERAPEUTICS,1
1000209,MEDALLION FINANCIAL CORP,MFIN,Nasdaq,0001000209,MEDALLION,1
2033593,Stellar V Capital Corp. (Cayman Islands),SVCC,Nasdaq,0002033593,STELLAR V CAPITAL CAYMAN ISLANDS,1
1289945,"Spok Holdings, Inc",SPOK,Nasdaq,0001289945,SPOK,1
1701758,Lovesac Co,LOVE,Nasdaq,0001701758,LOVESAC,1
1770501,Venu Holding Corp,VENU,NYSE,0001770501,VENU,1
2046117,Magnitude International Ltd,MAGH,Nasdaq,0002046117,MAGNITUDE INTERNATIONAL,1
1736730,Camp4 Therapeutics Corp,CAMP,Nasdaq,0001736730,CAMP4 THERAPEUTICS,1
1626450,"Commerce.com, Inc.",CMRC,Nasdaq,0001626450,COMMERCE COM,1
1572334,Virginia National Bankshares Corp,VABK,Nasdaq,0001572334,VIRGINIA BANKSHARES,1
1930147,"Sound Point Meridian Capital, Inc.",SPMC,NYSE,0001930147,SOUND POINT MERIDIAN CAPITAL,1
2099656,Helix Acquisition Corp. III,HLXC,Nasdaq,0002099656,HELIX ACQUISITION III,1
1015383,Outdoor Holding Co,POWW,Nasdaq,0001015383,OUTDOOR,1
801961,MFS MUNICIPAL INCOME TRUST,MFM,NYSE,0000801961,MFS MUNICIPAL INCOME,1
1200375,"CODEXIS, INC.",CDXS,Nasdaq,0001200375,CODEXIS,1
1074902,LCNB CORP,LCNB,Nasdaq,0001074902,LCNB,1
1744781,Niu Technologies,NIU,Nasdaq,0001744781,NIU TECHNOLOGIES,1
1814114,"Orchestra BioMed Holdings, Inc.",OBIO,Nasdaq,0001814114,ORCHESTRA BIOMED,1
1822462,Foghorn Therapeutics Inc.,FHTX,Nasdaq,0001822462,FOGHORN THERAPEUTICS,1
1022652,INSEEGO CORP.,INSG,Nasdaq,0001022652,INSEEGO,1
1852551,Nova Minerals Ltd,NVA,Nasdaq,0001852551,NOVA MINERALS,1
1843162,"Chicago Atlantic BDC, Inc.",LIEN,Nasdaq,0001843162,CHICAGO ATLANTIC BDC,1
796534,NATIONAL BANKSHARES INC,NKSH,Nasdaq,0000796534,BANKSHARES,1
2094073,Clearthink 1 Acquisition Corp.,CTAA,Nasdaq,0002094073,CLEARTHINK 1 ACQUISITION,1
1996493,Sucro Ltd,SUGRF,OTC,0001996493,SUCRO,0
1766140,"Unicycive Therapeutics, Inc.",UNCY,Nasdaq,0001766140,UNICYCIVE THERAPEUTICS,1
1843973,FLYEXCLUSIVE INC.,FLYX,NYSE,0001843973,FLYEXCLUSIVE,1
809559,TCW STRATEGIC INCOME FUND INC,TSI,NYSE,0000809559,TCW STRATEGIC INCOME FUND,1
2054272,1RT Acquisition Corp.,ONCH,Nasdaq,0002054272,1RT ACQUISITION,1
1432133,KALTURA INC,KLTR,Nasdaq,0001432133,KALTURA,1
718413,COMMUNITY BANCORP /VT,CMTV,Nasdaq,0000718413,COMMUNITY VT,1
2008007,MaxsMaking Inc.,MAMK,Nasdaq,0002008007,MAXSMAKING,1
1806201,Open Lending Corp,LPRO,Nasdaq,0001806201,OPEN LENDING,1
65312,"EVI INDUSTRIES, INC.",EVI,NYSE,0000065312,EVI INDUSTRIES,1
1876581,Imperial Petroleum Inc./Marshall Islands,IMPP,Nasdaq,0001876581,IMPERIAL PETROLEUM MARSHALL ISLANDS,1
1922097,Lanvin Group Holdings Ltd,LANV,NYSE,0001922097,LANVIN,1
37472,FLEXSTEEL INDUSTRIES INC,FLXS,Nasdaq,0000037472,FLEXSTEEL INDUSTRIES,1
750558,QNB CORP.,QNBC,OTC,0000750558,QNB,0
746838,UNISYS CORP,UIS,NYSE,0000746838,UNISYS,1
1438231,Digimarc CORP,DMRC,Nasdaq,0001438231,DIGIMARC,1
1826600,"Montauk Renewables, Inc.",MNTK,Nasdaq,0001826600,MONTAUK RENEWABLES,1
2070887,Crown Reserve Acquisition Corp. I,CRAC,Nasdaq,0002070887,CROWN RESERVE ACQUISITION I,1
1683825,trivago N.V.,TRVG,Nasdaq,0001683825,TRIVAGO V,1
1477081,Kolibri Global Energy Inc.,KGEI,Nasdaq,0001477081,KOLIBRI GLOBAL ENERGY,1
889609,"CONSUMER PORTFOLIO SERVICES, INC.",CPSS,Nasdaq,0000889609,CONSUMER PORTFOLIO,1
1095052,PLATINUM GROUP METALS LTD,PLG,NYSE,0001095052,PLATINUM METALS,1
1453687,"Cartesian Therapeutics, Inc.",RNAC,Nasdaq,0001453687,CARTESIAN THERAPEUTICS,1
897421,NUVEEN VIRGINIA QUALITY MUNICIPAL INCOME FUND,NPV,NYSE,0000897421,NUVEEN VIRGINIA QUALITY MUNICIPAL INCOME FUND,1
1677703,CONDUENT Inc,CNDT,Nasdaq,0001677703,CONDUENT,1
1533924,Amplify Energy Corp.,AMPY,NYSE,0001533924,AMPLIFY ENERGY,1
1837014,"SmartRent, Inc.",SMRT,NYSE,0001837014,SMARTRENT,1
6176,AMPCO PITTSBURGH CORP,AP,NYSE,0000006176,AMPCO PITTSBURGH,1
1441236,Clearwater Paper Corp,CLW,NYSE,0001441236,CLEARWATER PAPER,1
798287,PAMT CORP,PAMT,Nasdaq,0000798287,PAMT,1
1803800,Talisker Resources Ltd.,TSKFF,OTC,0001803800,TALISKER RESOURCES,0
1493761,Turtle Beach Corp,TBCH,Nasdaq,0001493761,TURTLE BEACH,1
1616156,"WEWARDS, INC.",WEWA,OTC,0001616156,WEWARDS,0
1102238,AMERICAN REALTY INVESTORS INC,ARL,NYSE,0001102238,AMERICAN REALTY INVESTORS,1
1725123,Cango Inc.,CANG,NYSE,0001725123,CANGO,1
33992,"KINGSTONE COMPANIES, INC.",KINS,Nasdaq,0000033992,KINGSTONE COMPANIES,1
894671,OHIO VALLEY BANC CORP,OVBC,Nasdaq,0000894671,OHIO VALLEY BANC,1
1074828,"USBC, Inc.",USBC,NYSE,0001074828,USBC,1
1160791,GOLD RESOURCE CORP,GORO,NYSE,0001160791,GOLD RESOURCE,1
2044635,Gesher Acquisition Corp. II,GSHR,Nasdaq,0002044635,GESHER ACQUISITION II,1
1619856,"Caribou Biosciences, Inc.",CRBU,Nasdaq,0001619856,CARIBOU BIOSCIENCES,1
2052547,EGH Acquisition Corp.,EGHA,Nasdaq,0002052547,EGH ACQUISITION,1
1093672,PEOPLES BANCORP OF NORTH CAROLINA INC,PEBK,Nasdaq,0001093672,PEOPLES OF NORTH CAROLINA,1
1847409,High Tide Inc.,HITI,Nasdaq,0001847409,HIGH TIDE,1
1059213,BEXIL INVESTMENT TRUST,BXSY,OTC,0001059213,BEXIL INVESTMENT,0
1768224,Arcturus Therapeutics Holdings Inc.,ARCT,Nasdaq,0001768224,ARCTURUS THERAPEUTICS,1
1593984,MediWound Ltd.,MDWD,Nasdaq,0001593984,MEDIWOUND,1
918251,MOTORCAR PARTS OF AMERICA INC,MPAA,Nasdaq,0000918251,MOTORCAR PARTS OF AMERICA,1
1778016,NovaBridge Biosciences,NBP,Nasdaq,0001778016,NOVABRIDGE BIOSCIENCES,1
64472,GENCOR INDUSTRIES INC,GENC,NYSE,0000064472,GENCOR INDUSTRIES,1
2041047,COLLECTIVE ACQUISITION CORP.,IPOD,Nasdaq,0002041047,COLLECTIVE ACQUISITION,1
948320,"LifeMD, Inc.",LFMD,Nasdaq,0000948320,LIFEMD,1
1859690,Arqit Quantum Inc.,ARQQ,Nasdaq,0001859690,ARQIT QUANTUM,1
1417802,"Voya Infrastructure, Industrials & Materials Fund",IDE,NYSE,0001417802,VOYA INFRASTRUCTURE INDUSTRIALS MATERIALS FUND,1
1007587,KVH INDUSTRIES INC DE,KVHI,Nasdaq,0001007587,KVH INDUSTRIES DE,1
2042460,Harvard Ave Acquisition Corp,HAVA,Nasdaq,0002042460,HARVARD AVE ACQUISITION,1
2101562,PALOMA ACQUISITION CORP I,PALO,Nasdaq,0002101562,PALOMA ACQUISITION I,1
1766478,"Angel Oak Mortgage REIT, Inc.",AOMR,NYSE,0001766478,ANGEL OAK MORTGAGE REIT,1
1664710,"Keros Therapeutics, Inc.",KROS,Nasdaq,0001664710,KEROS THERAPEUTICS,1
1759824,ALTA EQUIPMENT GROUP INC.,ALTG,NYSE,0001759824,ALTA EQUIPMENT,1
1086434,AUDIOCODES LTD,AUDC,Nasdaq,0001086434,AUDIOCODES,1
1999124,Healwell AI Inc.,HWAIF,OTC,0001999124,HEALWELL AI,0
1566610,TON Strategy Co,TONX,Nasdaq,0001566610,TON STRATEGY,1
807882,JACK IN THE BOX INC,JACK,Nasdaq,0000807882,JACK IN BOX,1
1563696,Eaton Vance Municipal Income 2028 Term Trust,ETX,NYSE,0001563696,EATON VANCE MUNICIPAL INCOME 2028 TERM,1
1099668,"FIRST OTTAWA BANCSHARES, INC.",FOTB,OTC,0001099668,FIRST OTTAWA BANCSHARES,0
1642380,Insight Molecular Diagnostics Inc.,IMDX,Nasdaq,0001642380,INSIGHT MOLECULAR DIAGNOSTICS,1
925528,HUDSON TECHNOLOGIES INC /NY,HDSN,Nasdaq,0000925528,HUDSON TECHNOLOGIES NY,1
1116463,ORASURE TECHNOLOGIES INC,OSUR,Nasdaq,0001116463,ORASURE TECHNOLOGIES,1
1377789,"AVIAT NETWORKS, INC.",AVNW,Nasdaq,0001377789,AVIAT NETWORKS,1
1818382,"Humacyte, Inc.",HUMA,Nasdaq,0001818382,HUMACYTE,1
2044255,Antalpha Platform Holding Co,ANTA,Nasdaq,0002044255,ANTALPHA PLATFORM,1
1141197,PEDEVCO CORP,PED,NYSE,0001141197,PEDEVCO,1
746514,NEW ENGLAND REALTY ASSOCIATES LIMITED PARTNERSHIP,NEN,NYSE,0000746514,NEW ENGLAND REALTY ASSOCIATES PARTNERSHIP,1
1991413,Pulsar Helium Inc.,PSRHF,OTC,0001991413,PULSAR HELIUM,0
1861657,"Canton Strategic Holdings, Inc.",CNTN,Nasdaq,0001861657,CANTON STRATEGIC,1
2093101,"Atrium Therapeutics, Inc.",RNA,Nasdaq,0002093101,ATRIUM THERAPEUTICS,1
1026655,CORE MOLDING TECHNOLOGIES INC,CMT,NYSE,0001026655,CORE MOLDING TECHNOLOGIES,1
916618,"MORGAN STANLEY INDIA INVESTMENT FUND, INC.",IIF,NYSE,0000916618,MORGAN STANLEY INDIA INVESTMENT FUND,1
1794783,"SelectQuote, Inc.",SLQT,NYSE,0001794783,SELECTQUOTE,1
1434316,FATE THERAPEUTICS INC,FATE,Nasdaq,0001434316,FATE THERAPEUTICS,1
1529628,"Smart Sand, Inc.",SND,Nasdaq,0001529628,SMART SAND,1
1595097,"Corbus Pharmaceuticals Holdings, Inc.",CRBP,Nasdaq,0001595097,CORBUS PHARMACEUTICALS,1
1750735,Meridian Corp,MRBK,Nasdaq,0001750735,MERIDIAN,1
1058811,IMMERSION CORP,IMMR,Nasdaq,0001058811,IMMERSION,1
1722010,OP Bancorp,OPBK,Nasdaq,0001722010,OP,1
1656081,Endava plc,DAVA,NYSE,0001656081,ENDAVA,1
1644540,Surge Copper Corp,SRGXF,OTC,0001644540,SURGE COPPER,0
1010134,ICTS INTERNATIONAL N V,ICTSF,OTC,0001010134,ICTS INTERNATIONAL V,0
1601485,"Elicio Therapeutics, Inc.",ELTX,Nasdaq,0001601485,ELICIO THERAPEUTICS,1
1982961,ENIGMATIG LTD,EGG,NYSE,0001982961,ENIGMATIG,1
1733968,West Red Lake Gold Mines Ltd.,WRLGF,OTC,0001733968,WEST RED LAKE GOLD MINES,0
1919182,Universal Token,UTKN,OTC,0001919182,UNIVERSAL TOKEN,0
1562463,First Internet Bancorp,INBK,Nasdaq,0001562463,FIRST INTERNET,1
706698,UTAH MEDICAL PRODUCTS INC,UTMD,Nasdaq,0000706698,UTAH MEDICAL PRODUCTS,1
1705110,Angi Inc.,ANGI,Nasdaq,0001705110,ANGI,1
880641,EAGLE FINANCIAL SERVICES INC,EFSI,Nasdaq,0000880641,EAGLE,1
1927958,"AIRO Group Holdings, Inc.",AIRO,Nasdaq,0001927958,AIRO,1
732026,TRIO-TECH INTERNATIONAL,TRT,NYSE,0000732026,TRIO TECH INTERNATIONAL,1
33533,ESPEY MFG & ELECTRONICS CORP,ESP,NYSE,0000033533,ESPEY MFG ELECTRONICS,1
833040,FRANKLIN UNIVERSAL TRUST,FT,NYSE,0000833040,FRANKLIN UNIVERSAL,1
2086524,K2 Capital Acquisition Corp,KTWO,Nasdaq,0002086524,K2 CAPITAL ACQUISITION,1
1565381,"BNY Mellon Municipal Bond Infrastructure Fund, Inc.",DMB,NYSE,0001565381,BNY MELLON MUNICIPAL BOND INFRASTRUCTURE FUND,1
1823255,MAYFAIR GOLD CORP.,MINE,NYSE,0001823255,MAYFAIR GOLD,1
1842952,Context Therapeutics Inc.,CNTX,Nasdaq,0001842952,CONTEXT THERAPEUTICS,1
1743340,Token Cat Ltd,TC,Nasdaq,0001743340,TOKEN CAT,1
1749723,New Fortress Energy Inc.,NFE,Nasdaq,0001749723,NEW FORTRESS ENERGY,1
2098707,BurTech Acquisition Corp II,BRKH,,0002098707,BURTECH ACQUISITION II,0
1367859,Citizens Community Bancorp Inc.,CZWI,Nasdaq,0001367859,CITIZENS COMMUNITY,1
1530766,Streamex Corp.,STEX,Nasdaq,0001530766,STREAMEX,1
2079933,TGE Value Creative Solutions Corp,BEBE,NYSE,0002079933,TGE VALUE CREATIVE SOLUTIONS,1
898437,"Anika Therapeutics, Inc.",ANIK,Nasdaq,0000898437,ANIKA THERAPEUTICS,1
2059033,FIGX Capital Acquisition Corp.,FIGX,Nasdaq,0002059033,FIGX CAPITAL ACQUISITION,1
1487610,Neuberger High Yield Strategies Fund Inc.,NHS,NYSE,0001487610,NEUBERGER HIGH YIELD STRATEGIES FUND,1
319655,SAN JUAN BASIN ROYALTY TRUST,SJT,NYSE,0000319655,SAN JUAN BASIN ROYALTY,1
1371489,Information Services Group Inc.,III,Nasdaq,0001371489,INFORMATION,1
2084563,Leapfrog Acquisition Corp,LFAC,Nasdaq,0002084563,LEAPFROG ACQUISITION,1
1407583,Bunker Hill Mining Corp.,BHLL,OTC,0001407583,BUNKER HILL MINING,0
1683541,AURORA CANNABIS INC,ACB,Nasdaq,0001683541,AURORA CANNABIS,1
1615063,"Inspired Entertainment, Inc.",INSE,Nasdaq,0001615063,INSPIRED ENTERTAINMENT,1
2013639,"FB Bancorp, Inc. /MD/",FBLA,Nasdaq,0002013639,FB MD,1
2073553,AI Infrastructure Acquisition Corp.,AIIA,NYSE,0002073553,AI INFRASTRUCTURE ACQUISITION,1
1537435,TECOGEN INC.,TGEN,NYSE,0001537435,TECOGEN,1
1786286,Draganfly Inc.,DPRO,Nasdaq,0001786286,DRAGANFLY,1
1690334,SEACOR Marine Holdings Inc.,SMHI,NYSE,0001690334,SEACOR MARINE,1
2012219,OMS Energy Technologies Inc.,OMSE,Nasdaq,0002012219,OMS ENERGY TECHNOLOGIES,1
895528,Invesco Pennsylvania Value Municipal Income Trust,VPV,NYSE,0000895528,INVESCO PENNSYLVANIA VALUE MUNICIPAL INCOME,1
1816431,Quantum-Si Inc,QSI,Nasdaq,0001816431,QUANTUM SI,1
1725569,Roxmore Resources Inc.,GARLF,OTC,0001725569,ROXMORE RESOURCES,0
58361,"LEE ENTERPRISES, Inc",LEE,Nasdaq,0000058361,LEE ENTERPRISES,1
714256,Sanara MedTech Inc.,SMTI,Nasdaq,0000714256,SANARA MEDTECH,1
1821534,"Exodus Movement, Inc.",EXOD,NYSE,0001821534,EXODUS MOVEMENT,1
1434728,"Global Water Resources, Inc.",GWRS,Nasdaq,0001434728,GLOBAL WATER RESOURCES,1
740664,R F INDUSTRIES LTD,RFIL,Nasdaq,0000740664,R F INDUSTRIES,1
1615165,"Veritone, Inc.",VERI,Nasdaq,0001615165,VERITONE,1
1641614,CPI Card Group Inc.,PMTS,Nasdaq,0001641614,CPI CARD,1
1807046,"Belpointe PREP, LLC",OZ,NYSE,0001807046,BELPOINTE PREP,1
1620459,"James River Group Holdings, Inc.",JRVR,Nasdaq,0001620459,JAMES RIVER,1
858706,NEW GERMANY FUND INC,GF,NYSE,0000858706,NEW GERMANY FUND,1
1678130,"RiverNorth/DoubleLine Strategic Opportunity Fund, Inc.",OPP,NYSE,0001678130,RIVERNORTH DOUBLELINE STRATEGIC OPPORTUNITY FUND,1
1254370,WESTERN ASSET INFLATION-LINKED INCOME FUND,WIA,NYSE,0001254370,WESTERN ASSET INFLATION LINKED INCOME FUND,1
1500435,"GoPro, Inc.",GPRO,Nasdaq,0001500435,GOPRO,1
1043337,STONERIDGE INC,SRI,NYSE,0001043337,STONERIDGE,1
1598599,Innate Pharma SA,IPHA,Nasdaq,0001598599,INNATE PHARMA SA,1
788920,PRO DEX INC,PDEX,Nasdaq,0000788920,PRO DEX,1
1578987,ArrowMark Financial Corp.,BANX,Nasdaq,0001578987,ARROWMARK,1
1799011,Lucid Diagnostics Inc.,LUCD,Nasdaq,0001799011,LUCID DIAGNOSTICS,1
1622148,HIGHLAND GLOBAL ALLOCATION FUND,HGLB,NYSE,0001622148,HIGHLAND GLOBAL ALLOCATION FUND,1
1787400,"Nkarta, Inc.",NKTX,Nasdaq,0001787400,NKARTA,1
1840199,Waldencast plc,WALD,Nasdaq,0001840199,WALDENCAST,1
1871638,"Blaize Holdings, Inc.",BZAI,Nasdaq,0001871638,BLAIZE,1
1845437,NET Power Inc.,NPWR,NYSE,0001845437,NET POWER,1
1850902,"Alpha Teknova, Inc.",TKNO,Nasdaq,0001850902,ALPHA TEKNOVA,1
1176309,ORAMED PHARMACEUTICALS INC.,ORMP,Nasdaq,0001176309,ORAMED PHARMACEUTICALS,1
1357874,PRECISION BIOSCIENCES INC,DTIL,Nasdaq,0001357874,PRECISION BIOSCIENCES,1
1726126,Epsilon Energy Ltd.,EPSN,Nasdaq,0001726126,EPSILON ENERGY,1
1891101,BRC Inc.,BRCC,NYSE,0001891101,BRC,1
1261166,NEUBERGER REAL ESTATE SECURITIES INCOME FUND INC,NRO,NYSE,0001261166,NEUBERGER REAL ESTATE SECURITIES INCOME FUND,1
1697818,Amber International Holding Ltd,AMBR,Nasdaq,0001697818,AMBER INTERNATIONAL,1
1872789,Embecta Corp.,EMBC,Nasdaq,0001872789,EMBECTA,1
1858848,"Tenaya Therapeutics, Inc.",TNYA,Nasdaq,0001858848,TENAYA THERAPEUTICS,1
1574085,Braemar Hotels & Resorts Inc.,BHR,NYSE,0001574085,BRAEMAR HOTELS RESORTS,1
1645873,"MODIV INDUSTRIAL, INC.",MDV,NYSE,0001645873,MODIV INDUSTRIAL,1
1893657,Rubber Leaf Inc,RLEA,OTC,0001893657,RUBBER LEAF,0
1792267,Burning Rock Biotech Ltd,BNR,Nasdaq,0001792267,BURNING ROCK BIOTECH,1
1452477,Seven Hills Realty Trust,SEVN,Nasdaq,0001452477,SEVEN HILLS REALTY,1
935419,"RCI HOSPITALITY HOLDINGS, INC.",RICK,Nasdaq,0000935419,RCI HOSPITALITY,1
1616885,Revival Gold Inc.,RVLGF,OTC,0001616885,REVIVAL GOLD,0
1941506,"ZJK Industrial Co., Ltd.",ZJK,Nasdaq,0001941506,ZJK INDUSTRIAL,1
1819516,Wheels Up Experience Inc.,UP,NYSE,0001819516,WHEELS UP EXPERIENCE,1
2047148,CTW Cayman,CTW,Nasdaq,0002047148,CTW CAYMAN,1
2087446,Proem Acquisition Corp. I,PAAC,Nasdaq,0002087446,PROEM ACQUISITION I,1
65770,"MICROVISION, INC.",MVIS,Nasdaq,0000065770,MICROVISION,1
1061353,CREDIT SUISSE HIGH YIELD CREDIT FUND,DHY,NYSE,0001061353,CREDIT SUISSE HIGH YIELD CREDIT FUND,1
1228509,WESTERN ASSET GLOBAL HIGH INCOME FUND INC.,EHI,NYSE,0001228509,WESTERN ASSET GLOBAL HIGH INCOME FUND,1
1725033,X Financial,XYF,NYSE,0001725033,X,1
1070296,FIRST CAPITAL INC,FCAP,Nasdaq,0001070296,FIRST CAPITAL,1
1687932,"J.Jill, Inc.",JILL,NYSE,0001687932,J JILL,1
1631761,Yiren Digital Ltd.,YRD,NYSE,0001631761,YIREN DIGITAL,1
1560672,Ellington Credit Co,EARN,NYSE,0001560672,ELLINGTON CREDIT,1
2082847,Blue Water Acquisition Corp. IV,BWIV,NYSE,0002082847,BLUE WATER ACQUISITION IV,1
891532,PERMA FIX ENVIRONMENTAL SERVICES INC,PESI,Nasdaq,0000891532,PERMA FIX ENVIRONMENTAL,1
1289340,"Stereotaxis, Inc.",STXS,NYSE,0001289340,STEREOTAXIS,1
831655,BARINGS PARTICIPATION INVESTORS,MPV,NYSE,0000831655,BARINGS PARTICIPATION INVESTORS,1
1887944,Shimmick Corp,SHIM,Nasdaq,0001887944,SHIMMICK,1
2076163,"ProCap Financial, Inc.",BRR,Nasdaq,0002076163,PROCAP,1
1408443,Milestone Pharmaceuticals Inc.,MIST,Nasdaq,0001408443,MILESTONE PHARMACEUTICALS,1
1856365,Finwise Bancorp,FINW,Nasdaq,0001856365,FINWISE,1
704440,"KORU Medical Systems, Inc.",KRMD,Nasdaq,0000704440,KORU MEDICAL SYSTEMS,1
1751783,"Rhinebeck Bancorp, Inc.",RBKB,Nasdaq,0001751783,RHINEBECK,1
104894,Elme Communities,ELME,NYSE,0000104894,ELME COMMUNITIES,1
2022059,"Silver Mountain Resources, Inc.",AGMRF,OTC,0002022059,SILVER MOUNTAIN RESOURCES,0
1858724,BingEx Ltd,FLX,Nasdaq,0001858724,BINGEX,1
1066194,EGAIN Corp,EGAN,Nasdaq,0001066194,EGAIN,1
95574,"SUPERIOR GROUP OF COMPANIES, INC.",SGC,Nasdaq,0000095574,SUPERIOR OF COMPANIES,1
1337298,FutureFuel Corp.,FF,NYSE,0001337298,FUTUREFUEL,1
1828937,Finance of America Companies Inc.,FOA,NYSE,0001828937,FINANCE OF AMERICA COMPANIES,1
1070680,CF BANKSHARES INC.,CFBK,Nasdaq,0001070680,CF BANKSHARES,1
50471,"ReposiTrak, Inc.",TRAK,NYSE,0000050471,REPOSITRAK,1
1337013,"InfuSystem Holdings, Inc",INFU,NYSE,0001337013,INFUSYSTEM,1
1245648,FLAHERTY & CRUMRINE TOTAL RETURN FUND INC,FLC,NYSE,0001245648,FLAHERTY CRUMRINE TOTAL RETURN FUND,1
1772921,OneWater Marine Inc.,ONEW,Nasdaq,0001772921,ONEWATER MARINE,1
1605301,"CB Financial Services, Inc.",CBFV,Nasdaq,0001605301,CB,1
1852767,"Marti Technologies, Inc.",MRT,NYSE,0001852767,MARTI TECHNOLOGIES,1
793040,ELLSWORTH GROWTH & INCOME FUND LTD,ECF,NYSE,0000793040,ELLSWORTH GROWTH INCOME FUND,1
1057861,BNY MELLON HIGH YIELD STRATEGIES FUND,DHF,NYSE,0001057861,BNY MELLON HIGH YIELD STRATEGIES FUND,1
2047177,Chenghe Acquisition III Co.,CHEC,Nasdaq,0002047177,CHENGHE ACQUISITION III,1
2006468,NUSATRIP Inc,NUTR,Nasdaq,0002006468,NUSATRIP,1
1723069,Tiziana Life Sciences Ltd,TLSA,Nasdaq,0001723069,TIZIANA LIFE SCIENCES,1
1867066,Journey Medical Corp,DERM,Nasdaq,0001867066,JOURNEY MEDICAL,1
1979408,STLLR Gold Inc.,STLRF,OTC,0001979408,STLLR GOLD,0
1596812,Enlivex Ltd.,ENLV,Nasdaq,0001596812,ENLIVEX,1
880417,"CSB Bancorp, Inc.",CSBB,OTC,0000880417,CSB,0
921671,GABELLI MULTIMEDIA TRUST INC.,GGT,NYSE,0000921671,GABELLI MULTIMEDIA,1
1503802,Karyopharm Therapeutics Inc.,KPTI,Nasdaq,0001503802,KARYOPHARM THERAPEUTICS,1
1294133,Inogen Inc,INGN,Nasdaq,0001294133,INOGEN,1
1140102,"HireQuest, Inc.",HQI,Nasdaq,0001140102,HIREQUEST,1
1659494,51Talk Online Education Group,COE,NYSE,0001659494,51TALK ONLINE EDUCATION,1
832480,UTG INC,UTGN,OTC,0000832480,UTG,0
1630627,"TREACE MEDICAL CONCEPTS, INC.",TMCI,Nasdaq,0001630627,TREACE MEDICAL CONCEPTS,1
1175596,AMARC RESOURCES LTD,AXREF,OTC,0001175596,AMARC RESOURCES,0
1290900,"Commercial Vehicle Group, Inc.",CVGI,Nasdaq,0001290900,COMMERCIAL VEHICLE,1
1455632,Mobico Group PLC/ADR,NXPGY,OTC,0001455632,MOBICO ADR,0
2007599,"Robot Consulting Co., Ltd.",LAWR,Nasdaq,0002007599,ROBOT CONSULTING,1
1478454,"Eagle Bancorp Montana, Inc.",EBMT,Nasdaq,0001478454,EAGLE MONTANA,1
1899830,Perfect Corp.,PERF,NYSE,0001899830,PERFECT,1
804563,BENCHMARK BANKSHARES INC,BMBN,OTC,0000804563,BENCHMARK BANKSHARES,0
768899,"TrueBlue, Inc.",TBI,NYSE,0000768899,TRUEBLUE,1
1131903,SPECTRAL CAPITAL Corp,FCCN,OTC,0001131903,SPECTRAL CAPITAL,0
1486298,Blackstone Senior Floating Rate 2027 Term Fund,BSL,NYSE,0001486298,BLACKSTONE SENIOR FLOATING RATE 2027 TERM FUND,1
1302387,"BV Financial, Inc.",BVFL,Nasdaq,0001302387,BV,1
719135,Apyx Medical Corp,APYX,Nasdaq,0000719135,APYX MEDICAL,1
1880438,"AN2 Therapeutics, Inc.",ANTX,Nasdaq,0001880438,AN2 THERAPEUTICS,1
2035644,Range Capital Acquisition Corp.,RANG,Nasdaq,0002035644,RANGE CAPITAL ACQUISITION,1
1952976,Net Lease Office Properties,NLOP,NYSE,0001952976,NET LEASE OFFICE PROPERTIES,1
1299969,"Comstock Holding Companies, Inc.",CHCI,Nasdaq,0001299969,COMSTOCK COMPANIES,1
5094,Invesco Bond Fund,VBF,NYSE,0000005094,INVESCO BOND FUND,1
1397616,SOUTHERN SILVER EXPLORATION CORP,SSVFF,OTC,0001397616,SOUTHERN SILVER EXPLORATION,0
1947244,U.S. GoldMining Inc.,USGO,Nasdaq,0001947244,U S GOLDMINING,1
2102072,Brookline Capital Acquisition Corp II,BCAC,,0002102072,BROOKLINE CAPITAL ACQUISITION II,0
2129284,American Eagle Gold Corp.,AMEGF,OTC,0002129284,AMERICAN EAGLE GOLD,0
1662684,"KULR Technology Group, Inc.",KULR,NYSE,0001662684,KULR TECHNOLOGY,1
874396,"LIFETIME BRANDS, INC",LCUT,Nasdaq,0000874396,LIFETIME BRANDS,1
1612940,ProQR Therapeutics N.V.,PRQR,Nasdaq,0001612940,PROQR THERAPEUTICS V,1
1501103,Virtus Stone Harbor Emerging Markets Income Fund,EDF,NYSE,0001501103,VIRTUS STONE HARBOR EMERGING MARKETS INCOME FUND,1
786298,FORESIGHT FINANCIAL GROUP INC,FGFH,OTC,0000786298,FORESIGHT,0
1006655,EVOLUTION PETROLEUM CORP,EPM,NYSE,0001006655,EVOLUTION PETROLEUM,1
36840,"FIRST REAL ESTATE INVESTMENT TRUST OF NEW JERSEY, INC.",FREVS,OTC,0000036840,FIRST REAL ESTATE INVESTMENT OF NEW JERSEY,0
96536,"TAYLOR DEVICES, INC.",TAYD,Nasdaq,0000096536,TAYLOR DEVICES,1
1228454,BCB BANCORP INC,BCBP,Nasdaq,0001228454,BCB,1
1141688,LANDMARK BANCORP INC,LARK,Nasdaq,0001141688,LANDMARK,1
1889112,Cartesian Growth Corp II,RENEF,OTC,0001889112,CARTESIAN GROWTH II,0
1005286,"LIFECORE BIOMEDICAL, INC. DE",LFCR,Nasdaq,0001005286,LIFECORE BIOMEDICAL DE,1
1576885,"Acumen Pharmaceuticals, Inc.",ABOS,Nasdaq,0001576885,ACUMEN PHARMACEUTICALS,1
1140411,PIMCO CALIFORNIA MUNICIPAL INCOME FUND,PCQ,NYSE,0001140411,PIMCO CALIFORNIA MUNICIPAL INCOME FUND,1
1873923,Orion Properties Inc.,ONL,NYSE,0001873923,ORION PROPERTIES,1
892992,NUVEEN ARIZONA QUALITY MUNICIPAL INCOME FUND,NAZ,NYSE,0000892992,NUVEEN ARIZONA QUALITY MUNICIPAL INCOME FUND,1
1826667,"TriSalus Life Sciences, Inc.",TLSI,Nasdaq,0001826667,TRISALUS LIFE SCIENCES,1
1971115,Ryde Group Ltd,RYDE,NYSE,0001971115,RYDE,1
1280776,"IMMUNIC, INC.",IMUX,Nasdaq,0001280776,IMMUNIC,1
72444,"Vaxart, Inc.",VXRT,OTC,0000072444,VAXART,0
700841,"RCM TECHNOLOGIES, INC.",RCMT,Nasdaq,0000700841,RCM TECHNOLOGIES,1
1879848,PHOENIX MOTOR INC.,PEVM,OTC,0001879848,PHOENIX MOTOR,0
2054876,NMP Acquisition Corp.,NMP,Nasdaq,0002054876,NMP ACQUISITION,1
847538,CHESAPEAKE FINANCIAL SHARES INC,CPKF,OTC,0000847538,CHESAPEAKE SHARES,0
909494,TUCOWS INC /PA/,TCX,Nasdaq,0000909494,TUCOWS PA,1
1843714,"Zapata Quantum, Inc.",ZPTA,OTC,0001843714,ZAPATA QUANTUM,0
924719,SMITH MIDLAND CORP,SMID,Nasdaq,0000924719,SMITH MIDLAND,1
738214,"AEMETIS, INC",AMTX,Nasdaq,0000738214,AEMETIS,1
1783432,Tectonic Metals Inc.,TETOF,OTC,0001783432,TECTONIC METALS,0
1777393,"ChargePoint Holdings, Inc.",CHPT,NYSE,0001777393,CHARGEPOINT,1
1855457,"KORE Group Holdings, Inc.",KORE,NYSE,0001855457,KORE,1
1597835,Cheetah Mobile Inc.,CMCM,NYSE,0001597835,CHEETAH MOBILE,1
1701108,"Spero Therapeutics, Inc.",SPRO,Nasdaq,0001701108,SPERO THERAPEUTICS,1
1828588,"Hanover Bancorp, Inc. /MD",HNVR,Nasdaq,0001828588,HANOVER MD,1
2023730,GigCapital7 Corp.,GIG,Nasdaq,0002023730,GIGCAPITAL7,1
1472326,Brazil Potash Corp.,GRO,NYSE,0001472326,BRAZIL POTASH,1
1932770,Here Group Ltd,HERE,Nasdaq,0001932770,HERE,1
1816708,"Owlet, Inc.",OWLT,NYSE,0001816708,OWLET,1
818033,"HERON THERAPEUTICS, INC. /DE/",HRTX,Nasdaq,0000818033,HERON THERAPEUTICS DE,1
1006281,"Protalix BioTherapeutics, Inc.",PLX,NYSE,0001006281,PROTALIX BIOTHERAPEUTICS,1
2075816,Emmis Acquisition Corp.,EMIS,Nasdaq,0002075816,EMMIS ACQUISITION,1
1794276,Intelligent Hotel Group Ltd.,ZHJD,OTC,0001794276,INTELLIGENT HOTEL,0
2085177,QuasarEdge Acquisition Corp,QRED,NYSE,0002085177,QUASAREDGE ACQUISITION,1
2043508,Lake Superior Acquisition Corp,LKSP,Nasdaq,0002043508,LAKE SUPERIOR ACQUISITION,1
818850,NUVEEN NEW YORK MUNICIPAL VALUE FUND,NNY,NYSE,0000818850,NUVEEN NEW YORK MUNICIPAL VALUE FUND,1
1505952,"DOMO, INC.",DOMO,Nasdaq,0001505952,DOMO,1
1941131,TORO CORP.,TORO,Nasdaq,0001941131,TORO,1
1235912,"CVRx, Inc.",CVRX,Nasdaq,0001235912,CVRX,1
1325702,MAGNACHIP SEMICONDUCTOR Corp,MX,NYSE,0001325702,MAGNACHIP SEMICONDUCTOR,1
1701541,"Black Diamond Therapeutics, Inc.",BDTX,Nasdaq,0001701541,BLACK DIAMOND THERAPEUTICS,1
1316463,Clough Global Equity Fund,GLQ,NYSE,0001316463,CLOUGH GLOBAL EQUITY FUND,1
1835654,Innoviz Technologies Ltd.,INVZ,Nasdaq,0001835654,INNOVIZ TECHNOLOGIES,1
883265,Invesco Trust for Investment Grade New York Municipals,VTN,NYSE,0000883265,INVESCO FOR INVESTMENT GRADE NEW YORK MUNICIPALS,1
1600641,"1stdibs.com, Inc.",DIBS,Nasdaq,0001600641,1STDIBS COM,1
1552198,"WhiteHorse Finance, Inc.",WHF,Nasdaq,0001552198,WHITEHORSE FINANCE,1
2079106,LaFayette Acquisition Corp.,LAFA,Nasdaq,0002079106,LAFAYETTE ACQUISITION,1
1693577,"MainStreet Bancshares, Inc.",MNSB,Nasdaq,0001693577,MAINSTREET BANCSHARES,1
2091484,GalaxyEdge Acquisition Corp,GLED,NYSE,0002091484,GALAXYEDGE ACQUISITION,1
2098,ACME UNITED CORP,ACU,NYSE,0000002098,ACME UNITED,1
1832871,BlackRock 2037 Municipal Target Term Trust,BMN,NYSE,0001832871,BLACKROCK 2037 MUNICIPAL TARGET TERM,1
2028735,Silver Pegasus Acquisition Corp.,SPEG,Nasdaq,0002028735,SILVER PEGASUS ACQUISITION,1
1819404,Nerdy Inc.,NRDY,NYSE,0001819404,NERDY,1
1041934,EDAP TMS SA,EDAP,Nasdaq,0001041934,EDAP TMS SA,1
2023153,HomesToLife Ltd,HTLM,Nasdaq,0002023153,HOMESTOLIFE,1
2081536,White Pearl Acquisition Corp.,WPAC,NYSE,0002081536,WHITE PEARL ACQUISITION,1
1393883,"DHI GROUP, INC.",DHX,NYSE,0001393883,DHI,1
1811931,Apollo Silver Corp,APGOF,OTC,0001811931,APOLLO SILVER,0
830487,WESTERN ASSET MUNICIPAL HIGH INCOME FUND INC.,MHF,NYSE,0000830487,WESTERN ASSET MUNICIPAL HIGH INCOME FUND,1
1958389,Hydreight Technologies Inc.,HYDTF,OTC,0001958389,HYDREIGHT TECHNOLOGIES,0
1481028,"SUNHYDROGEN, INC.",HYSR,OTC,0001481028,SUNHYDROGEN,0
1259429,Oxford Square Capital Corp.,OXSQ,Nasdaq,0001259429,OXFORD SQUARE CAPITAL,1
1803914,"Playboy, Inc.",PLBY,Nasdaq,0001803914,PLAYBOY,1
1679268,"MAMMOTH ENERGY SERVICES, INC.",TUSK,Nasdaq,0001679268,MAMMOTH ENERGY,1
1833769,"Hyperfine, Inc.",HYPR,Nasdaq,0001833769,HYPERFINE,1
1482436,SILVER X MINING CORP.,AGXPF,OTC,0001482436,SILVER X MINING,0
1914605,"ECB Bancorp, Inc. /MD/",ECBK,Nasdaq,0001914605,ECB MD,1
1954488,Jyong Biotech Ltd.,MENS,Nasdaq,0001954488,JYONG BIOTECH,1
830622,PUTNAM MASTER INTERMEDIATE INCOME TRUST,PIM,NYSE,0000830622,PUTNAM MASTER INTERMEDIATE INCOME,1
1320854,"FreightCar America, Inc.",RAIL,Nasdaq,0001320854,FREIGHTCAR AMERICA,1
2068577,"Black Rock Coffee Bar, Inc.",BRCB,Nasdaq,0002068577,BLACK ROCK COFFEE BAR,1
1836754,Legacy Education Inc.,LGCY,NYSE,0001836754,LEGACY EDUCATION,1
1556739,"Thryv Holdings, Inc.",THRY,Nasdaq,0001556739,THRYV,1
2063816,Indigo Acquisition Corp.,INAC,Nasdaq,0002063816,INDIGO ACQUISITION,1
1084765,"RESOURCES CONNECTION, INC.",RGP,Nasdaq,0001084765,RESOURCES CONNECTION,1
1808665,"Assertio Holdings, Inc.",ASRT,Nasdaq,0001808665,ASSERTIO,1
897802,"SPECIAL OPPORTUNITIES FUND, INC.",SPE,NYSE,0000897802,SPECIAL OPPORTUNITIES FUND,1
1449794,"Embassy Bancorp, Inc.",EMYB,OTC,0001449794,EMBASSY,0
1620737,ORGANIGRAM GLOBAL INC.,OGI,Nasdaq,0001620737,ORGANIGRAM GLOBAL,1
1075880,KAZIA THERAPEUTICS LTD,KZIA,Nasdaq,0001075880,KAZIA THERAPEUTICS,1
1720446,Zepp Health Corp,ZEPP,NYSE,0001720446,ZEPP HEALTH,1
1165002,WESTWOOD HOLDINGS GROUP INC,WHG,NYSE,0001165002,WESTWOOD,1
1413119,"Kraig Biocraft Laboratories, Inc.",KBLB,OTC,0001413119,KRAIG BIOCRAFT LABORATORIES,0
2089536,"Cantor Equity Partners VI, Inc.",CEPS,Nasdaq,0002089536,CANTOR EQUITY PARTNERS VI,1
1408534,"First Guaranty Bancshares, Inc.",FGBI,Nasdaq,0001408534,FIRST GUARANTY BANCSHARES,1
1776909,CuriosityStream Inc.,CURI,Nasdaq,0001776909,CURIOSITYSTREAM,1
1868640,Roadzen Inc.,RDZN,Nasdaq,0001868640,ROADZEN,1
2075336,AA Mission Acquisition Corp. II,YCY,NYSE,0002075336,AA MISSION ACQUISITION II,1
1098972,AGENUS INC,AGEN,Nasdaq,0001098972,AGENUS,1
1838987,SunPower Inc.,SPWR,Nasdaq,0001838987,SUNPOWER,1
1702123,Cardiol Therapeutics Inc.,CRDL,Nasdaq,0001702123,CARDIOL THERAPEUTICS,1
904112,MORGAN STANLEY EMERGING MARKETS DEBT FUND INC,MSD,NYSE,0000904112,MORGAN STANLEY EMERGING MARKETS DEBT FUND,1
1332943,Voya Global Advantage & Premium Opportunity Fund,IGA,NYSE,0001332943,VOYA GLOBAL ADVANTAGE PREMIUM OPPORTUNITY FUND,1
1498382,"TuHURA Biosciences, Inc./NV",HURA,Nasdaq,0001498382,TUHURA BIOSCIENCES NV,1
1703647,"Korro Bio, Inc.",KRRO,Nasdaq,0001703647,KORRO BIO,1
922358,FERRELLGAS PARTNERS L P,FGPR,OTC,0000922358,FERRELLGAS PARTNERS L P,0
39092,FRIEDMAN INDUSTRIES INC,FRD,Nasdaq,0000039092,FRIEDMAN INDUSTRIES,1
9521,BANCROFT FUND LTD,BCV,NYSE,0000009521,BANCROFT FUND,1
1838163,Brand Engagement Network Inc.,BNAI,Nasdaq,0001838163,BRAND ENGAGEMENT NETWORK,1
1404353,West Point Gold Corp.,WPGCF,OTC,0001404353,WEST POINT GOLD,0
1421642,Satellos Bioscience Inc.,MSLE,Nasdaq,0001421642,SATELLOS BIOSCIENCE,1
1066684,THEGLOBE COM INC,TGLO,OTC,0001066684,THEGLOBE COM,0
1583962,K2 Gold Corp,KTGDF,OTC,0001583962,K2 GOLD,0
891038,BLACKROCK MUNIYIELD PENNSYLVANIA QUALITY FUND,MPA,NYSE,0000891038,BLACKROCK MUNIYIELD PENNSYLVANIA QUALITY FUND,1
2085485,APEX Tech Acquisition Inc.,TRAD,NYSE,0002085485,APEX TECH ACQUISITION,1
1437479,ENB Financial Corp,ENBP,OTC,0001437479,ENB,0
1006837,INNOVATE Corp.,VATE,NYSE,0001006837,INNOVATE,1
868578,FLAHERTY & CRUMRINE PREFERRED & INCOME FUND INC,PFD,NYSE,0000868578,FLAHERTY CRUMRINE PREFERRED INCOME FUND,1
1683553,"SPRUCE BIOSCIENCES, INC.",SPRB,Nasdaq,0001683553,SPRUCE BIOSCIENCES,1
1598981,SKYX Platforms Corp.,SKYX,Nasdaq,0001598981,SKYX PLATFORMS,1
1384831,PPX Mining Corp.,SNNGF,OTC,0001384831,PPX MINING,0
1417663,"SANUWAVE Health, Inc.",SNWV,Nasdaq,0001417663,SANUWAVE HEALTH,1
1805526,DeFi Development Corp.,DFDV,Nasdaq,0001805526,DEFI DEVELOPMENT,1
2025774,Alps Group Inc,ALPS,Nasdaq,0002025774,ALPS,1
2097288,BHAV Acquisition Corp,BHAV,Nasdaq,0002097288,BHAV ACQUISITION,1
1878897,Douglas Elliman Inc.,DOUG,NYSE,0001878897,DOUGLAS ELLIMAN,1
1625414,Baozun Inc.,BZUN,Nasdaq,0001625414,BAOZUN,1
1287498,Eaton Vance Short Duration Diversified Income Fund,EVG,NYSE,0001287498,EATON VANCE SHORT DURATION DIVERSIFIED INCOME FUND,1
1477960,LataMed AI Corp.,LMED,OTC,0001477960,LATAMED AI,0
1829794,Empery Digital Inc.,EMPD,Nasdaq,0001829794,EMPERY DIGITAL,1
1782223,"Pyxis Oncology, Inc.",PYXS,Nasdaq,0001782223,PYXIS ONCOLOGY,1
2088103,XFLH Capital Corp,XFLH,NYSE,0002088103,XFLH CAPITAL,1
2005569,Empro Group Inc.,EMPG,Nasdaq,0002005569,EMPRO,1
34067,DMC Global Inc.,BOOM,Nasdaq,0000034067,DMC GLOBAL,1
1133416,GALECTIN THERAPEUTICS INC,GALT,Nasdaq,0001133416,GALECTIN THERAPEUTICS,1
1332551,ACRES Commercial Realty Corp.,ACR,NYSE,0001332551,ACRES COMMERCIAL REALTY,1
1745114,MOLECULAR PARTNERS AG,MOLN,Nasdaq,0001745114,MOLECULAR PARTNERS AG,1
1872061,Volt Lithium Corp.,VLTLF,OTC,0001872061,VOLT LITHIUM,0
1657642,"Skyline Bankshares, Inc.",SLBK,OTC,0001657642,SKYLINE BANKSHARES,0
862861,AI Financial Corp,AIFC,Nasdaq,0000862861,AI,1
1845123,"AleAnna, Inc.",ANNA,Nasdaq,0001845123,ALEANNA,1
1439725,BIODESIX INC,BDSX,Nasdaq,0001439725,BIODESIX,1
2098669,United Acquisition Corp. I,UAC,NYSE,0002098669,UNITED ACQUISITION I,1
1001500,LARAMIDE RESOURCES LTD,LMRXF,OTC,0001001500,LARAMIDE RESOURCES,0
2037400,"China Automotive Systems, Inc.",CAAS,Nasdaq,0002037400,CHINA AUTOMOTIVE SYSTEMS,1
919864,Finward Bancorp,FNWD,Nasdaq,0000919864,FINWARD,1
1641489,vTv Therapeutics Inc.,VTVT,Nasdaq,0001641489,VTV THERAPEUTICS,1
1337090,SPANISH MOUNTAIN GOLD LTD.,SPAUF,OTC,0001337090,SPANISH MOUNTAIN GOLD,0
1762303,"AVITA Medical, Inc.",RCEL,Nasdaq,0001762303,AVITA MEDICAL,1
1578453,Dynagas LNG Partners LP,DLNG,NYSE,0001578453,DYNAGAS LNG PARTNERS,1
1979414,"NEONC TECHNOLOGIES HOLDINGS, INC.",NTHI,Nasdaq,0001979414,NEONC TECHNOLOGIES,1
910329,MEDIFAST INC,MED,NYSE,0000910329,MEDIFAST,1
1077688,HOOKER FURNISHINGS Corp,HOFT,Nasdaq,0001077688,HOOKER FURNISHINGS,1
1504234,Blackstone Long-Short Credit Income Fund,BGX,NYSE,0001504234,BLACKSTONE LONG SHORT CREDIT INCOME FUND,1
810766,"CREDIT SUISSE ASSET MANAGEMENT INCOME FUND, INC.",CIK,NYSE,0000810766,CREDIT SUISSE ASSET MANAGEMENT INCOME FUND,1
1437925,Meridian Holdings Inc./NV,MRDN,Nasdaq,0001437925,MERIDIAN NV,1
1746466,"Equillium, Inc.",EQ,Nasdaq,0001746466,EQUILLIUM,1
2091712,RF Acquisition Corp III,RFAM,Nasdaq,0002091712,RF ACQUISITION III,1
1496749,John Hancock Diversified Income Fund,HEQ,NYSE,0001496749,JOHN HANCOCK DIVERSIFIED INCOME FUND,1
1767837,"Richmond Mutual Bancorporation, Inc.",RMBI,Nasdaq,0001767837,RICHMOND MUTUAL,1
1514860,Gunnison Copper Corp.,GCUMF,OTC,0001514860,GUNNISON COPPER,0
1823406,"Affinity Bancshares, Inc.",AFBI,Nasdaq,0001823406,AFFINITY BANCSHARES,1
1762417,DouYu International Holdings Ltd,DOYU,Nasdaq,0001762417,DOUYU INTERNATIONAL,1
1998768,"Proficient Auto Logistics, Inc",PAL,Nasdaq,0001998768,PROFICIENT AUTO LOGISTICS,1
1572616,"FRACTYL HEALTH, INC.",GUTS,Nasdaq,0001572616,FRACTYL HEALTH,1
1987363,Waton Financial Ltd,WTF,Nasdaq,0001987363,WATON,1
1835268,Connect Biopharma Holdings Ltd,CNTB,Nasdaq,0001835268,CONNECT BIOPHARMA,1
1497186,Western Asset High Yield Opportunity Fund Inc.,HYI,NYSE,0001497186,WESTERN ASSET HIGH YIELD OPPORTUNITY FUND,1
2083143,Social Commerce Partners Corp,SCPQ,Nasdaq,0002083143,SOCIAL COMMERCE PARTNERS,1
1859795,NOVONIX Ltd,NVX,Nasdaq,0001859795,NOVONIX,1
1628063,Seritage Growth Properties,SRG,NYSE,0001628063,SERITAGE GROWTH PROPERTIES,1
1655923,Alpha Cognition Inc.,ACOG,Nasdaq,0001655923,ALPHA COGNITION,1
1391437,Gabelli Healthcare & WellnessRx Trust,GRX,NYSE,0001391437,GABELLI HEALTHCARE WELLNESSRX,1
1856725,"Rani Therapeutics Holdings, Inc.",RANI,Nasdaq,0001856725,RANI THERAPEUTICS,1
1575793,Energous Corp,WATT,Nasdaq,0001575793,ENERGOUS,1
1951276,"SR Bancorp, Inc.",SRBK,Nasdaq,0001951276,SR,1
1857190,Nyxoah SA,NYXH,Nasdaq,0001857190,NYXOAH SA,1
860489,"CENTRAL & EASTERN EUROPE FUND, INC.",CEE,NYSE,0000860489,CENTRAL EASTERN EUROPE FUND,1
1984124,Luda Technology Group Ltd,LUD,NYSE,0001984124,LUDA TECHNOLOGY,1
2049717,JM Group Ltd,JMG,NYSE,0002049717,JM,1
767405,"SB FINANCIAL GROUP, INC.",SBFG,Nasdaq,0000767405,SB,1
2038439,"VisionWave Holdings, Inc.",VWAV,Nasdaq,0002038439,VISIONWAVE,1
1285650,CALAMOS GLOBAL TOTAL RETURN FUND,CGO,Nasdaq,0001285650,CALAMOS GLOBAL TOTAL RETURN FUND,1
1098146,PATRIOT NATIONAL BANCORP INC,PNBK,Nasdaq,0001098146,PATRIOT,1
1141240,LIQUIDMETAL TECHNOLOGIES INC,LQMT,OTC,0001141240,LIQUIDMETAL TECHNOLOGIES,0
6207,AMREP CORP.,AXR,NYSE,0000006207,AMREP,1
1851961,"GCT Semiconductor Holding, Inc.",GCTS,NYSE,0001851961,GCT SEMICONDUCTOR,1
1504545,BrandywineGLOBAL-Global Income Opportunities Fund Inc,BWG,NYSE,0001504545,BRANDYWINEGLOBAL GLOBAL INCOME OPPORTUNITIES FUND,1
1555980,Falco Resources Ltd.,FPRGF,OTC,0001555980,FALCO RESOURCES,0
1725262,"Tri-County Financial Group, Inc.",TYFG,OTC,0001725262,TRI COUNTY,0
1480170,BEO BANCORP,BEOB,OTC,0001480170,BEO,0
1328409,WHITE RIVER BANCSHARES CO,WRIV,OTC,0001328409,WHITE RIVER BANCSHARES,0
1231457,GENELUX Corp,GNLX,Nasdaq,0001231457,GENELUX,1
1792781,Torrid Holdings Inc.,CURV,NYSE,0001792781,TORRID,1
1946573,Nakamoto Inc.,NAKA,Nasdaq,0001946573,NAKAMOTO,1
1828377,Fortitude Gold Corp,FTCO,OTC,0001828377,FORTITUDE GOLD,0
1503274,Quanterix Corp,QTRX,Nasdaq,0001503274,QUANTERIX,1
759866,JOHN HANCOCK INCOME SECURITIES TRUST,JHS,NYSE,0000759866,JOHN HANCOCK INCOME SECURITIES,1
1334325,"Coda Octopus Group, Inc.",CODA,Nasdaq,0001334325,CODA OCTOPUS,1
1983736,Eva Live Inc,GOAI,Nasdaq,0001983736,EVA LIVE,1
1023313,"FORRESTER RESEARCH, INC.",FORR,Nasdaq,0001023313,FORRESTER RESEARCH,1
1438893,"GAMCO Natural Resources, Gold & Income Trust",GNT,NYSE,0001438893,GAMCO NATURAL RESOURCES GOLD INCOME,1
1621888,Complete Financial Solutions Inc.,CFSU,OTC,0001621888,COMPLETE SOLUTIONS,0
1637715,"OnKure Therapeutics, Inc.",OKUR,Nasdaq,0001637715,ONKURE THERAPEUTICS,1
1861841,Arbe Robotics Ltd.,ARBE,Nasdaq,0001861841,ARBE ROBOTICS,1
1468327,"Rent the Runway, Inc.",RENT,Nasdaq,0001468327,RENT RUNWAY,1
1496292,Voya Emerging Markets High Dividend Equity Fund,IHD,NYSE,0001496292,VOYA EMERGING MARKETS HIGH DIVIDEND EQUITY FUND,1
1478102,Western Asset Mortgage Opportunity Fund Inc.,DMO,NYSE,0001478102,WESTERN ASSET MORTGAGE OPPORTUNITY FUND,1
1870833,"RiverNorth Managed Duration Municipal Income Fund II, Inc.",RMMZ,NYSE,0001870833,RIVERNORTH MANAGED DURATION MUNICIPAL INCOME FUND II,1
897419,NUVEEN MASSACHUSETTS QUALITY MUNICIPAL INCOME FUND,NMT,NYSE,0000897419,NUVEEN MASSACHUSETTS QUALITY MUNICIPAL INCOME FUND,1
1979005,"Aimei Health Technology Co., Ltd.",AFJK,Nasdaq,0001979005,AIMEI HEALTH TECHNOLOGY,1
1610853,Solana Co,HSDT,Nasdaq,0001610853,SOLANA,1
1393584,American Well Corp,AMWL,NYSE,0001393584,AMERICAN WELL,1
2075320,"Polaryx Therapeutics, Inc.",PLYX,Nasdaq,0002075320,POLARYX THERAPEUTICS,1
1540684,Atlas Lithium Corp,ATLX,Nasdaq,0001540684,ATLAS LITHIUM,1
1790538,Scottie Resources Corp.,SCTSF,OTC,0001790538,SCOTTIE RESOURCES,0
1674335,"JELD-WEN Holding, Inc.",JELD,NYSE,0001674335,JELD WEN,1
95953,ASCENT INDUSTRIES CO.,ACNT,Nasdaq,0000095953,ASCENT INDUSTRIES,1
1576159,BuildDirect.com Technologies Inc.,BDCTF,OTC,0001576159,BUILDDIRECT COM TECHNOLOGIES,0
2019793,"XCF Global, Inc.",SAFX,Nasdaq,0002019793,XCF GLOBAL,1
1649096,Clipper Realty Inc.,CLPR,NYSE,0001649096,CLIPPER REALTY,1
2028355,Inflection Point Acquisition Corp. V,IPEX,Nasdaq,0002028355,INFLECTION POINT ACQUISITION V,1
883975,Microbot Medical Inc.,MBOT,Nasdaq,0000883975,MICROBOT MEDICAL,1
895574,abrdn National Municipal Income Fund,VFL,NYSE,0000895574,ABRDN MUNICIPAL INCOME FUND,1
1163792,WESTERN ASSET PREMIER BOND FUND,WEA,NYSE,0001163792,WESTERN ASSET PREMIER BOND FUND,1
779336,"ABRDN AUSTRALIA EQUITY FUND, INC.",IAF,NYSE,0000779336,ABRDN AUSTRALIA EQUITY FUND,1
1866757,"Brilliant Earth Group, Inc.",BRLT,Nasdaq,0001866757,BRILLIANT EARTH,1
1059142,Greystone Housing Impact Investors LP,GHI,NYSE,0001059142,GREYSTONE HOUSING IMPACT INVESTORS,1
2059653,"Lake Shore Bancorp, Inc. /MD/",LSBK,Nasdaq,0002059653,LAKE SHORE MD,1
1524025,"TILLY'S, INC.",TLYS,NYSE,0001524025,TILLY S,1
1305767,"Pioneer Floating Rate Fund, Inc.",PHD,,0001305767,PIONEER FLOATING RATE FUND,0
2093507,Greenland Energy Co,GLND,Nasdaq,0002093507,GREENLAND ENERGY,1
1606242,Virtuix Holdings Inc.,VTIX,Nasdaq,0001606242,VIRTUIX,1
1425355,SUI Group Holdings Ltd.,SUIG,Nasdaq,0001425355,SUI,1
1289868,XAI Madison Equity Premium Income Fund,MCN,NYSE,0001289868,XAI MADISON EQUITY PREMIUM INCOME FUND,1
740806,F&M BANK CORP,FMBM,OTC,0000740806,F M,0
2017526,Perceptive Capital Solutions Corp,PCSC,Nasdaq,0002017526,PERCEPTIVE CAPITAL SOLUTIONS,1
830271,NUVEEN MUNICIPAL INCOME FUND INC,NMI,NYSE,0000830271,NUVEEN MUNICIPAL INCOME FUND,1
709283,QUANTUM CORP /DE/,QMCO,Nasdaq,0000709283,QUANTUM DE,1
2020385,Tavia Acquisition Corp.,TAVI,Nasdaq,0002020385,TAVIA ACQUISITION,1
10329,BASSETT FURNITURE INDUSTRIES INC,BSET,Nasdaq,0000010329,BASSETT FURNITURE INDUSTRIES,1
1853889,Kingfisher Metals Corp.,KGFMF,OTC,0001853889,KINGFISHER METALS,0
799165,DAWSON GEOPHYSICAL CO,DWSN,Nasdaq,0000799165,DAWSON GEOPHYSICAL,1
1629210,Paramount Gold Nevada Corp.,PZG,NYSE,0001629210,PARAMOUNT GOLD NEVADA,1
1753368,Sangoma Technologies Corp,SANG,Nasdaq,0001753368,SANGOMA TECHNOLOGIES,1
2023016,Turn Therapeutics Inc.,TTRX,Nasdaq,0002023016,TURN THERAPEUTICS,1
1930021,New Horizon Aircraft Ltd.,HOVR,Nasdaq,0001930021,NEW HORIZON AIRCRAFT,1
31107,EASTERN CO,EML,Nasdaq,0000031107,EASTERN,1
1921582,Lahontan Gold Corp.,LGCXF,OTC,0001921582,LAHONTAN GOLD,0
1795251,Nano-X Imaging Ltd.,NNOX,Nasdaq,0001795251,NANO X IMAGING,1
1585855,Gabelli Global Small & Mid Cap Value Trust,GGZ,NYSE,0001585855,GABELLI GLOBAL SMALL MID CAP VALUE,1
1473490,"Global AI, Inc.",GLAI,OTC,0001473490,GLOBAL AI,0
2047455,Quartzsea Acquisition Corp,QSEA,Nasdaq,0002047455,QUARTZSEA ACQUISITION,1
1013880,"TTEC Holdings, Inc.",TTEC,Nasdaq,0001013880,TTEC,1
1429764,Blink Charging Co.,BLNK,Nasdaq,0001429764,BLINK CHARGING,1
355019,FONAR CORP,FONR,Nasdaq,0000355019,FONAR,1
882071,Flaherty & Crumrine PREFERRED & INCOME OPPORTUNITY FUND INC,PFO,NYSE,0000882071,FLAHERTY CRUMRINE PREFERRED INCOME OPPORTUNITY FUND,1
737875,FIRST KEYSTONE CORP,FKYS,OTC,0000737875,FIRST KEYSTONE,0
1936224,SURF AIR MOBILITY INC.,SRFM,NYSE,0001936224,SURF AIR MOBILITY,1
1784970,Next Technology Holding Inc.,NXTT,Nasdaq,0001784970,NEXT TECHNOLOGY,1
2024459,Charlton Aria Acquisition Corp,CHAR,Nasdaq,0002024459,CHARLTON ARIA ACQUISITION,1
2079720,"BUDA JUICE, INC.",BUDA,NYSE,0002079720,BUDA JUICE,1
1997403,"ZenaTech, Inc.",ZENA,Nasdaq,0001997403,ZENATECH,1
811211,UNIVERSITY BANCORP INC /DE/,UNIB,OTC,0000811211,UNIVERSITY DE,0
1612630,JOINT Corp,JYNT,Nasdaq,0001612630,JOINT,1
845606,MFS HIGH INCOME MUNICIPAL TRUST,CXE,NYSE,0000845606,MFS HIGH INCOME MUNICIPAL,1
918541,NN INC,NNBR,Nasdaq,0000918541,NN,1
1482541,CEA Industries Inc.,BNC,Nasdaq,0001482541,CEA INDUSTRIES,1
1282957,GABELLI GLOBAL UTILITY & INCOME TRUST,GLU,NYSE,0001282957,GABELLI GLOBAL UTILITY INCOME,1
1724755,GreenTree Hospitality Group Ltd.,GHG,NYSE,0001724755,GREENTREE HOSPITALITY,1
1835022,"Coya Therapeutics, Inc.",COYA,Nasdaq,0001835022,COYA THERAPEUTICS,1
1754068,"Kalaris Therapeutics, Inc.",KLRS,Nasdaq,0001754068,KALARIS THERAPEUTICS,1
1857853,"Traeger, Inc.",COOK,NYSE,0001857853,TRAEGER,1
2073153,"Hoyne Bancorp, Inc.",HYNE,Nasdaq,0002073153,HOYNE,1
1876766,Lichen International Ltd,LICN,Nasdaq,0001876766,LICHEN INTERNATIONAL,1
1526475,NICOLA MINING INC.,NICM,Nasdaq,0001526475,NICOLA MINING,1
2070900,Quantumsphere Acquisition Corp,QUMS,Nasdaq,0002070900,QUANTUMSPHERE ACQUISITION,1
2030829,PANTAGES CAPITAL ACQUISITION Corp,PGAC,Nasdaq,0002030829,PANTAGES CAPITAL ACQUISITION,1
1966233,NIP Group Inc.,NIPG,Nasdaq,0001966233,NIP,1
1509745,CYPHERPUNK TECHNOLOGIES INC.,CYPH,Nasdaq,0001509745,CYPHERPUNK TECHNOLOGIES,1
1937891,AMC Robotics Corp,AMCI,Nasdaq,0001937891,AMC ROBOTICS,1
1980845,enGene Therapeutics Inc.,ENGN,Nasdaq,0001980845,ENGENE THERAPEUTICS,1
1605888,ATLANTIC INTERNATIONAL CORP.,ATLN,Nasdaq,0001605888,ATLANTIC INTERNATIONAL,1
1865107,A.K.A. BRANDS HOLDING CORP.,AKA,NYSE,0001865107,K BRANDS,1
75398,Western Asset Investment Grade Income Fund Inc.,PAI,NYSE,0000075398,WESTERN ASSET INVESTMENT GRADE INCOME FUND,1
759828,JOHN HANCOCK INVESTORS TRUST,JHI,NYSE,0000759828,JOHN HANCOCK INVESTORS,1
1337068,"Magyar Bancorp, Inc.",MGYR,Nasdaq,0001337068,MAGYAR,1
1364954,"CHEGG, INC",CHGG,NYSE,0001364954,CHEGG,1
890119,NUVEEN SELECT MATURITIES MUNICIPAL FUND,NIM,NYSE,0000890119,NUVEEN SELECT MATURITIES MUNICIPAL FUND,1
1649744,DULUTH HOLDINGS INC.,DLTH,Nasdaq,0001649744,DULUTH,1
1213037,"Cardiff Oncology, Inc.",CRDF,Nasdaq,0001213037,CARDIFF ONCOLOGY,1
1925511,Rua Gold Inc.,NZAUF,OTC,0001925511,RUA GOLD,0
2047235,"Winchester Bancorp, Inc./MD/",WSBK,Nasdaq,0002047235,WINCHESTER MD,1
90168,SIFCO INDUSTRIES INC,SIF,NYSE,0000090168,SIFCO INDUSTRIES,1
1514597,FURY GOLD MINES LTD,FURY,NYSE,0001514597,FURY GOLD MINES,1
1515156,"Arq, Inc.",ARQ,Nasdaq,0001515156,ARQ,1
1354866,Byrna Technologies Inc.,BYRN,Nasdaq,0001354866,BYRNA TECHNOLOGIES,1
23197,COMTECH TELECOMMUNICATIONS CORP /DE/,CMTL,Nasdaq,0000023197,COMTECH TELECOMMUNICATIONS DE,1
1692427,"NCS Multistage Holdings, Inc.",NCSM,Nasdaq,0001692427,NCS MULTISTAGE,1
1627868,Newcore Gold Ltd.,NCAUF,OTC,0001627868,NEWCORE GOLD,0
1997201,PS International Group Ltd.,PSIG,Nasdaq,0001997201,PS INTERNATIONAL,1
1041368,RIVERVIEW BANCORP INC,RVSB,Nasdaq,0001041368,RIVERVIEW,1
1287098,"MAXCYTE, INC.",MXCT,Nasdaq,0001287098,MAXCYTE,1
1614806,Rithm Property Trust Inc.,RPT,NYSE,0001614806,RITHM PROPERTY,1
55529,KEWAUNEE SCIENTIFIC CORP /DE/,KEQU,Nasdaq,0000055529,KEWAUNEE SCIENTIFIC DE,1
1972234,"VenHub Global, Inc.",VHUB,Nasdaq,0001972234,VENHUB GLOBAL,1
1819258,Fitzroy Minerals Inc.,FTZFF,OTC,0001819258,FITZROY MINERALS,0
2027265,MASTERBEEF GROUP,MB,Nasdaq,0002027265,MASTERBEEF,1
2077709,Rank One Computing Corp,ROC,Nasdaq,0002077709,RANK ONE COMPUTING,1
1476840,"Expensify, Inc.",EXFY,Nasdaq,0001476840,EXPENSIFY,1
1836775,Tiny Ltd.,TNYZF,OTC,0001836775,TINY,0
1808997,"American Outdoor Brands, Inc.",AOUT,Nasdaq,0001808997,AMERICAN OUTDOOR BRANDS,1
1437213,"Coastal Carolina Bancshares, Inc.",CCNB,OTC,0001437213,COASTAL CAROLINA BANCSHARES,0
1856031,Vivid Seats Inc.,SEAT,Nasdaq,0001856031,VIVID SEATS,1
1748137,NeoVolta Inc.,NEOV,Nasdaq,0001748137,NEOVOLTA,1
1805521,FARADAY FUTURE INTELLIGENT ELECTRIC INC.,FFAI,Nasdaq,0001805521,FARADAY FUTURE INTELLIGENT ELECTRIC,1
1787414,Bogota Financial Corp.,BSBK,Nasdaq,0001787414,BOGOTA,1
1927719,Freightos Ltd,CRGO,Nasdaq,0001927719,FREIGHTOS,1
882300,WESTERN ASSET INTERMEDIATE MUNI FUND INC.,SBI,NYSE,0000882300,WESTERN ASSET INTERMEDIATE MUNI FUND,1
8146,"AstroNova, Inc.",ALOT,Nasdaq,0000008146,ASTRONOVA,1
1719406,"NRX Pharmaceuticals, Inc.",NRXP,Nasdaq,0001719406,NRX PHARMACEUTICALS,1
1997711,Logistic Properties of the Americas,LPA,NYSE,0001997711,LOGISTIC PROPERTIES OF AMERICAS,1
1499832,"Townsquare Media, Inc.",TSQ,NYSE,0001499832,TOWNSQUARE MEDIA,1
1680873,HF Foods Group Inc.,HFFG,Nasdaq,0001680873,HF FOODS,1
706863,UNION BANKSHARES INC,UNB,Nasdaq,0000706863,UNION BANKSHARES,1
1660334,Verrica Pharmaceuticals Inc.,VRCA,Nasdaq,0001660334,VERRICA PHARMACEUTICALS,1
1835597,PepGen Inc.,PEPG,Nasdaq,0001835597,PEPGEN,1
2012706,"Sunrise Realty Trust, Inc.",SUNS,Nasdaq,0002012706,SUNRISE REALTY,1
315374,HURCO COMPANIES INC,HURC,Nasdaq,0000315374,HURCO COMPANIES,1
1055726,"INOVIO PHARMACEUTICALS, INC.",INO,Nasdaq,0001055726,INOVIO PHARMACEUTICALS,1
1661998,Q32 Bio Inc.,QTTB,Nasdaq,0001661998,Q32 BIO,1
105319,"WW INTERNATIONAL, INC.",WW,Nasdaq,0000105319,WW INTERNATIONAL,1
1120370,"BROADWIND, INC.",BWEN,Nasdaq,0001120370,BROADWIND,1
2049560,American Tungsten Corp.,TUNGF,OTC,0002049560,AMERICAN TUNGSTEN,0
1010470,PROVIDENT FINANCIAL HOLDINGS INC,PROV,Nasdaq,0001010470,PROVIDENT,1
1906364,FG Merger II Corp.,FGMC,Nasdaq,0001906364,FG MERGER II,1
1865506,Zeo Energy Corp.,ZEO,Nasdaq,0001865506,ZEO ENERGY,1
877019,Galleon Gold Corp.,GGOXF,OTC,0000877019,GALLEON GOLD,0
810943,HIGH INCOME SECURITIES FUND,PCF,NYSE,0000810943,HIGH INCOME SECURITIES FUND,1
1620463,"LeonaBio, Inc.",LONA,Nasdaq,0001620463,LEONABIO,1
1884516,Drilling Tools International Corp,DTI,Nasdaq,0001884516,DRILLING TOOLS INTERNATIONAL,1
1697851,"Rekor Systems, Inc.",REKR,Nasdaq,0001697851,REKOR SYSTEMS,1
1705843,"Cibus, Inc.",CBUS,Nasdaq,0001705843,CIBUS,1
1416090,BLUSKY AI INC.,BSAI,OTC,0001416090,BLUSKY AI,0
1738699,Wisekey International Holding S.A.,WKEY,Nasdaq,0001738699,WISEKEY INTERNATIONAL S,1
1000230,OPTICAL CABLE CORP,OCC,Nasdaq,0001000230,OPTICAL CABLE,1
913277,Clarus Corp,CLAR,Nasdaq,0000913277,CLARUS,1
1275101,BANK OF THE JAMES FINANCIAL GROUP INC,BOTJ,Nasdaq,0001275101,OF JAMES,1
887396,EMPIRE PETROLEUM CORP,EP,NYSE,0000887396,EMPIRE PETROLEUM,1
1176334,MARTIN MIDSTREAM PARTNERS L.P.,MMLP,Nasdaq,0001176334,MARTIN MIDSTREAM PARTNERS L P,1
1279014,ALLSPRING UTILITIES & HIGH INCOME FUND,ERH,NYSE,0001279014,ALLSPRING UTILITIES HIGH INCOME FUND,1
1884046,Spark I Acquisition Corp,SPKL,Nasdaq,0001884046,SPARK I ACQUISITION,1
1288770,XTRA-GOLD RESOURCES CORP,XTGRF,OTC,0001288770,XTRA GOLD RESOURCES,0
2024460,ChampionsGate Acquisition Corp,CHPG,Nasdaq,0002024460,CHAMPIONSGATE ACQUISITION,1
2046656,Happy City Holdings Ltd,HCHL,Nasdaq,0002046656,HAPPY CITY,1
1340476,DIRTT ENVIRONMENTAL SOLUTIONS LTD,DRTTF,OTC,0001340476,DIRTT ENVIRONMENTAL SOLUTIONS,0
1400438,Largo Inc.,LGO,Nasdaq,0001400438,LARGO,1
1390352,OROCO RESOURCE CORP,ORRCF,OTC,0001390352,OROCO RESOURCE,0
1455365,COGNITION THERAPEUTICS INC,CGTX,Nasdaq,0001455365,COGNITION THERAPEUTICS,1
1133311,TRAVELZOO,TZOO,Nasdaq,0001133311,TRAVELZOO,1
1775194,"UPEXI, INC.",UPXI,Nasdaq,0001775194,UPEXI,1
1834032,Constellation Acquisition Corp I,CSTAF,OTC,0001834032,CONSTELLATION ACQUISITION I,0
1034760,WIDEPOINT CORP,WYY,NYSE,0001034760,WIDEPOINT,1
795800,NexMetals Mining Corp.,NEXM,Nasdaq,0000795800,NEXMETALS MINING,1
1839140,Revium Rx.,RVRC,OTC,0001839140,REVIUM RX,0
1341235,"Aldeyra Therapeutics, Inc.",ALDX,Nasdaq,0001341235,ALDEYRA THERAPEUTICS,1
1472215,Nuveen Mortgage & Income Fund/MA/,JLS,NYSE,0001472215,NUVEEN MORTGAGE INCOME FUND MA,1
1506929,"VERDE RESOURCES, INC.",VRDR,OTC,0001506929,VERDE RESOURCES,0
1953366,Star Holdings,STHO,Nasdaq,0001953366,STAR,1
1163389,NEW PEOPLES BANKSHARES INC,NWPP,OTC,0001163389,NEW PEOPLES BANKSHARES,0
1339688,LION COPPER & GOLD CORP.,LCGMF,OTC,0001339688,LION COPPER GOLD,0
1993431,Micropolis AI Robotics,MCRP,NYSE,0001993431,MICROPOLIS AI ROBOTICS,1
1940177,"PodcastOne, Inc.",PODC,Nasdaq,0001940177,PODCASTONE,1
875657,ULTRALIFE CORP,ULBI,Nasdaq,0000875657,ULTRALIFE,1
1266806,"Vivani Medical, Inc.",VANI,Nasdaq,0001266806,VIVANI MEDICAL,1
1318025,PIMCO Global StocksPLUS & Income Fund,PGP,NYSE,0001318025,PIMCO GLOBAL STOCKSPLUS INCOME FUND,1
2027815,Bluemount Holdings Ltd,BMHL,Nasdaq,0002027815,BLUEMOUNT,1
1541119,"Sound Financial Bancorp, Inc.",SFBC,Nasdaq,0001541119,SOUND,1
1716951,"OFS Credit Company, Inc.",OCCI,Nasdaq,0001716951,OFS CREDIT,1
1684144,Zomedica Corp.,ZOMDF,OTC,0001684144,ZOMEDICA,0
1496690,"BlueOne Technologies, Inc.",BCRD,OTC,0001496690,BLUEONE TECHNOLOGIES,0
1482554,"Hartford Creative Group, Inc.",HFUS,OTC,0001482554,HARTFORD CREATIVE,0
1285170,INTERMAP TECHNOLOGIES CORP,ITMSF,OTC,0001285170,INTERMAP TECHNOLOGIES,0
1956648,CO2 Energy Transition Corp.,NOEM,Nasdaq,0001956648,CO2 ENERGY TRANSITION,1
1965052,Marblegate Capital Corp,MGTE,OTC,0001965052,MARBLEGATE CAPITAL,0
1774857,"Aardvark Therapeutics, Inc.",AARD,Nasdaq,0001774857,AARDVARK THERAPEUTICS,1
1836503,GIANT MINING CORP.,BFGFF,,0001836503,GIANT MINING,0
1580110,Copper Giant Resources Corp.,LBCMF,OTC,0001580110,COPPER GIANT RESOURCES,0
1129928,ONCOLYTICS BIOTECH INC,ONCY,Nasdaq,0001129928,ONCOLYTICS BIOTECH,1
1374328,"FITLIFE BRANDS, INC.",FTLF,Nasdaq,0001374328,FITLIFE BRANDS,1
1843724,"LanzaTech Global, Inc.",LNZA,Nasdaq,0001843724,LANZATECH GLOBAL,1
770460,PEOPLES FINANCIAL CORP /MS/,PFBX,OTC,0000770460,PEOPLES MS,0
1801661,Skillz Inc.,SKLZ,NYSE,0001801661,SKILLZ,1
1158172,"COMSCORE, INC.",SCOR,Nasdaq,0001158172,COMSCORE,1
1448431,OptimizeRx Corp,OPRX,Nasdaq,0001448431,OPTIMIZERX,1
1948455,Ispire Technology Inc.,ISPR,Nasdaq,0001948455,ISPIRE TECHNOLOGY,1
1769731,AMTD IDEA GROUP,AMTD,NYSE,0001769731,AMTD IDEA,1
1933567,"Neuraxis, INC",NRXS,NYSE,0001933567,NEURAXIS,1
1941536,"Bridger Aerospace Group Holdings, Inc.",BAER,Nasdaq,0001941536,BRIDGER AEROSPACE,1
1746967,"RiverNorth Opportunistic Municipal Income Fund, Inc.",RMI,NYSE,0001746967,RIVERNORTH OPPORTUNISTIC MUNICIPAL INCOME FUND,1
942895,REDWOOD FINANCIAL INC /MN/,REDW,OTC,0000942895,REDWOOD MN,0
1001115,GEOSPACE TECHNOLOGIES CORP,GEOS,Nasdaq,0001001115,GEOSPACE TECHNOLOGIES,1
2070577,Option Therapeutics Inc.,OPTN,,0002070577,OPTION THERAPEUTICS,0
1756390,"Ascend Wellness Holdings, Inc.",AAWH,OTC,0001756390,ASCEND WELLNESS,0
891482,FULL HOUSE RESORTS INC,FLL,Nasdaq,0000891482,FULL HOUSE RESORTS,1
1604868,GrowGeneration Corp.,GRWG,Nasdaq,0001604868,GROWGENERATION,1
1001171,BROADWAY FINANCIAL CORP DE,BYFC,Nasdaq,0001001171,BROADWAY DE,1
1840439,"Biomea Fusion, Inc.",BMEA,Nasdaq,0001840439,BIOMEA FUSION,1
1577783,Sirios Resources Inc.,SIREF,OTC,0001577783,SIRIOS RESOURCES,0
1462586,Western Asset Investment Grade Opportunity Trust Inc.,IGI,NYSE,0001462586,WESTERN ASSET INVESTMENT GRADE OPPORTUNITY,1
1734520,Alithya Group inc,ALYAF,OTC,0001734520,ALITHYA,0
1854139,Zevia PBC,ZVIA,NYSE,0001854139,ZEVIA PBC,1
1372807,BCP Investment Corp,BCIC,Nasdaq,0001372807,BCP INVESTMENT,1
751365,VIRCO MFG CORPORATION,VIRC,Nasdaq,0000751365,VIRCO MFG,1
2070954,SMJ International Holdings Inc.,SMJF,NYSE,0002070954,SMJ INTERNATIONAL,1
1380106,"RAPID MICRO BIOSYSTEMS, INC.",RPID,Nasdaq,0001380106,RAPID MICRO BIOSYSTEMS,1
1726445,"Seer, Inc.",SEER,Nasdaq,0001726445,SEER,1
1023109,CANALASKA URANIUM LTD,CVVUF,OTC,0001023109,CANALASKA URANIUM,0
798081,LAKELAND INDUSTRIES INC,LAKE,Nasdaq,0000798081,LAKELAND INDUSTRIES,1
715446,Anixa Biosciences Inc,ANIX,Nasdaq,0000715446,ANIXA BIOSCIENCES,1
2009312,Aureus Greenway Holdings Inc,AGH,Nasdaq,0002009312,AUREUS GREENWAY,1
1723464,BIOHARVEST SCIENCES INC.,BHST,Nasdaq,0001723464,BIOHARVEST SCIENCES,1
356037,CSP INC /MA/,CSPI,Nasdaq,0000356037,CSP MA,1
811922,MFS GOVERNMENT MARKETS INCOME TRUST,MGF,NYSE,0000811922,MFS GOVERNMENT MARKETS INCOME,1
1514490,"ROYCE GLOBAL TRUST, INC.",RGT,NYSE,0001514490,ROYCE GLOBAL,1
16859,Scully Royalty Ltd.,SRL,NYSE,0000016859,SCULLY ROYALTY,1
1982518,Smith Douglas Homes Corp.,SDHC,NYSE,0001982518,SMITH DOUGLAS HOMES,1
1374339,ProMIS Neurosciences Inc.,PMN,Nasdaq,0001374339,PROMIS NEUROSCIENCES,1
1919246,Pelthos Therapeutics Inc.,PTHS,NYSE,0001919246,PELTHOS THERAPEUTICS,1
1684505,Xtract One Technologies Inc.,XTRAF,OTC,0001684505,XTRACT ONE TECHNOLOGIES,0
731653,UNITED BANCORP INC /OH/,UBCP,Nasdaq,0000731653,UNITED OH,1
1495320,"Vera Bradley, Inc.",VRA,Nasdaq,0001495320,VERA BRADLEY,1
1378701,GDL FUND,GDL,NYSE,0001378701,GDL FUND,1
1755058,ATIF Holdings Ltd,ZBAI,Nasdaq,0001755058,ATIF,1
2031688,Rich Sparkle Holdings Ltd,ANPA,Nasdaq,0002031688,RICH SPARKLE,1
2049248,Lakeshore Acquisition III Corp.,LCCC,Nasdaq,0002049248,LAKESHORE ACQUISITION III,1
1549966,Silvercrest Asset Management Group Inc.,SAMG,Nasdaq,0001549966,SILVERCREST ASSET MANAGEMENT,1
1454938,Teads Holding Co.,TEAD,Nasdaq,0001454938,TEADS,1
1436229,BTCS Inc.,BTCS,Nasdaq,0001436229,BTCS,1
799850,AMERICAS CARMART INC,CRMT,Nasdaq,0000799850,AMERICAS CARMART,1
1036044,"Identiv, Inc.",INVE,Nasdaq,0001036044,IDENTIV,1
2012807,RF Acquisition Corp II,RFAI,Nasdaq,0002012807,RF ACQUISITION II,1
1437283,"REGO PAYMENT ARCHITECTURES, INC.",RPMT,OTC,0001437283,REGO PAYMENT ARCHITECTURES,0
2011208,Safe Pro Group Inc.,SPAI,Nasdaq,0002011208,SAFE PRO,1
845611,GABELLI CONVERTIBLE & INCOME SECURITIES FUND INC,GCV,NYSE,0000845611,GABELLI CONVERTIBLE INCOME SECURITIES FUND,1
1765850,Aurelion Inc.,AURE,Nasdaq,0001765850,AURELION,1
832370,"Ealixir, Inc.",EAXR,OTC,0000832370,EALIXIR,0
1801417,byNordic Acquisition Corp,BYNO,OTC,0001801417,BYNORDIC ACQUISITION,0
1909747,Jushi Holdings Inc.,JUSHF,OTC,0001909747,JUSHI,0
1070732,Eaton Vance Senior Income Trust,EVF,NYSE,0001070732,EATON VANCE SENIOR INCOME,1
1571776,Cherry Hill Mortgage Investment Corp,CHMI,NYSE,0001571776,CHERRY HILL MORTGAGE INVESTMENT,1
1582982,"CareCloud, Inc.",CCLD,Nasdaq,0001582982,CARECLOUD,1
1737319,C3 Metals Inc.,CUAUF,OTC,0001737319,C3 METALS,0
1790177,"RiverNorth Flexible Municipal Income Fund, Inc.",RFM,NYSE,0001790177,RIVERNORTH FLEXIBLE MUNICIPAL INCOME FUND,1
717806,"FIRST US BANCSHARES, INC.",FUSB,Nasdaq,0000717806,FIRST US BANCSHARES,1
1227636,"Neuronetics, Inc.",STIM,Nasdaq,0001227636,NEURONETICS,1
2077033,Miluna Acquisition Corp,MMTX,Nasdaq,0002077033,MILUNA ACQUISITION,1
2044523,Origin Investment Corp I,ORIQ,Nasdaq,0002044523,ORIGIN INVESTMENT I,1
1445942,Texas Mineral Resources Corp.,TMRC,OTC,0001445942,TEXAS MINERAL RESOURCES,0
72205,NOBILITY HOMES INC,NOBH,OTC,0000072205,NOBILITY HOMES,0
1385632,Voya Asia Pacific High Dividend Equity Income Fund,IAE,NYSE,0001385632,VOYA ASIA PACIFIC HIGH DIVIDEND EQUITY INCOME FUND,1
809844,MFS HIGH YIELD MUNICIPAL TRUST,CMU,NYSE,0000809844,MFS HIGH YIELD MUNICIPAL,1
1274737,EXAGEN INC.,XGN,Nasdaq,0001274737,EXAGEN,1
1636422,"Health Catalyst, Inc.",HCAT,Nasdaq,0001636422,HEALTH CATALYST,1
868822,Canagold Resources Ltd.,CRCUF,OTC,0000868822,CANAGOLD RESOURCES,0
1839154,Nevada King Gold Corp.,NKGFF,,0001839154,NEVADA KING GOLD,0
84112,"GEORGE RISK INDUSTRIES, INC.",RSKIA,OTC,0000084112,GEORGE RISK INDUSTRIES,0
1467093,Scorpio Gold Corp,SRCRF,OTC,0001467093,SCORPIO GOLD,0
1463000,Grown Rogue International Inc.,GRUSF,OTC,0001463000,GROWN ROGUE INTERNATIONAL,0
1199004,Federated Hermes Premier Municipal Income Fund,FMN,NYSE,0001199004,FEDERATED HERMES PREMIER MUNICIPAL INCOME FUND,1
771856,"CHAMPIONS ONCOLOGY, INC.",CSBR,Nasdaq,0000771856,CHAMPIONS ONCOLOGY,1
1362190,AUDIOEYE INC,AEYE,Nasdaq,0001362190,AUDIOEYE,1
1272842,AIRGAIN INC,AIRG,Nasdaq,0001272842,AIRGAIN,1
1971532,"Telomir Pharmaceuticals, Inc.",TELO,Nasdaq,0001971532,TELOMIR PHARMACEUTICALS,1
1556727,First Northwest Bancorp,FNWB,Nasdaq,0001556727,FIRST NORTHWEST,1
1296774,The9 LTD,NCTY,Nasdaq,0001296774,THE9,1
1675033,Great Elm Capital Corp.,GECC,Nasdaq,0001675033,GREAT ELM CAPITAL,1
1351636,"SOUNDTHINKING, INC.",SSTI,Nasdaq,0001351636,SOUNDTHINKING,1
54187,MAYS J W INC,MAYS,Nasdaq,0000054187,MAYS J W,1
1818644,"AEye, Inc.",LIDR,Nasdaq,0001818644,AEYE,1
1786471,Aptera Motors Corp,SEV,Nasdaq,0001786471,APTERA MOTORS,1
883107,"SOLESENCE, INC.",SLSN,Nasdaq,0000883107,SOLESENCE,1
1861795,Definitive Healthcare Corp.,DH,Nasdaq,0001861795,DEFINITIVE HEALTHCARE,1
1796949,"GenFlat Holdings, Inc.",GFLT,OTC,0001796949,GENFLAT,0
1611842,PolyPid Ltd.,PYPD,Nasdaq,0001611842,POLYPID,1
1851484,"CITIUS ONCOLOGY, INC.",CTOR,Nasdaq,0001851484,CITIUS ONCOLOGY,1
1437226,"Mastech Digital, Inc.",MHH,NYSE,0001437226,MASTECH DIGITAL,1
2026767,Calisa Acquisition Corp,ALIS,Nasdaq,0002026767,CALISA ACQUISITION,1
2112446,JATT II Acquisition Corp.,JATT,Nasdaq,0002112446,JATT II ACQUISITION,1
1609065,"Pathfinder Bancorp, Inc.",PBHC,Nasdaq,0001609065,PATHFINDER,1
1814423,iHuman Inc.,IH,NYSE,0001814423,IHUMAN,1
1822791,Clene Inc.,CLNN,Nasdaq,0001822791,CLENE,1
2031009,Skyline Builders Group Holding Ltd,SKBL,Nasdaq,0002031009,SKYLINE BUILDERS,1
1839799,Gambling.com Group Ltd,GAMB,Nasdaq,0001839799,GAMBLING COM,1
71557,"Nuvera Communications, Inc.",NUVR,OTC,0000071557,NUVERA COMMUNICATIONS,0
1006830,CONSUMERS BANCORP INC /OH/,CBKM,OTC,0001006830,CONSUMERS OH,0
1040896,"Intellicheck, Inc.",IDN,Nasdaq,0001040896,INTELLICHECK,1
750574,"AUBURN NATIONAL BANCORPORATION, INC",AUBN,Nasdaq,0000750574,AUBURN,1
1460329,"Fluent, Inc.",FLNT,Nasdaq,0001460329,FLUENT,1
2020987,YHN Acquisition I Ltd,YHNA,Nasdaq,0002020987,YHN ACQUISITION I,1
898171,UWHARRIE CAPITAL CORP,UWHR,OTC,0000898171,UWHARRIE CAPITAL,0
1162896,Prairie Operating Co.,PROP,Nasdaq,0001162896,PRAIRIE OPERATING,1
1519469,ANFIELD ENERGY INC.,AEC,Nasdaq,0001519469,ANFIELD ENERGY,1
1818093,SkinHealth Systems Inc.,SKIN,Nasdaq,0001818093,SKINHEALTH SYSTEMS,1
1528811,Virtus Global Multi-Sector Income Fund,VGI,NYSE,0001528811,VIRTUS GLOBAL MULTI SECTOR INCOME FUND,1
2051380,GrabAGun Digital Holdings Inc.,PEW,NYSE,0002051380,GRABAGUN DIGITAL,1
917225,SOLITARIO RESOURCES CORP.,XPL,NYSE,0000917225,SOLITARIO RESOURCES,1
1845550,Plum Acquisition Corp. III,PLMJF,OTC,0001845550,PLUM ACQUISITION III,0
814676,CPS TECHNOLOGIES CORP/DE/,CPSH,Nasdaq,0000814676,CPS TECHNOLOGIES DE,1
1842566,"Airship AI Holdings, Inc.",AISP,Nasdaq,0001842566,AIRSHIP AI,1
1702924,"WRAP TECHNOLOGIES, INC.",WRAP,Nasdaq,0001702924,WRAP TECHNOLOGIES,1
2010788,EXOZYMES INC.,EXOZ,Nasdaq,0002010788,EXOZYMES,1
1087294,CUMBERLAND PHARMACEUTICALS INC,CPIX,Nasdaq,0001087294,CUMBERLAND PHARMACEUTICALS,1
1562151,"Crimson Wine Group, Ltd",CWGL,OTC,0001562151,CRIMSON WINE,0
1532383,VANJIA CORP,VNJA,OTC,0001532383,VANJIA,0
1849296,OKYO Pharma Ltd,OKYO,Nasdaq,0001849296,OKYO PHARMA,1
2055116,Kestrel Group Ltd,KG,Nasdaq,0002055116,KESTREL,1
1932737,ROBO.AI INC.,AIIO,Nasdaq,0001932737,ROBO AI,1
1420565,"Rein Therapeutics, Inc.",RNTX,Nasdaq,0001420565,REIN THERAPEUTICS,1
1672909,Canterbury Park Holding Corp,CPHC,Nasdaq,0001672909,CANTERBURY PARK,1
1978057,Top Wealth Group Holding Ltd,TWG,Nasdaq,0001978057,TOP WEALTH,1
2069604,"Park Dental Partners, Inc.",PARK,Nasdaq,0002069604,PARK DENTAL PARTNERS,1
1853825,"Datacentrex, Inc.",DTCX,Nasdaq,0001853825,DATACENTREX,1
1288268,Intrepid Metals Corp.,IMTCF,OTC,0001288268,INTREPID METALS,0
2010653,Future Vision II Acquisition Corp.,FVN,Nasdaq,0002010653,FUTURE VISION II ACQUISITION,1
2036973,UY Scuti Acquisition Corp.,UYSC,Nasdaq,0002036973,UY SCUTI ACQUISITION,1
2043630,StoneBridge Acquisition II Corp,APAC,Nasdaq,0002043630,STONEBRIDGE ACQUISITION II,1
1826889,"Beachbody Company, Inc.",BODI,Nasdaq,0001826889,BEACHBODY,1
1472341,WESTERN ASSET GLOBAL CORPORATE OPPORTUNITY FUND INC.,GDO,NYSE,0001472341,WESTERN ASSET GLOBAL CORPORATE OPPORTUNITY FUND,1
1604464,"Atara Biotherapeutics, Inc.",ATRA,Nasdaq,0001604464,ATARA BIOTHERAPEUTICS,1
924383,Genasys Inc.,GNSS,Nasdaq,0000924383,GENASYS,1
1069394,FLEXIBLE SOLUTIONS INTERNATIONAL INC,FSI,NYSE,0001069394,FLEXIBLE SOLUTIONS INTERNATIONAL,1
2076192,Westin Acquisition Corp,WSTN,Nasdaq,0002076192,WESTIN ACQUISITION,1
811641,IMMUCELL CORP /DE/,ICCC,Nasdaq,0000811641,IMMUCELL DE,1
2026514,Namib Minerals,NAMM,Nasdaq,0002026514,NAMIB MINERALS,1
1490349,PhenixFIN Corp,PFX,Nasdaq,0001490349,PHENIXFIN,1
1841425,"Verde Clean Fuels, Inc.",VGAS,Nasdaq,0001841425,VERDE CLEAN FUELS,1
1888654,"5E Advanced Materials, Inc.",FEAM,Nasdaq,0001888654,5E ADVANCED MATERIALS,1
1429260,"Fortress Biotech, Inc.",FBIO,Nasdaq,0001429260,FORTRESS BIOTECH,1
879535,DTF TAX-FREE INCOME 2028 TERM FUND INC,DTF,NYSE,0000879535,DTF TAX FREE INCOME 2028 TERM FUND,1
1847874,Mobile Infrastructure Corp,BEEP,Nasdaq,0001847874,MOBILE INFRASTRUCTURE,1
1728117,"Gossamer Bio, Inc.",GOSS,Nasdaq,0001728117,GOSSAMER BIO,1
1886190,Gogoro Inc.,GGR,Nasdaq,0001886190,GOGORO,1
1884122,Vizsla Copper Corp.,VCUFF,OTC,0001884122,VIZSLA COPPER,0
5981,AMERICAN VANGUARD CORP,AVD,NYSE,0000005981,AMERICAN VANGUARD,1
912967,FIRST BANCSHARES INC /MO/,FBSI,OTC,0000912967,FIRST BANCSHARES MO,0
1795091,OS Therapies Inc,OSTX,NYSE,0001795091,OS THERAPIES,1
806172,SONO TEK CORP,SOTK,Nasdaq,0000806172,SONO TEK,1
785557,DLH Holdings Corp.,DLHC,Nasdaq,0000785557,DLH,1
2012726,"Fifth District Bancorp, Inc.",FDSB,Nasdaq,0002012726,FIFTH DISTRICT,1
1985139,"Leishen Energy Holding Co., Ltd.",LSE,Nasdaq,0001985139,LEISHEN ENERGY,1
1386301,"Research Solutions, Inc.",RSSS,Nasdaq,0001386301,RESEARCH SOLUTIONS,1
69422,INTERGROUP CORP,INTG,Nasdaq,0000069422,INTERGROUP,1
1998043,Pearl Diver Credit Co Inc.,PDCC,NYSE,0001998043,PEARL DIVER CREDIT,1
1145255,HENNESSY ADVISORS INC,HNNA,Nasdaq,0001145255,HENNESSY ADVISORS,1
1758766,"STEM, INC.",STEM,NYSE,0001758766,STEM,1
1943802,"First Seacoast Bancorp, Inc.",FSEA,Nasdaq,0001943802,FIRST SEACOAST,1
928465,AMCON DISTRIBUTING CO,DIT,NYSE,0000928465,AMCON DISTRIBUTING,1
894871,"Arena Group Holdings, Inc.",AREN,NYSE,0000894871,ARENA,1
1738827,"KLX Energy Services Holdings, Inc.",KLXE,Nasdaq,0001738827,KLX ENERGY,1
1288795,Clough Global Dividend & Income Fund,GLV,NYSE,0001288795,CLOUGH GLOBAL DIVIDEND INCOME FUND,1
2059165,STARRY SEA ACQUISITION CORP,SSEA,Nasdaq,0002059165,STARRY SEA ACQUISITION,1
1852019,IX Acquisition Corp.,IXAQF,OTC,0001852019,IX ACQUISITION,0
1892747,Valuence Merger Corp. I,VMCAF,OTC,0001892747,VALUENCE MERGER I,0
1784254,Mediaco Holding Inc.,MDIA,Nasdaq,0001784254,MEDIACO,1
1819574,"Bark, Inc.",BARK,NYSE,0001819574,BARK,1
1170311,PIMCO NEW YORK MUNICIPAL INCOME FUND II,PNI,NYSE,0001170311,PIMCO NEW YORK MUNICIPAL INCOME FUND II,1
1687451,"ZK International Group Co., Ltd.",ZKIN,Nasdaq,0001687451,ZK INTERNATIONAL,1
1833498,"Spectral AI, Inc.",MDAI,Nasdaq,0001833498,SPECTRAL AI,1
1878313,"MAIA Biotechnology, Inc.",MAIA,NYSE,0001878313,MAIA BIOTECHNOLOGY,1
813623,Total Return Securities Fund,SWZ,NYSE,0000813623,TOTAL RETURN SECURITIES FUND,1
1917599,Endeavor Bancorp,EDVR,OTC,0001917599,ENDEAVOR,0
1703157,"Securetech Innovations, Inc.",SCTH,OTC,0001703157,SECURETECH INNOVATIONS,0
1828161,"FTC Solar, Inc.",FTCI,Nasdaq,0001828161,FTC SOLAR,1
1506184,IMMUTEP Ltd,IMMP,Nasdaq,0001506184,IMMUTEP,1
1577445,Odysight.ai Inc.,ODYS,Nasdaq,0001577445,ODYSIGHT AI,1
1456189,Leatt Corp,LEAT,OTC,0001456189,LEATT,0
1378140,"Ocean Power Technologies, Inc.",OPTT,NYSE,0001378140,OCEAN POWER TECHNOLOGIES,1
2051587,BEST SPAC I Acquisition Corp.,BSAA,Nasdaq,0002051587,BEST SPAC I ACQUISITION,1
1855557,Hongli Group Inc.,HLP,Nasdaq,0001855557,HONGLI,1
1681348,VivoPower PLC,VIVO,Nasdaq,0001681348,VIVOPOWER,1
1131343,ALTERITY THERAPEUTICS LTD,ATHE,Nasdaq,0001131343,ALTERITY THERAPEUTICS,1
2048271,WeShop Holdings Ltd,WSHP,Nasdaq,0002048271,WESHOP,1
1781174,"Acrivon Therapeutics, Inc.",ACRV,Nasdaq,0001781174,ACRIVON THERAPEUTICS,1
839470,"WESTWATER RESOURCES, INC.",WWR,NYSE,0000839470,WESTWATER RESOURCES,1
1863218,SHENGFENG DEVELOPMENT Ltd,SFWL,Nasdaq,0001863218,SHENGFENG DEVELOPMENT,1
1739410,Rallybio Corp,RLYB,Nasdaq,0001739410,RALLYBIO,1
2053927,Wintergreen Acquisition Corp.,WTG,Nasdaq,0002053927,WINTERGREEN ACQUISITION,1
1852016,AltEnergy Acquisition Corp,AEAE,OTC,0001852016,ALTENERGY ACQUISITION,0
1918414,Newbridge Acquisition Ltd,NBRG,Nasdaq,0001918414,NEWBRIDGE ACQUISITION,1
1607997,Nuveen Minnesota Quality Municipal Income Fund,NMS,NYSE,0001607997,NUVEEN MINNESOTA QUALITY MUNICIPAL INCOME FUND,1
100726,UNIFI INC,UFI,NYSE,0000100726,UNIFI,1
12239,Dominari Holdings Inc.,DOMH,Nasdaq,0000012239,DOMINARI,1
1836295,RetinalGenix Technologies Inc.,RTGN,OTC,0001836295,RETINALGENIX TECHNOLOGIES,0
1626878,XBiotech Inc.,XBIT,Nasdaq,0001626878,XBIOTECH,1
875582,NORTHERN TECHNOLOGIES INTERNATIONAL CORP,NTIC,Nasdaq,0000875582,NORTHERN TECHNOLOGIES INTERNATIONAL,1
1397016,Optex Systems Holdings Inc,OPXS,Nasdaq,0001397016,OPTEX SYSTEMS,1
1851959,Concord Acquisition Corp II,CNDA,OTC,0001851959,CONCORD ACQUISITION II,0
1645460,"Cue Biopharma, Inc.",CUE,Nasdaq,0001645460,CUE BIOPHARMA,1
1472091,PDS Biotechnology Corp,PDSB,Nasdaq,0001472091,PDS BIOTECHNOLOGY,1
2024306,JFB Construction Holdings,JFB,Nasdaq,0002024306,JFB CONSTRUCTION,1
1819411,"Gain Therapeutics, Inc.",GANX,Nasdaq,0001819411,GAIN THERAPEUTICS,1
1011060,Nordicus Partners Corp,NORD,OTC,0001011060,NORDICUS PARTNERS,0
1979332,"Central Plains Bancshares, Inc.",CPBI,Nasdaq,0001979332,CENTRAL PLAINS BANCSHARES,1
1936804,SunCar Technology Group Inc.,SDA,Nasdaq,0001936804,SUNCAR TECHNOLOGY,1
1507957,Ideal Power Inc.,IPWR,Nasdaq,0001507957,IDEAL POWER,1
779227,STEELE BANCORP INC,STLE,OTC,0000779227,STEELE,0
1904501,Zentek Ltd.,ZTEK,Nasdaq,0001904501,ZENTEK,1
1275158,NOODLES & Co,NDLS,Nasdaq,0001275158,NOODLES,1
2064177,Blueport Acquisition Ltd,BPAC,Nasdaq,0002064177,BLUEPORT ACQUISITION,1
1609809,"Seres Therapeutics, Inc.",MCRB,Nasdaq,0001609809,SERES THERAPEUTICS,1
72633,NORTH EUROPEAN OIL ROYALTY TRUST,NRT,NYSE,0000072633,NORTH EUROPEAN OIL ROYALTY,1
1518461,"AmpliTech Group, Inc.",AMPG,Nasdaq,0001518461,AMPLITECH,1
1517767,Carlyle Credit Income Fund,CCIF,NYSE,0001517767,CARLYLE CREDIT INCOME FUND,1
1043186,"Stabilis Solutions, Inc.",SLNG,Nasdaq,0001043186,STABILIS SOLUTIONS,1
1751707,OZ VISION INC.,OZVN,OTC,0001751707,OZ VISION,0
318833,TEAM INC,TISI,NYSE,0000318833,TEAM,1
714712,JUNIATA VALLEY FINANCIAL CORP,JUVF,OTC,0000714712,JUNIATA VALLEY,0
949961,INCOME OPPORTUNITY REALTY INVESTORS INC /TX/,IOR,NYSE,0000949961,INCOME OPPORTUNITY REALTY INVESTORS TX,1
1541190,SKYHARBOUR RESOURCES LTD,SYHBF,OTC,0001541190,SKYHARBOUR RESOURCES,0
1019742,BARKSDALE RESOURCES CORP.,BRKCF,OTC,0001019742,BARKSDALE RESOURCES,0
1420720,"iBio, Inc.",IBIO,Nasdaq,0001420720,IBIO,1
2028177,Youlife Group Inc.,YOUL,Nasdaq,0002028177,YOULIFE,1
1804792,ARES STRATEGIC MINING INC.,ARSMF,OTC,0001804792,ARES STRATEGIC MINING,0
1954694,Lucas GC Ltd,LGCL,Nasdaq,0001954694,LUCAS GC,1
1737995,Sharps Technology Inc.,STSS,Nasdaq,0001737995,SHARPS TECHNOLOGY,1
1632121,"Balance Labs, Inc.",BLNC,OTC,0001632121,BALANCE LABS,0
1874875,"Hour Loop, Inc",HOUR,Nasdaq,0001874875,HOUR LOOP,1
65596,SIEBERT FINANCIAL CORP,SIEB,Nasdaq,0000065596,SIEBERT,1
1462418,ALTISOURCE PORTFOLIO SOLUTIONS S.A.,ASPS,Nasdaq,0001462418,ALTISOURCE PORTFOLIO SOLUTIONS S,1
1778940,Norsemont Mining Inc.,NRRSF,OTC,0001778940,NORSEMONT MINING,0
1658678,BIOSTEM TECHNOLOGIES,BSEM,OTC,0001658678,BIOSTEM TECHNOLOGIES,0
1822523,Advanced Flower Capital Inc.,AFCG,Nasdaq,0001822523,ADVANCED FLOWER CAPITAL,1
1889123,"Fold Holdings, Inc.",FLD,Nasdaq,0001889123,FOLD,1
1041859,"Childrens Place, Inc.",PLCE,Nasdaq,0001041859,CHILDRENS PLACE,1
1720580,"Adicet Bio, Inc.",ACET,Nasdaq,0001720580,ADICET BIO,1
1891856,"GEN Restaurant Group, Inc.",GENK,Nasdaq,0001891856,GEN RESTAURANT,1
1224133,MARCHEX INC,MCHX,Nasdaq,0001224133,MARCHEX,1
1477845,"Annovis Bio, Inc.",ANVS,NYSE,0001477845,ANNOVIS BIO,1
14177,BRIDGFORD FOODS CORP,BRID,Nasdaq,0000014177,BRIDGFORD FOODS,1
1074692,Eaton Vance California Municipal Income Trust,CEV,NYSE,0001074692,EATON VANCE CALIFORNIA MUNICIPAL INCOME,1
927719,DELHI BANK CORP,DWNX,OTC,0000927719,DELHI,0
1746473,"PLIANT THERAPEUTICS, INC.",PLRX,Nasdaq,0001746473,PLIANT THERAPEUTICS,1
1491419,"LiveOne, Inc.",LVO,Nasdaq,0001491419,LIVEONE,1
711034,THUNDER MOUNTAIN GOLD INC,THMG,OTC,0000711034,THUNDER MOUNTAIN GOLD,0
791718,"EUROPEAN EQUITY FUND, INC / MD",EEA,NYSE,0000791718,EUROPEAN EQUITY FUND MD,1
716643,REGIS CORP,RGS,Nasdaq,0000716643,REGIS,1
1750155,"Charlotte's Web Holdings, Inc.",CWBHF,OTC,0001750155,CHARLOTTE S WEB,0
1846839,SOL Strategies Inc.,STKE,Nasdaq,0001846839,SOL STRATEGIES,1
1939479,China Strategic Technology Group Limited/ADR,USPCY,OTC,0001939479,CHINA STRATEGIC TECHNOLOGY ADR,0
910406,HAIN CELESTIAL GROUP INC,HAIN,Nasdaq,0000910406,HAIN CELESTIAL,1
1846235,International Media Acquisition Corp.,IMAQ,OTC,0001846235,INTERNATIONAL MEDIA ACQUISITION,0
908187,"PCM FUND, INC.",PCM,NYSE,0000908187,PCM FUND,1
1898643,Mobilicom Ltd,MOB,Nasdaq,0001898643,MOBILICOM,1
1819253,biote Corp.,BTMD,Nasdaq,0001819253,BIOTE,1
2019505,"Health In Tech, Inc.",HIT,Nasdaq,0002019505,HEALTH IN TECH,1
1117171,"CBAK Energy Technology, Inc.",CBAT,Nasdaq,0001117171,CBAK ENERGY TECHNOLOGY,1
1895597,Intchains Group Ltd,ICG,Nasdaq,0001895597,INTCHAINS,1
1913749,Global Mofy AI Ltd,GMM,Nasdaq,0001913749,GLOBAL MOFY AI,1
864240,SYPRIS SOLUTIONS INC,SYPR,Nasdaq,0000864240,SYPRIS SOLUTIONS,1
1953988,Helio Corp /FL/,HLEO,OTC,0001953988,HELIO FL,0
1471727,"SRx Health Solutions, Inc.",SRXH,NYSE,0001471727,SRX HEALTH SOLUTIONS,1
1699382,"PMV Pharmaceuticals, Inc.",PMVP,Nasdaq,0001699382,PMV PHARMACEUTICALS,1
1889983,Keen Vision Acquisition Corp.,KVAC,Nasdaq,0001889983,KEEN VISION ACQUISITION,1
1134765,"Charlie's Holdings, Inc.",CHUC,OTC,0001134765,CHARLIE S,0
1171759,RED ROBIN GOURMET BURGERS INC,RRGB,Nasdaq,0001171759,RED ROBIN GOURMET BURGERS,1
1226616,MEDICINOVA INC,MNOV,Nasdaq,0001226616,MEDICINOVA,1
1831096,"Great Elm Group, Inc.",GEG,Nasdaq,0001831096,GREAT ELM,1
2033515,AsiaStrategy,SORA,Nasdaq,0002033515,ASIASTRATEGY,1
1534969,"SERA PROGNOSTICS, INC.",SERA,Nasdaq,0001534969,SERA PROGNOSTICS,1
1779578,BGM Group Ltd.,BGM,Nasdaq,0001779578,BGM,1
1484612,"Outset Medical, Inc.",OM,Nasdaq,0001484612,OUTSET MEDICAL,1
846671,Invesco High Income Trust II,VLT,NYSE,0000846671,INVESCO HIGH INCOME II,1
1713863,"Rafael Holdings, Inc.",RFL,NYSE,0001713863,RAFAEL,1
1495231,"IZEA Worldwide, Inc.",IZEA,Nasdaq,0001495231,IZEA WORLDWIDE,1
1320350,"LENSAR, Inc.",LNSR,Nasdaq,0001320350,LENSAR,1
1597095,Tuniu Corp,TOUR,Nasdaq,0001597095,TUNIU,1
1725603,A2 Gold Corp.,AUXXF,OTC,0001725603,A2 GOLD,0
1288855,"OptimumBank Holdings, Inc.",OPHC,NYSE,0001288855,OPTIMUMBANK,1
1504678,"Loop Industries, Inc.",LOOP,Nasdaq,0001504678,LOOP INDUSTRIES,1
707605,AMERISERV FINANCIAL INC /PA/,ASRV,Nasdaq,0000707605,AMERISERV PA,1
930245,Agassi Sports Entertainment Corp.,AASP,OTC,0000930245,AGASSI SPORTS ENTERTAINMENT,0
1969928,TJGC GROUP Ltd,TJGC,Nasdaq,0001969928,TJGC,1
1750106,Alset Inc.,AEI,Nasdaq,0001750106,ALSET,1
1742770,"Viomi Technology Co., Ltd",VIOT,Nasdaq,0001742770,VIOMI TECHNOLOGY,1
1881592,"NSTS Bancorp, Inc.",NSTS,Nasdaq,0001881592,NSTS,1
867038,SPINDLETOP OIL & GAS CO,SPND,OTC,0000867038,SPINDLETOP OIL GAS,0
1703644,Granite Point Mortgage Trust Inc.,GPMT,NYSE,0001703644,GRANITE POINT MORTGAGE,1
1844505,"QT IMAGING HOLDINGS, INC.",QTI,Nasdaq,0001844505,QT IMAGING,1
1783328,"TScan Therapeutics, Inc.",TCRX,Nasdaq,0001783328,TSCAN THERAPEUTICS,1
1879814,TLGY ACQUISITION CORP,TLGYF,OTC,0001879814,TLGY ACQUISITION,0
1720250,"Kandi Technologies Group, Inc.",KNDI,Nasdaq,0001720250,KANDI TECHNOLOGIES,1
849146,Lifevantage Corp,LFVN,Nasdaq,0000849146,LIFEVANTAGE,1
1091596,"Nuo Therapeutics, Inc.",AURX,OTC,0001091596,NUO THERAPEUTICS,0
881787,CROSS TIMBERS ROYALTY TRUST,CRT,NYSE,0000881787,CROSS TIMBERS ROYALTY,1
1442492,"Laredo Oil, Inc.",LRDC,OTC,0001442492,LAREDO OIL,0
1883814,"Southland Holdings, Inc.",SLND,NYSE,0001883814,SOUTHLAND,1
847411,MFS INVESTMENT GRADE MUNICIPAL TRUST,CXH,NYSE,0000847411,MFS INVESTMENT GRADE MUNICIPAL,1
1557523,Principal Real Estate Income Fund,PGZ,NYSE,0001557523,PRINCIPAL REAL ESTATE INCOME FUND,1
886136,SAGA COMMUNICATIONS INC,SGA,Nasdaq,0000886136,SAGA COMMUNICATIONS,1
1979887,XCHG Ltd,XCH,Nasdaq,0001979887,XCHG,1
1849867,"Catalyst Bancorp, Inc.",CLST,Nasdaq,0001849867,CATALYST,1
1877333,TH International Ltd,THCH,Nasdaq,0001877333,TH INTERNATIONAL,1
1807765,PMV Consumer Acquisition Corp.,PMVC,OTC,0001807765,PMV CONSUMER ACQUISITION,0
1877939,"Castellum, Inc.",CTM,NYSE,0001877939,CASTELLUM,1
1835579,"ImageneBio, Inc.",IMA,Nasdaq,0001835579,IMAGENEBIO,1
844985,POSITRON CORP,POSC,OTC,0000844985,POSITRON,0
1453593,"Xtant Medical Holdings, Inc.",XTNT,NYSE,0001453593,XTANT MEDICAL,1
2067767,OFF THE HOOK YS INC.,OTH,NYSE,0002067767,OFF HOOK YS,1
1070789,HyOrc Corp,HYOR,OTC,0001070789,HYORC,0
1520048,Permianville Royalty Trust,PVL,NYSE,0001520048,PERMIANVILLE ROYALTY,1
1893899,Alaska Silver Corp.,WAMFF,OTC,0001893899,ALASKA SILVER,0
1114936,UMeWorld Inc.,UMEW,OTC,0001114936,UMEWORLD,0
2014254,FST Corp.,KBSX,Nasdaq,0002014254,FST,1
1684662,SILVER VIPER MINERALS CORP.,VIPRF,OTC,0001684662,SILVER VIPER MINERALS,0
1859022,Nepra Foods Inc.,NPRFF,OTC,0001859022,NEPRA FOODS,0
798528,ODYSSEY MARINE EXPLORATION INC,OMEX,Nasdaq,0000798528,ODYSSEY MARINE EXPLORATION,1
1523289,Destra Multi-Alternative Fund,DMA,NYSE,0001523289,DESTRA MULTI ALTERNATIVE FUND,1
1823878,"PLAYSTUDIOS, Inc.",MYPS,Nasdaq,0001823878,PLAYSTUDIOS,1
1333274,MERCER INTERNATIONAL INC.,MERC,Nasdaq,0001333274,MERCER INTERNATIONAL,1
27367,DAXOR CORP,DXR,Nasdaq,0000027367,DAXOR,1
1652935,"ACTUATE THERAPEUTICS, INC.",ACTU,Nasdaq,0001652935,ACTUATE THERAPEUTICS,1
1644771,"RiverNorth Capital & Income Fund, Inc.",RSF,NYSE,0001644771,RIVERNORTH CAPITAL INCOME FUND,1
1438461,Yinfu Gold Corp.,ELRE,OTC,0001438461,YINFU GOLD,0
1123267,Hannan Metals Ltd.,HANNF,OTC,0001123267,HANNAN METALS,0
1907184,Electra Battery Materials Corp,ELBM,Nasdaq,0001907184,ELECTRA BATTERY MATERIALS,1
1638097,Entera Bio Ltd.,ENTX,Nasdaq,0001638097,ENTERA BIO,1
1783407,Sound Group Inc.,SOGP,Nasdaq,0001783407,SOUND,1
1998781,IB Acquisition Corp.,IBAC,Nasdaq,0001998781,IB ACQUISITION,1
896493,"Hyperscale Data, Inc.",GPUS,NYSE,0000896493,HYPERSCALE DATA,1
939930,"PYXUS INTERNATIONAL, INC.",PYYX,OTC,0000939930,PYXUS INTERNATIONAL,0
1731388,EuroDry Ltd.,EDRY,Nasdaq,0001731388,EURODRY,1
1538189,Sonoro Gold Corp.,SMOFF,OTC,0001538189,SONORO GOLD,0
1818844,"Dogwood Therapeutics, Inc.",DWTX,Nasdaq,0001818844,DOGWOOD THERAPEUTICS,1
8504,AgEagle Aerial Systems Inc.,UAVS,NYSE,0000008504,AGEAGLE AERIAL SYSTEMS,1
1529113,"XTI Aerospace, Inc.",XTIA,Nasdaq,0001529113,XTI AEROSPACE,1
1383395,SEQUANS COMMUNICATIONS,SQNS,NYSE,0001383395,SEQUANS COMMUNICATIONS,1
863900,MEXICO EQUITY & INCOME FUND INC,MXE,NYSE,0000863900,MEXICO EQUITY INCOME FUND,1
1993727,Senstar Technologies Corp,SNT,Nasdaq,0001993727,SENSTAR TECHNOLOGIES,1
1399520,"ONE Group Hospitality, Inc.",STKS,Nasdaq,0001399520,ONE HOSPITALITY,1
1533998,DarioHealth Corp.,DRIO,Nasdaq,0001533998,DARIOHEALTH,1
1546383,JX Luxventure Group Inc.,JXG,Nasdaq,0001546383,JX LUXVENTURE,1
1500375,"Home Federal Bancorp, Inc. of Louisiana",HFBL,Nasdaq,0001500375,HOME FEDERAL OF LOUISIANA,1
1968617,Coppernico Metals Inc.,CPPMF,OTC,0001968617,COPPERNICO METALS,0
1947210,"High Roller Technologies, Inc.",ROLR,NYSE,0001947210,HIGH ROLLER TECHNOLOGIES,1
1031235,"Global Self Storage, Inc.",SELF,Nasdaq,0001031235,GLOBAL SELF STORAGE,1
1800637,"RYTHM, Inc.",RYM,Nasdaq,0001800637,RYTHM,1
1733868,CNFinance Holdings Ltd.,CNF,NYSE,0001733868,CNFINANCE,1
1841675,Argo Blockchain Plc,ARBK,Nasdaq,0001841675,ARGO BLOCKCHAIN,1
1970743,"RMX INDUSTRIES, INC.",RMXI,OTC,0001970743,RMX INDUSTRIES,0
926423,"MIND TECHNOLOGY, INC",MIND,Nasdaq,0000926423,MIND TECHNOLOGY,1
1089872,"GAIA, INC",GAIA,Nasdaq,0001089872,GAIA,1
1335105,"LIXTE BIOTECHNOLOGY HOLDINGS, INC.",LIXT,Nasdaq,0001335105,LIXTE BIOTECHNOLOGY,1
1680637,Nuran Wireless Inc.,NRRWF,OTC,0001680637,NURAN WIRELESS,0
2001288,Skycorp Solar Group Ltd,PN,Nasdaq,0002001288,SKYCORP SOLAR,1
1743344,PyroGenesis Canada Inc.,PYRGF,OTC,0001743344,PYROGENESIS CANADA,0
1851909,Compass Digital Acquisition Corp.,CDAQF,OTC,0001851909,COMPASS DIGITAL ACQUISITION,0
2000530,Gamehaus Holdings Inc.,GMHS,Nasdaq,0002000530,GAMEHAUS,1
1082324,VirnetX Holding Corp,VHC,Nasdaq,0001082324,VIRNETX,1
2029471,Heidmar Maritime Holdings Corp.,HMR,Nasdaq,0002029471,HEIDMAR MARITIME,1
1504379,Caesarstone Ltd.,CSTE,Nasdaq,0001504379,CAESARSTONE,1
1494891,"Sensus Healthcare, Inc.",SRTS,Nasdaq,0001494891,SENSUS HEALTHCARE,1
1291855,SuperCom Ltd,SPCB,Nasdaq,0001291855,SUPERCOM,1
1026980,ASIA PACIFIC WIRE & CABLE CORP LTD,APWC,Nasdaq,0001026980,ASIA PACIFIC WIRE CABLE,1
1774675,Skillsoft Corp.,SKIL,NYSE,0001774675,SKILLSOFT,1
1178253,SCYNEXIS INC,SCYX,Nasdaq,0001178253,SCYNEXIS,1
1931055,Medinotec Inc.,MDNC,OTC,0001931055,MEDINOTEC,0
2014955,Smart Digital Group Ltd,SDM,Nasdaq,0002014955,SMART DIGITAL,1
18255,CATO CORP,CATO,NYSE,0000018255,CATO,1
1872302,Nano Labs Ltd,NA,Nasdaq,0001872302,NANO LABS,1
1633369,"FreeCast, Inc.",CAST,Nasdaq,0001633369,FREECAST,1
1991592,INLIF Ltd,INLF,Nasdaq,0001991592,INLIF,1
1834105,IMPACT BIOMEDICAL INC.,IBO,NYSE,0001834105,IMPACT BIOMEDICAL,1
1580864,"Vroom, Inc.",VRM,Nasdaq,0001580864,VROOM,1
1974044,MoneyHero Ltd,MNY,Nasdaq,0001974044,MONEYHERO,1
2024203,Cayson Acquisition Corp,CAPN,Nasdaq,0002024203,CAYSON ACQUISITION,1
1442620,"Recon Technology, Ltd",RCON,Nasdaq,0001442620,RECON TECHNOLOGY,1
2094107,"Ballston Spa Bancorp, Inc.",BSPA,OTC,0002094107,BALLSTON SPA,0
12040,FLANIGANS ENTERPRISES INC,BDL,NYSE,0000012040,FLANIGANS ENTERPRISES,1
353184,AIR T INC,AIRT,Nasdaq,0000353184,AIR T,1
1113152,BEWHERE HOLDINGS INC,BEWFF,OTC,0001113152,BEWHERE,0
1635729,Altamira Gold Corp.,EQTRF,OTC,0001635729,ALTAMIRA GOLD,0
1993400,Fatpipe Inc/UT,FATN,Nasdaq,0001993400,FATPIPE UT,1
1994214,Nomadar Corp.,NOMA,Nasdaq,0001994214,NOMADAR,1
1069530,"FILANA THERAPEUTICS, INC.",FLNA,Nasdaq,0001069530,FILANA THERAPEUTICS,1
1864597,Tincorp Metals Inc.,TINFF,OTC,0001864597,TINCORP METALS,0
1133062,JANEL CORP,JANL,OTC,0001133062,JANEL,0
1547546,"Lument Finance Trust, Inc.",LFT,NYSE,0001547546,LUMENT FINANCE,1
1769697,Frontier Nuclear & Minerals Inc.,FNUC,Nasdaq,0001769697,FRONTIER NUCLEAR MINERALS,1
91668,SOLITRON DEVICES INC,SODI,OTC,0000091668,SOLITRON DEVICES,0
1698022,"Farmers & Merchants Bancshares, Inc.",FMFG,OTC,0001698022,FARMERS MERCHANTS BANCSHARES,0
2006413,Dryden Gold Corp.,DRYGF,OTC,0002006413,DRYDEN GOLD,0
2063863,"Elauwit Connection, Inc.",ELWT,Nasdaq,0002063863,ELAUWIT CONNECTION,1
1516899,"Yatra Online, Inc.",YTRA,Nasdaq,0001516899,YATRA ONLINE,1
1822359,DocGo Inc.,DCGO,Nasdaq,0001822359,DOCGO,1
773717,"American Clean Resources Group, Inc.",ACRG,OTC,0000773717,AMERICAN CLEAN RESOURCES,0
884269,ALPHA PRO TECH LTD,APT,NYSE,0000884269,ALPHA PRO TECH,1
1862150,Cingulate Inc.,CING,Nasdaq,0001862150,CINGULATE,1
1677940,BeyondSpring Inc.,BYSI,Nasdaq,0001677940,BEYONDSPRING,1
1828972,"BuzzFeed, Inc.",BZFD,Nasdaq,0001828972,BUZZFEED,1
1059689,North America Lithium & Gold Corp,NALG,OTC,0001059689,NORTH AMERICA LITHIUM GOLD,0
1725332,Alarum Technologies Ltd.,ALAR,Nasdaq,0001725332,ALARUM TECHNOLOGIES,1
1856082,Red Pine Exploration Inc.,RDEXF,OTC,0001856082,RED PINE EXPLORATION,0
1850059,Flag Ship Acquisition Corp,FSHP,Nasdaq,0001850059,FLAG SHIP ACQUISITION,1
1813241,Great Pacific Gold Corp.,GPGCF,OTC,0001813241,GREAT PACIFIC GOLD,0
1505413,VOC Energy Trust,VOC,NYSE,0001505413,VOC ENERGY,1
1001233,"SANGAMO THERAPEUTICS, INC",SGMO,OTC,0001001233,SANGAMO THERAPEUTICS,0
1333493,"eHealth, Inc.",EHTH,Nasdaq,0001333493,EHEALTH,1
2070542,"BlockchAIn Digital Infrastructure, Inc.",AIB,NYSE,0002070542,BLOCKCHAIN DIGITAL INFRASTRUCTURE,1
828146,INTERLINK ELECTRONICS INC,LINK,Nasdaq,0000828146,INTERLINK ELECTRONICS,1
1715925,MindWalk Holdings Corp.,HYFT,Nasdaq,0001715925,MINDWALK,1
2002045,GCL Global Holdings Ltd,GCL,Nasdaq,0002002045,GCL GLOBAL,1
2000410,Eureka Acquisition Corp,EURK,Nasdaq,0002000410,EUREKA ACQUISITION,1
1873875,Incannex Healthcare Inc.,IXHL,Nasdaq,0001873875,INCANNEX HEALTHCARE,1
1474903,"BGSF, INC.",BGSF,NYSE,0001474903,BGSF,1
1103795,"QS Energy, Inc.",QSEP,OTC,0001103795,QS ENERGY,0
1024672,ELTEK LTD,ELTK,Nasdaq,0001024672,ELTEK,1
1378950,"CarParts.com, Inc.",PRTS,Nasdaq,0001378950,CARPARTS COM,1
1368845,TINKA RESOURCES Ltd,TKRFF,OTC,0001368845,TINKA RESOURCES,0
1562530,Westhaven Gold Corp.,WTHVF,OTC,0001562530,WESTHAVEN GOLD,0
1789769,"Instil Bio, Inc.",TIL,Nasdaq,0001789769,INSTIL BIO,1
1579157,VINCE HOLDING CORP.,VNCE,Nasdaq,0001579157,VINCE,1
1808110,DDC Enterprise Ltd,DDC,NYSE,0001808110,DDC ENTERPRISE,1
1479419,"KALA BIO, Inc.",KALA,Nasdaq,0001479419,KALA BIO,1
1690080,FORUM MARKETS Inc,FRMM,Nasdaq,0001690080,FORUM MARKETS,1
838131,Nuveen Multi-Market Income Fund,JMM,NYSE,0000838131,NUVEEN MULTI MARKET INCOME FUND,1
1173204,Cineverse Corp.,CNVS,Nasdaq,0001173204,CINEVERSE,1
831378,LVPAI GROUP Ltd,LVPA,OTC,0000831378,LVPAI,0
1031316,FRANKLIN STREET PROPERTIES CORP /MA/,FSP,NYSE,0001031316,FRANKLIN STREET PROPERTIES MA,1
1467761,"FiEE, Inc.",FIEE,Nasdaq,0001467761,FIEE,1
1538495,"Earth Science Tech, Inc.",ETST,OTC,0001538495,EARTH SCIENCE TECH,0
793306,BLUE DOLPHIN ENERGY CO,BDCO,OTC,0000793306,BLUE DOLPHIN ENERGY,0
1127537,Pulmonx Corp,LUNG,Nasdaq,0001127537,PULMONX,1
1779372,"HeartBeam, Inc.",BEAT,Nasdaq,0001779372,HEARTBEAM,1
1840229,"MiNK Therapeutics, Inc.",INKT,Nasdaq,0001840229,MINK THERAPEUTICS,1
946936,DESWELL INDUSTRIES INC,DSWL,Nasdaq,0000946936,DESWELL INDUSTRIES,1
2018145,Rising Dragon Acquisition Corp.,RDAC,Nasdaq,0002018145,RISING DRAGON ACQUISITION,1
1965473,Cheche Group Inc.,CCG,Nasdaq,0001965473,CHECHE,1
943535,"WORLD HEALTH ENERGY HOLDINGS, INC.",WHEN,OTC,0000943535,WORLD HEALTH ENERGY,0
2049187,K-TECH SOLUTIONS CO LTD,KMRK,Nasdaq,0002049187,K TECH SOLUTIONS,1
1701599,Arizona Gold & Silver Inc.,AZASF,OTC,0001701599,ARIZONA GOLD SILVER,0
2000366,Scage Future,SCAG,Nasdaq,0002000366,SCAGE FUTURE,1
1775734,Beneficient,BENF,Nasdaq,0001775734,BENEFICIENT,1
1171326,ENTREPRENEUR UNIVERSE BRIGHT GROUP,EUBG,OTC,0001171326,ENTREPRENEUR UNIVERSE BRIGHT,0
867840,"PRECISION OPTICS CORPORATION, INC.",POCI,Nasdaq,0000867840,PRECISION OPTICS,1
1230058,KAANAPALI LAND LLC,KANP,OTC,0001230058,KAANAPALI LAND,0
1602409,"FingerMotion, Inc.",FNGR,Nasdaq,0001602409,FINGERMOTION,1
1560258,"electroCore, Inc.",ECOR,Nasdaq,0001560258,ELECTROCORE,1
1081834,Kuber Resources Corp,KUBR,OTC,0001081834,KUBER RESOURCES,0
1865429,"Oak View Bankshares, Inc.",OAKV,OTC,0001865429,OAK VIEW BANKSHARES,0
1883835,ESG Inc.,ESGH,OTC,0001883835,ESG,0
1772720,SPRUCE POWER HOLDING CORP,SPRU,NYSE,0001772720,SPRUCE POWER,1
1846715,Eco Wave Power Global AB (publ),WAVE,Nasdaq,0001846715,ECO WAVE POWER GLOBAL AB PUBL,1
1132105,"SPORTSMAN'S WAREHOUSE HOLDINGS, INC.",SPWH,Nasdaq,0001132105,SPORTSMAN S WAREHOUSE,1
1420529,ATA Creativity Global,AACG,Nasdaq,0001420529,ATA CREATIVITY GLOBAL,1
1750593,Fangdd Network Group Ltd.,DUO,Nasdaq,0001750593,FANGDD NETWORK,1
1982444,Baird Medical Investment Holdings Ltd,BDMD,Nasdaq,0001982444,BAIRD MEDICAL INVESTMENT,1
1769256,XChange TEC.INC,XHG,Nasdaq,0001769256,XCHANGE TEC,1
2035016,Ribbon Acquisition Corp.,RIBB,Nasdaq,0002035016,RIBBON ACQUISITION,1
1738906,"111, Inc.",YI,Nasdaq,0001738906,111,1
1726906,Kutcho Copper Corp.,KCCFF,OTC,0001726906,KUTCHO COPPER,0
101984,UNIVERSAL ELECTRONICS INC,UEIC,Nasdaq,0000101984,UNIVERSAL ELECTRONICS,1
101594,US ENERGY CORP,USEG,Nasdaq,0000101594,US ENERGY,1
1841761,"Grove Collaborative Holdings, Inc.",GROV,NYSE,0001841761,GROVE COLLABORATIVE,1
2032950,Horizon Space Acquisition II Corp.,HSPT,Nasdaq,0002032950,HORIZON SPACE ACQUISITION II,1
1968043,New Century Logistics (BVI) Ltd,NCEW,Nasdaq,0001968043,NEW CENTURY LOGISTICS BVI,1
1682639,"HYPERION DEFI, INC.",HYPD,Nasdaq,0001682639,HYPERION DEFI,1
1840233,"Xilio Therapeutics, Inc.",XLO,Nasdaq,0001840233,XILIO THERAPEUTICS,1
1957489,Able View Global Inc.,ABLV,Nasdaq,0001957489,ABLE VIEW GLOBAL,1
1962481,BranchOut Food Inc.,BOF,Nasdaq,0001962481,BRANCHOUT FOOD,1
2028201,Columbus Acquisition Corp/Cayman Islands,COLA,Nasdaq,0002028201,COLUMBUS ACQUISITION CAYMAN ISLANDS,1
2026353,"Aether Holdings, Inc.",ATHR,Nasdaq,0002026353,AETHER,1
1422532,ROCKHAVEN RESOURCES LTD,RKHNF,OTC,0001422532,ROCKHAVEN RESOURCES,0
2116105,Futurewave Acquisition Corp,FWAC,,0002116105,FUTUREWAVE ACQUISITION,0
1840877,"Envoy Medical, Inc.",COCH,Nasdaq,0001840877,ENVOY MEDICAL,1
1784440,"BioScience Health Innovations, Inc.",BHIC,OTC,0001784440,BIOSCIENCE HEALTH INNOVATIONS,0
1901336,Alchemy Investments Acquisition Corp 1,ALCYF,OTC,0001901336,ALCHEMY INVESTMENTS ACQUISITION 1,0
1619544,9F Inc.,JFU,Nasdaq,0001619544,9F,1
1846084,Global Crossing Airlines Group Inc.,JETMF,OTC,0001846084,GLOBAL CROSSING AIRLINES,0
1886894,"Snail, Inc.",SNAL,Nasdaq,0001886894,SNAIL,1
1682220,Sachem Capital Corp.,SACH,NYSE,0001682220,SACHEM CAPITAL,1
1785279,"Metagenomi Therapeutics, Inc.",MGX,Nasdaq,0001785279,METAGENOMI THERAPEUTICS,1
1433607,"InspireMD, Inc.",NSPR,Nasdaq,0001433607,INSPIREMD,1
1339970,aTYR PHARMA INC,ATYR,Nasdaq,0001339970,ATYR PHARMA,1
2095443,Breeze Acquisition Corp. II,BREZ,,0002095443,BREEZE ACQUISITION II,0
2030277,"LEIFRAS Co., Ltd.",LFS,Nasdaq,0002030277,LEIFRAS,1
1156041,"ABUNDIA GLOBAL IMPACT GROUP, INC.",AGIG,NYSE,0001156041,ABUNDIA GLOBAL IMPACT,1
1753673,Scienjoy Holding Corp,SJ,Nasdaq,0001753673,SCIENJOY,1
1054102,"INTERPACE BIOSCIENCES, INC.",IDXG,OTC,0001054102,INTERPACE BIOSCIENCES,0
2000775,Black Hawk Acquisition Corp,BKHA,Nasdaq,0002000775,BLACK HAWK ACQUISITION,1
1319183,FIRST TRUST MORTGAGE INCOME FUND,FMY,NYSE,0001319183,FIRST MORTGAGE INCOME FUND,1
1282648,BATTALION OIL CORP,BATL,NYSE,0001282648,BATTALION OIL,1
1039280,NETSOL TECHNOLOGIES INC,NTWK,Nasdaq,0001039280,NETSOL TECHNOLOGIES,1
1971828,Energys Group Ltd,ENGS,Nasdaq,0001971828,ENERGYS,1
1549145,"BLUE BIOFUELS, INC.",BIOF,OTC,0001549145,BLUE BIOFUELS,0
1849466,"Texas Community Bancshares, Inc.",TCBS,Nasdaq,0001849466,TEXAS COMMUNITY BANCSHARES,1
1992818,ZOOZ Strategy Ltd.,ZOOZ,Nasdaq,0001992818,ZOOZ STRATEGY,1
1847806,Genius Group Ltd,GNS,NYSE,0001847806,GENIUS,1
1600983,"Knightscope, Inc.",KSCP,Nasdaq,0001600983,KNIGHTSCOPE,1
774415,"King Resources, Inc.",KRFG,OTC,0000774415,KING RESOURCES,0
1708527,ELUTIA INC.,ELUT,Nasdaq,0001708527,ELUTIA,1
861972,Salazar Resources Ltd,SRLZF,OTC,0000861972,SALAZAR RESOURCES,0
1826397,AVAX ONE TECHNOLOGY LTD.,AVX,Nasdaq,0001826397,AVAX ONE TECHNOLOGY,1
889348,CPI AEROSTRUCTURES INC,CVU,NYSE,0000889348,CPI AEROSTRUCTURES,1
1080340,"MANHATTAN BRIDGE CAPITAL, INC",LOAN,Nasdaq,0001080340,MANHATTAN BRIDGE CAPITAL,1
797542,QUANTUM X LABS INC.,QXL,Nasdaq,0000797542,QUANTUM X LABS,1
8177,ATLANTIC AMERICAN CORP,AAME,Nasdaq,0000008177,ATLANTIC AMERICAN,1
1040130,PETMED EXPRESS INC,PETS,Nasdaq,0001040130,PETMED EXPRESS,1
1757840,Indonesia Energy Corp Ltd,INDO,NYSE,0001757840,INDONESIA ENERGY,1
1866501,Wallbox N.V.,WBX,NYSE,0001866501,WALLBOX V,1
1038277,RADNOSTIX INC,INIS,OTC,0001038277,RADNOSTIX,0
1933021,Plutus Financial Group Ltd,PLUT,Nasdaq,0001933021,PLUTUS,1
2053456,Generation Essentials Group,TGE,NYSE,0002053456,GENERATION ESSENTIALS,1
1624326,PAVmed Inc.,PAVM,Nasdaq,0001624326,PAVMED,1
1800392,MicroAlgo Inc.,MLGO,Nasdaq,0001800392,MICROALGO,1
1844417,"Estrella Immunopharma, Inc.",ESLA,Nasdaq,0001844417,ESTRELLA IMMUNOPHARMA,1
889353,Sentinel Holdings Ltd.,SNTL,OTC,0000889353,SENTINEL,0
1939965,Brera Holdings PLC,SLMT,Nasdaq,0001939965,BRERA,1
1852440,Jianzhi Education Technology Group Co Ltd,JZ,Nasdaq,0001852440,JIANZHI EDUCATION TECHNOLOGY,1
1603993,AIOS Tech Inc.,AIOS,Nasdaq,0001603993,AIOS TECH,1
1487918,OFS Capital Corp,OFS,Nasdaq,0001487918,OFS CAPITAL,1
1928948,High-Trend International Group,HTCO,Nasdaq,0001928948,HIGH TREND INTERNATIONAL,1
2032755,Pinnacle Food Group Ltd,PFAI,Nasdaq,0002032755,PINNACLE FOOD,1
2033383,Fusemachines Inc.,FUSE,Nasdaq,0002033383,FUSEMACHINES,1
1005101,"Marygold Companies, Inc.",MGLD,NYSE,0001005101,MARYGOLD COMPANIES,1
1907223,Greenland Mines Ltd,GRML,Nasdaq,0001907223,GREENLAND MINES,1
1360565,"Where Food Comes From, Inc.",WFCF,Nasdaq,0001360565,WHERE FOOD COMES FROM,1
1523836,"LightInTheBox Holding Co., Ltd.",LITB,NYSE,0001523836,LIGHTINTHEBOX,1
1043961,"Precipio, Inc.",PRPO,Nasdaq,0001043961,PRECIPIO,1
1718500,"Axil Brands, Inc.",AXIL,NYSE,0001718500,AXIL BRANDS,1
1391933,"QUAINT OAK BANCORP, INC.",QNTO,OTC,0001391933,QUAINT OAK,0
862651,"Investview, Inc.",INVU,OTC,0000862651,INVESTVIEW,0
1871181,"FAMILY OFFICE OF AMERICA, INC.",FOFA,OTC,0001871181,FAMILY OFFICE OF AMERICA,0
1849380,OneMedNet Corp,ONMD,Nasdaq,0001849380,ONEMEDNET,1
1643953,"Purple Innovation, Inc.",PRPL,Nasdaq,0001643953,PURPLE INNOVATION,1
1869137,MineHub Technologies Inc.,MHUBF,OTC,0001869137,MINEHUB TECHNOLOGIES,0
846913,"FUEL TECH, INC.",FTEK,Nasdaq,0000846913,FUEL TECH,1
1872529,MDxHealth SA,MDXH,Nasdaq,0001872529,MDXHEALTH SA,1
61004,LGL GROUP INC,LGL,NYSE,0000061004,LGL,1
1868395,Planet Image International Ltd,YIBO,Nasdaq,0001868395,PLANET IMAGE INTERNATIONAL,1
1941158,Wetour Robotics Ltd,WETO,Nasdaq,0001941158,WETOUR ROBOTICS,1
1957413,Digital Currency X Technology Inc.,DCX,Nasdaq,0001957413,DIGITAL CURRENCY X TECHNOLOGY,1
1509397,Lion One Metals Ltd.,LOMLF,OTC,0001509397,LION ONE METALS,0
1975641,Zhengye Biotechnology Holding Ltd,ZYBT,Nasdaq,0001975641,ZHENGYE BIOTECHNOLOGY,1
1988776,Murano Global Investments Plc,MRNO,Nasdaq,0001988776,MURANO GLOBAL INVESTMENTS,1
13156,"Galaxy Gaming, Inc.",GLXZ,OTC,0000013156,GALAXY GAMING,0
1857030,Intercure Ltd.,INCR,Nasdaq,0001857030,INTERCURE,1
1978528,Quetta Acquisition Corp,QETA,Nasdaq,0001978528,QUETTA ACQUISITION,1
1640043,Pyxis Tankers Inc.,PXS,Nasdaq,0001640043,PYXIS TANKERS,1
1499780,GLOBUS MARITIME LTD,GLBS,Nasdaq,0001499780,GLOBUS MARITIME,1
1678748,Intellistake Technologies Corp.,ISTKF,OTC,0001678748,INTELLISTAKE TECHNOLOGIES,0
1643715,LITHIUM SOUTH DEVELOPMENT Corp,LISMF,OTC,0001643715,LITHIUM SOUTH DEVELOPMENT,0
1566073,Pan Global Resources Inc.,PGZFF,OTC,0001566073,PAN GLOBAL RESOURCES,0
2037786,Tactical Resources Corp.,USREF,OTC,0002037786,TACTICAL RESOURCES,0
1820190,Scilex Holding Co,SCLX,Nasdaq,0001820190,SCILEX,1
1805651,"MARKETWISE, INC.",MKTW,Nasdaq,0001805651,MARKETWISE,1
1449792,"PIONEER POWER SOLUTIONS, INC.",PPSI,Nasdaq,0001449792,PIONEER POWER SOLUTIONS,1
1394039,Century Lithium Corp.,CYDVF,OTC,0001394039,CENTURY LITHIUM,0
1427925,"TALPHERA, INC.",TLPH,Nasdaq,0001427925,TALPHERA,1
1525306,First America Resources Corp,FSTJ,OTC,0001525306,FIRST AMERICA RESOURCES,0
1817004,"NEXTNRG, INC.",NXXT,Nasdaq,0001817004,NEXTNRG,1
50292,IEH Corp,IEHC,OTC,0000050292,IEH,0
1676047,NutriBand Inc.,NTRB,Nasdaq,0001676047,NUTRIBAND,1
1002366,Gitennes Exploration Inc.,REVFF,OTC,0001002366,GITENNES EXPLORATION,0
1106644,"CHINA PHARMA HOLDINGS, INC.",CPHI,NYSE,0001106644,CHINA PHARMA,1
1389545,Stablecoin Development Corp,SDEV,NYSE,0001389545,STABLECOIN DEVELOPMENT,1
1840780,Local Bounti Corporation/DE,LOCL,NYSE,0001840780,LOCAL BOUNTI DE,1
2034520,GIBO HOLDINGS Ltd,GIBO,Nasdaq,0002034520,GIBO,1
1771885,Quantum Biopharma Ltd.,QNTM,Nasdaq,0001771885,QUANTUM BIOPHARMA,1
1711141,Leef Brands Inc.,LEEEF,OTC,0001711141,LEEF BRANDS,0
924396,Crisp Momentum Inc.,CRSF,OTC,0000924396,CRISP MOMENTUM,0
1040161,"PIXELWORKS, INC",PXLW,Nasdaq,0001040161,PIXELWORKS,1
1874252,Quantum Cyber N.V.,QUCY,Nasdaq,0001874252,QUANTUM CYBER V,1
2001699,Helport AI Ltd,HPAI,Nasdaq,0002001699,HELPORT AI,1
1903382,"Bluerock Homes Trust, Inc.",BHM,NYSE,0001903382,BLUEROCK HOMES,1
1918151,Relevant Gold Corp.,RGCCF,OTC,0001918151,RELEVANT GOLD,0
1881551,Solidion Technology Inc.,STI,Nasdaq,0001881551,SOLIDION TECHNOLOGY,1
1813452,Planet 13 Holdings Inc.,PLNH,OTC,0001813452,PLANET 13,0
1835385,"Marathon Bancorp, Inc. /MD/",MBBC,Nasdaq,0001835385,MARATHON MD,1
1895249,"ConnectM Technology Solutions, Inc.",CNTM,,0001895249,CONNECTM TECHNOLOGY SOLUTIONS,0
1665300,"Phunware, Inc.",PHUN,Nasdaq,0001665300,PHUNWARE,1
1723935,Sunlands Technology Group,STG,NYSE,0001723935,SUNLANDS TECHNOLOGY,1
880242,"BIOLARGO, INC.",BLGO,OTC,0000880242,BIOLARGO,0
1696558,"Jerash Holdings (US), Inc.",JRSH,Nasdaq,0001696558,JERASH US,1
880984,"ACORN ENERGY, INC.",ACFN,Nasdaq,0000880984,ACORN ENERGY,1
1088034,"Usio, Inc.",USIO,Nasdaq,0001088034,USIO,1
1009922,NXT Energy Solutions Inc.,NSFDF,OTC,0001009922,NXT ENERGY SOLUTIONS,0
1488039,"ATOSSA THERAPEUTICS, INC.",ATOS,Nasdaq,0001488039,ATOSSA THERAPEUTICS,1
1938186,Jayud Global Logistics Ltd,JYD,Nasdaq,0001938186,JAYUD GLOBAL LOGISTICS,1
1740797,"AVAI BIO, INC.",AVAI,OTC,0001740797,AVAI BIO,0
1867834,Bragg Gaming Group Inc.,BRAG,Nasdaq,0001867834,BRAGG GAMING,1
849145,Heritage Global Inc.,HGBL,Nasdaq,0000849145,HERITAGE GLOBAL,1
1900679,Technology & Telecommunication Acquisition Corp,TETEF,OTC,0001900679,TECHNOLOGY TELECOMMUNICATION ACQUISITION,0
1952853,Massimo Group,MAMO,Nasdaq,0001952853,MASSIMO,1
1999860,Wing Yip Food Holdings Group Ltd,WYHG,Nasdaq,0001999860,WING YIP FOOD,1
1711754,"Inmune Bio, Inc.",INMB,Nasdaq,0001711754,INMUNE BIO,1
839087,VASO Corp,VASO,OTC,0000839087,VASO,0
2017950,DT Cloud Star Acquisition Corp,DTSQ,Nasdaq,0002017950,DT CLOUD STAR ACQUISITION,1
1954269,Garden Stage Ltd,GSIW,Nasdaq,0001954269,GARDEN STAGE,1
1828748,ASIAFIN HOLDINGS CORP.,ASFH,OTC,0001828748,ASIAFIN,0
2000230,BrilliA Inc,BRIA,NYSE,0002000230,BRILLIA,1
1882464,Metal Sky Star Acquisition Corp,MSSAF,OTC,0001882464,METAL SKY STAR ACQUISITION,0
1561921,"TELA Bio, Inc.",TELA,Nasdaq,0001561921,TELA BIO,1
1976908,JIADE Ltd,JDZG,Nasdaq,0001976908,JIADE,1
1904286,"MIRA PHARMACEUTICALS, INC.",MIRA,Nasdaq,0001904286,MIRA PHARMACEUTICALS,1
1682241,Metalpha Technology Holding Ltd,MATH,Nasdaq,0001682241,METALPHA TECHNOLOGY,1
1973062,VIDA Global Inc.,VIDA,NYSE,0001973062,VIDA GLOBAL,1
933972,374Water Inc.,SCWO,Nasdaq,0000933972,374WATER,1
1356093,"CREATIVE REALITIES, INC.",CREX,Nasdaq,0001356093,CREATIVE REALITIES,1
1490161,Sow Good Inc.,SOWG,Nasdaq,0001490161,SOW GOOD,1
850027,"EAGLE CAPITAL GROWTH FUND, INC.",GRF,NYSE,0000850027,EAGLE CAPITAL GROWTH FUND,1
1328792,TECHPRECISION CORP,TPCS,Nasdaq,0001328792,TECHPRECISION,1
1790607,Eminent Gold Corp.,EMGDF,OTC,0001790607,EMINENT GOLD,0
1491434,SERNOVA CORP.,SEOVF,OTC,0001491434,SERNOVA,0
1262104,"Lite Strategy, Inc.",LITS,Nasdaq,0001262104,LITE STRATEGY,1
723603,CULP INC,CULP,Nasdaq,0000723603,CULP,1
1487197,BARFRESH FOOD GROUP INC.,BRFH,Nasdaq,0001487197,BARFRESH FOOD,1
1800890,LaFleur Minerals Inc..,LFLRF,OTC,0001800890,LAFLEUR MINERALS,0
1591890,FG Nexus Inc.,FGNX,Nasdaq,0001591890,FG NEXUS,1
1727370,Sterling Metals Corp.,SAGGF,OTC,0001727370,STERLING METALS,0
1388320,"Actinium Pharmaceuticals, Inc.",ATNM,NYSE,0001388320,ACTINIUM PHARMACEUTICALS,1
1653909,"Allbirds, Inc.",BIRD,Nasdaq,0001653909,ALLBIRDS,1
2019435,Blue Gold Ltd,BGL,Nasdaq,0002019435,BLUE GOLD,1
1657800,ESGold Corp.,ESAUF,OTC,0001657800,ESGOLD,0
1729653,Stallion Uranium Corp.,STLNF,OTC,0001729653,STALLION URANIUM,0
1571934,TAO Synergies Inc.,TAOX,Nasdaq,0001571934,TAO SYNERGIES,1
813298,"DESTINATION XL GROUP, INC.",DXLG,Nasdaq,0000813298,DESTINATION XL,1
911147,CENTURY CASINOS INC /CO/,CNTY,Nasdaq,0000911147,CENTURY CASINOS,1
1841209,MicroCloud Hologram Inc.,HOLO,Nasdaq,0001841209,MICROCLOUD HOLOGRAM,1
2051820,Mount Logan Capital Inc.,MLCI,Nasdaq,0002051820,MOUNT LOGAN CAPITAL,1
1719714,Mereo BioPharma Group plc,MREO,Nasdaq,0001719714,MEREO BIOPHARMA,1
1775898,uCloudlink Group Inc.,UCL,Nasdaq,0001775898,UCLOUDLINK,1
728385,Birchtech Corp.,BCHT,NYSE,0000728385,BIRCHTECH,1
1621906,Western Uranium & Vanadium Corp.,WSTRF,OTC,0001621906,WESTERN URANIUM VANADIUM,0
1859035,Mountain Crest Acquisition Corp. V,MCAG,OTC,0001859035,MOUNTAIN CREST ACQUISITION V,0
727510,"Viskase Holdings, Inc.",ENZN,OTC,0000727510,VISKASE,0
1720553,Phenom Resources Corp.,PHNMF,OTC,0001720553,PHENOM RESOURCES,0
2039273,Jaguar Uranium Corp.,JAGU,NYSE,0002039273,JAGUAR URANIUM,1
1409375,"ORION ENERGY SYSTEMS, INC.",OESX,Nasdaq,0001409375,ORION ENERGY SYSTEMS,1
1346830,"Tvardi Therapeutics, Inc.",TVRD,Nasdaq,0001346830,TVARDI THERAPEUTICS,1
1879293,"Mag Mile Capital, Inc.",MMCP,OTC,0001879293,MAG MILE CAPITAL,0
1134982,"Apple iSports Group, Inc.",AAPI,OTC,0001134982,APPLE ISPORTS,0
718332,"RAVE RESTAURANT GROUP, INC.",RAVE,Nasdaq,0000718332,RAVE RESTAURANT,1
1667313,"Zedge, Inc.",ZDGE,NYSE,0001667313,ZEDGE,1
1949257,Radiopharm Theranostics Ltd,RADX,Nasdaq,0001949257,RADIOPHARM THERANOSTICS,1
1355848,"Kartoon Studios, Inc.",TOON,NYSE,0001355848,KARTOON STUDIOS,1
716634,READING INTERNATIONAL INC,RDI,Nasdaq,0000716634,READING INTERNATIONAL,1
1759546,NU RIDE INC.,NRDE,OTC,0001759546,NU RIDE,0
1737339,Aurora Mobile Ltd,JG,Nasdaq,0001737339,AURORA MOBILE,1
1574094,"RenovoRx, Inc.",RNXT,Nasdaq,0001574094,RENOVORX,1
1666071,"Cardlytics, Inc.",CDLX,Nasdaq,0001666071,CARDLYTICS,1
1017303,TRANSACT TECHNOLOGIES INC,TACT,Nasdaq,0001017303,TRANSACT TECHNOLOGIES,1
723533,Wenyuan Group Corp.,WYGC,OTC,0000723533,WENYUAN,0
1398805,Beam Global,BEEM,Nasdaq,0001398805,BEAM GLOBAL,1
56701,KOSS CORP,KOSS,Nasdaq,0000056701,KOSS,1
722572,FRANKLIN WIRELESS CORP,FKWL,Nasdaq,0000722572,FRANKLIN WIRELESS,1
1714562,"GameSquare Holdings, Inc.",GAME,Nasdaq,0001714562,GAMESQUARE,1
1847846,EUDA Health Holdings Ltd,EUDA,Nasdaq,0001847846,EUDA HEALTH,1
1158780,Pluri Inc.,PLUR,Nasdaq,0001158780,PLURI,1
1085243,"VirTra, Inc",VTSI,Nasdaq,0001085243,VIRTRA,1
1500198,NEUROONE MEDICAL TECHNOLOGIES Corp,NMTC,Nasdaq,0001500198,NEUROONE MEDICAL TECHNOLOGIES,1
811522,QUARTZ MOUNTAIN RESOURCES LTD,QZMRF,OTC,0000811522,QUARTZ MOUNTAIN RESOURCES,0
1297341,Kentucky First Federal Bancorp,KFFB,Nasdaq,0001297341,KENTUCKY FIRST FEDERAL,1
1873454,Ruanyun Edai Technology Inc.,RYET,Nasdaq,0001873454,RUANYUN EDAI TECHNOLOGY,1
766792,CVD EQUIPMENT CORP,CVV,Nasdaq,0000766792,CVD EQUIPMENT,1
1877557,Integrated Wellness Acquisition Corp,WELNF,OTC,0001877557,INTEGRATED WELLNESS ACQUISITION,0
1095981,"PLUS THERAPEUTICS, INC.",PSTV,Nasdaq,0001095981,PLUS THERAPEUTICS,1
1210708,"Star Equity Holdings, Inc.",STRR,Nasdaq,0001210708,STAR EQUITY,1
1799448,"Aligos Therapeutics, Inc.",ALGS,Nasdaq,0001799448,ALIGOS THERAPEUTICS,1
827187,Sleep Number Corp,SNBR,Nasdaq,0000827187,SLEEP NUMBER,1
2010959,AMBITIONS ENTERPRISE MANAGEMENT CO. L.L.C,AHMA,Nasdaq,0002010959,AMBITIONS ENTERPRISE MANAGEMENT L L C,1
1427901,Gold Strike Resources Corp.,GDSRF,OTC,0001427901,GOLD STRIKE RESOURCES,0
1953021,Mega Matrix Inc,MPU,NYSE,0001953021,MEGA MATRIX,1
880406,"Herzfeld Credit Income Fund, Inc",HERZ,Nasdaq,0000880406,HERZFELD CREDIT INCOME FUND,1
1567663,ATICO MINING Corp,ATCMF,OTC,0001567663,ATICO MINING,0
1763950,Lantern Pharma Inc.,LTRN,Nasdaq,0001763950,LANTERN PHARMA,1
1872525,"Stran & Company, Inc.",SWAG,Nasdaq,0001872525,STRAN,1
1842556,EON Resources Inc.,EONR,NYSE,0001842556,EON RESOURCES,1
1661059,"NextCure, Inc.",NXTC,Nasdaq,0001661059,NEXTCURE,1
1369290,"MYOMO, INC.",MYO,NYSE,0001369290,MYOMO,1
1853044,"Aeries Technology, Inc.",AERT,Nasdaq,0001853044,AERIES TECHNOLOGY,1
1928340,GOLDEN HEAVEN GROUP HOLDINGS LTD.,GDHG,Nasdaq,0001928340,GOLDEN HEAVEN,1
2024258,PHAOS TECHNOLOGY HOLDINGS (CAYMAN) Ltd,POAS,NYSE,0002024258,PHAOS TECHNOLOGY CAYMAN,1
1649739,BayFirst Financial Corp.,BAFN,Nasdaq,0001649739,BAYFIRST,1
1410738,Voip-pal.com Inc,VPLM,OTC,0001410738,VOIP PAL COM,0
719733,KEY TRONIC CORP,KTCC,Nasdaq,0000719733,KEY TRONIC,1
1446159,Axe Compute Inc.,AGPU,Nasdaq,0001446159,AXE COMPUTE,1
722313,NORTECH SYSTEMS INC,NSYS,Nasdaq,0000722313,NORTECH SYSTEMS,1
876717,"ABRDN GLOBAL INCOME FUND, INC.",FCO,NYSE,0000876717,ABRDN GLOBAL INCOME FUND,1
1370416,WESTPORT FUEL SYSTEMS INC.,WPRT,Nasdaq,0001370416,WESTPORT FUEL SYSTEMS,1
1706404,Aztec Minerals Corp.,AZZTF,OTC,0001706404,AZTEC MINERALS,0
1769624,Triller Group Inc.,ILLR,Nasdaq,0001769624,TRILLER,1
1083522,JONES SODA CO.,JSDA,OTC,0001083522,JONES SODA,0
830616,"SCI Engineered Materials, Inc.",SCIA,OTC,0000830616,SCI ENGINEERED MATERIALS,0
83350,RESERVE PETROLEUM CO,RSRV,OTC,0000083350,RESERVE PETROLEUM,0
2011458,Zenta Group Co Ltd,ZTG,Nasdaq,0002011458,ZENTA,1
1321834,"Q/C TECHNOLOGIES, INC.",QCLS,Nasdaq,0001321834,Q C TECHNOLOGIES,1
1196298,NEPHROS INC,NEPH,Nasdaq,0001196298,NEPHROS,1
1814215,"Nuburu, Inc.",BURU,NYSE,0001814215,NUBURU,1
863894,VERU INC.,VERU,Nasdaq,0000863894,VERU,1
2029039,Nasus Pharma Ltd,NSRX,NYSE,0002029039,NASUS PHARMA,1
1065078,"NETWORK-1 TECHNOLOGIES, INC.",NTIP,NYSE,0001065078,NETWORK 1 TECHNOLOGIES,1
1760233,"GIFTIFY, INC.",GIFT,Nasdaq,0001760233,GIFTIFY,1
1807887,Laser Photonics Corp,LASE,Nasdaq,0001807887,LASER PHOTONICS,1
1781162,Momentus Inc.,MNTS,Nasdaq,0001781162,MOMENTUS,1
1218683,"Big Digital Energy, Inc.",BGDE,Nasdaq,0001218683,BIG DIGITAL ENERGY,1
1782303,"Boundless Bio, Inc.",BOLD,Nasdaq,0001782303,BOUNDLESS BIO,1
1444192,"Grace Therapeutics, Inc.",GRCE,Nasdaq,0001444192,GRACE THERAPEUTICS,1
1534708,"Beeline Holdings, Inc.",BLNE,Nasdaq,0001534708,BEELINE,1
1901799,Bitcoin Depot Inc.,BTM,Nasdaq,0001901799,BITCOIN DEPOT,1
1712178,NaaS Technology Inc.,NAAS,Nasdaq,0001712178,NAAS TECHNOLOGY,1
1860871,Tevogen Bio Holdings Inc.,TVGN,Nasdaq,0001860871,TEVOGEN BIO,1
1746119,Vanguard Green Investment Ltd,VGES,OTC,0001746119,VANGUARD GREEN INVESTMENT,0
1934642,"MDB Capital Holdings, LLC",MDBH,Nasdaq,0001934642,MDB CAPITAL,1
1905688,AERO ENERGY Ltd,MAUUF,OTC,0001905688,AERO ENERGY,0
1944885,Apollomics Inc.,APLM,Nasdaq,0001944885,APOLLOMICS,1
101295,UNITED GUARDIAN INC,UG,Nasdaq,0000101295,UNITED GUARDIAN,1
788611,"NextTrip, Inc.",NTRP,Nasdaq,0000788611,NEXTTRIP,1
2014337,Texxon Holding Ltd,NPT,Nasdaq,0002014337,TEXXON,1
1969475,Bayview Acquisition Corp,BAYA,Nasdaq,0001969475,BAYVIEW ACQUISITION,1
1963088,"AtlasClear Holdings, Inc.",ATCH,NYSE,0001963088,ATLASCLEAR,1
1191832,Kingsmen Resources Ltd.,KNGRF,OTC,0001191832,KINGSMEN RESOURCES,0
2027360,RedCloud Holdings plc,RCT,Nasdaq,0002027360,REDCLOUD,1
1484674,"ALL THINGS MOBILE ANALYTIC, INC.",ATMH,OTC,0001484674,ALL THINGS MOBILE ANALYTIC,0
1828253,Evaxion A/S,EVAX,Nasdaq,0001828253,EVAXION S,1
1938109,Pineapple Financial Inc.,PAPL,NYSE,0001938109,PINEAPPLE,1
1425287,Workhorse Group Inc.,WKHS,Nasdaq,0001425287,WORKHORSE,1
754811,U S GLOBAL INVESTORS INC,GROW,Nasdaq,0000754811,US GLOBAL INVESTORS,1
81955,RAND CAPITAL CORP,RAND,Nasdaq,0000081955,RAND CAPITAL,1
1818274,Arrive AI Inc.,ARAI,Nasdaq,0001818274,ARRIVE AI,1
1724009,PermRock Royalty Trust,PRT,NYSE,0001724009,PERMROCK ROYALTY,1
1831523,Southern Financial Corp,SFCO,OTC,0001831523,SOUTHERN,0
1096296,MINERALRITE Corp,RITE,OTC,0001096296,MINERALRITE,0
1785424,"Katapult Holdings, Inc.",KPLT,Nasdaq,0001785424,KATAPULT,1
2013807,Foxx Development Holdings Inc.,FOXX,Nasdaq,0002013807,FOXX DEVELOPMENT,1
1053691,CervoMed Inc.,CRVO,Nasdaq,0001053691,CERVOMED,1
1650696,"Laird Superfood, Inc.",LSF,NYSE,0001650696,LAIRD SUPERFOOD,1
1875016,"J-Star Holding Co., Ltd.",YMAT,Nasdaq,0001875016,J STAR,1
1138723,ACCURAY INC,ARAY,Nasdaq,0001138723,ACCURAY,1
1379006,"NANOVIRICIDES, INC.",NNVC,NYSE,0001379006,NANOVIRICIDES,1
1449349,VIVOS INC,RDGL,OTC,0001449349,VIVOS,0
1498067,SKYTECH ORION GLOBAL CORP.,CTGL,OTC,0001498067,SKYTECH ORION GLOBAL,0
1005516,BOS BETTER ONLINE SOLUTIONS LTD,BOSC,Nasdaq,0001005516,BOS BETTER ONLINE SOLUTIONS,1
1726159,AMERICAN PACIFIC MINING CORP,USGDF,OTC,0001726159,AMERICAN PACIFIC MINING,0
2016337,PTL Ltd,PTLE,Nasdaq,0002016337,PTL,1
1871983,Anghami Inc,ANGH,Nasdaq,0001871983,ANGHAMI,1
1401914,"Dare Bioscience, Inc.",DARE,Nasdaq,0001401914,DARE BIOSCIENCE,1
1786318,INTERNATIONAL BATTERY METALS LTD.,IBATF,OTC,0001786318,INTERNATIONAL BATTERY METALS,0
2011053,POWERBANK Corp,SUUN,Nasdaq,0002011053,POWERBANK,1
1854270,"Senti Biosciences Holdings, Inc.",SNTI,Nasdaq,0001854270,SENTI BIOSCIENCES,1
872699,KLONDIKE GOLD CORP /FI,KDKGF,OTC,0000872699,KLONDIKE GOLD FI,0
1113313,ARVANA INC,AVNI,OTC,0001113313,ARVANA,0
1720893,"BioXcel Therapeutics, Inc.",BTAI,Nasdaq,0001720893,BIOXCEL THERAPEUTICS,1
1041024,"ROCKWELL MEDICAL, INC.",RMTI,Nasdaq,0001041024,ROCKWELL MEDICAL,1
1175151,Cytosorbents Corp,CTSO,Nasdaq,0001175151,CYTOSORBENTS,1
1663038,Quantum Genesis AI Corp.,QTZM,,0001663038,QUANTUM GENESIS AI,0
1527038,KINCORA COPPER LTD,BZDLF,OTC,0001527038,KINCORA COPPER,0
1045742,LIVE VENTURES Inc,LIVE,Nasdaq,0001045742,LIVE VENTURES,1
1519472,"SolarMax Technology, Inc.",SMXT,Nasdaq,0001519472,SOLARMAX TECHNOLOGY,1
1479480,XALI GOLD CORP.,CGDXF,OTC,0001479480,XALI GOLD,0
1953984,"Binah Capital Group, Inc.",BCG,Nasdaq,0001953984,BINAH CAPITAL,1
1993463,"YSX Tech Co., Ltd",YSXT,Nasdaq,0001993463,YSX TECH,1
1991332,MKDWELL Tech Inc.,MKDW,Nasdaq,0001991332,MKDWELL TECH,1
1367993,"Holistic Asset Finance Group Co., Ltd.",HAFG,OTC,0001367993,HOLISTIC ASSET FINANCE,0
1089815,Elite Health Systems Inc.,EHSI,OTC,0001089815,ELITE HEALTH SYSTEMS,0
1951229,Reitar Logtech Holdings Ltd,RITR,Nasdaq,0001951229,REITAR LOGTECH,1
900391,NATUZZI S P A,NTZ,NYSE,0000900391,NATUZZI S P,1
1848275,TOP Financial Group Ltd,TOP,Nasdaq,0001848275,TOP,1
1645155,Webstar Technology Group Inc.,WBSR,OTC,0001645155,WEBSTAR TECHNOLOGY,0
1946021,Horizon Space Acquisition I Corp.,HSPOF,OTC,0001946021,HORIZON SPACE ACQUISITION I,0
1081745,"INTELLINETICS, INC.",INLX,NYSE,0001081745,INTELLINETICS,1
1297937,"PARKS AMERICA, INC",PRKA,OTC,0001297937,PARKS AMERICA,0
1563568,"Envirotech Vehicles, Inc.",EVTV,Nasdaq,0001563568,ENVIROTECH VEHICLES,1
1805833,"System1, Inc.",SST,NYSE,0001805833,SYSTEM1,1
351998,DATA I/O CORP,DAIO,Nasdaq,0000351998,DATA I O,1
831609,C21 Investments Inc.,CXXIF,OTC,0000831609,C21 INVESTMENTS,0
1875091,NeuroSense Therapeutics Ltd.,NRSN,Nasdaq,0001875091,NEUROSENSE THERAPEUTICS,1
2064764,Pulsenmore Ltd.,PLSM,Nasdaq,0002064764,PULSENMORE,1
1825024,Offerpad Solutions Inc.,OPAD,NYSE,0001825024,OFFERPAD SOLUTIONS,1
1852973,Borealis Foods Inc.,BRLS,Nasdaq,0001852973,BOREALIS FOODS,1
25895,CROWN CRAFTS INC,CRWS,Nasdaq,0000025895,CROWN CRAFTS,1
1832161,"VIP Play, Inc.",VIPZ,OTC,0001832161,VIP PLAY,0
1817161,Headwater Gold Inc.,HWAUF,OTC,0001817161,HEADWATER GOLD,0
1544770,BONTERRA RESOURCES INC.,BONXF,OTC,0001544770,BONTERRA RESOURCES,0
1530185,"Globaltek Ventures, Inc.",ATVK,OTC,0001530185,GLOBALTEK VENTURES,0
1847064,"PSQ Holdings, Inc.",PSQH,NYSE,0001847064,PSQ,1
1489300,Zhanling International Ltd,ZLME,OTC,0001489300,ZHANLING INTERNATIONAL,0
315545,"PROVECTUS BIOPHARMACEUTICALS, INC.",PVCT,OTC,0000315545,PROVECTUS BIOPHARMACEUTICALS,0
1891944,Primech Holdings Ltd,PMEC,Nasdaq,0001891944,PRIMECH,1
1275477,"BIMINI CAPITAL MANAGEMENT, INC.",BMNM,OTC,0001275477,BIMINI CAPITAL MANAGEMENT,0
1512922,"PetVivo Holdings, Inc.",PETV,OTC,0001512922,PETVIVO,0
862692,CRYO CELL INTERNATIONAL INC,CCEL,NYSE,0000862692,CRYO CELL INTERNATIONAL,1
1270436,Cohen & Co Inc.,COHN,NYSE,0001270436,COHEN,1
833021,MFS INTERMEDIATE HIGH INCOME FUND,CIF,NYSE,0000833021,MFS INTERMEDIATE HIGH INCOME FUND,1
1967631,Jinxin Technology Holding Co,NAMI,Nasdaq,0001967631,JINXIN TECHNOLOGY,1
2041338,Dreamland Ltd,TDIC,Nasdaq,0002041338,DREAMLAND,1
320017,"LISATA THERAPEUTICS, INC.",LSTA,Nasdaq,0000320017,LISATA THERAPEUTICS,1
1597846,Greenpro Capital Corp.,GRNQ,Nasdaq,0001597846,GREENPRO CAPITAL,1
855683,MILESTONE SCIENTIFIC INC.,MLSS,NYSE,0000855683,MILESTONE SCIENTIFIC,1
914139,PARKERVISION INC,PRKR,OTC,0000914139,PARKERVISION,0
1935418,Foremost Clean Energy Ltd.,FMST,Nasdaq,0001935418,FOREMOST CLEAN ENERGY,1
1785494,Woodbridge Liquidation Trust,WBQNL,OTC,0001785494,WOODBRIDGE LIQUIDATION,0
1858007,Goldenstone Acquisition Ltd.,GDST,OTC,0001858007,GOLDENSTONE ACQUISITION,0
1516551,"Skye Bioscience, Inc.",SKYE,Nasdaq,0001516551,SKYE BIOSCIENCE,1
1643154,"iANTHUS CAPITAL HOLDINGS, INC.",ITHUF,OTC,0001643154,IANTHUS CAPITAL,0
1899005,Beamr Imaging Ltd.,BMR,Nasdaq,0001899005,BEAMR IMAGING,1
811222,Cardiff Lexington Corp,CDIX,OTC,0000811222,CARDIFF LEXINGTON,0
1130598,"Traws Pharma, Inc.",TRAW,Nasdaq,0001130598,TRAWS PHARMA,1
1326205,"IGC Pharma, Inc.",IGC,NYSE,0001326205,IGC PHARMA,1
1872090,YXT.COM GROUP HOLDING Ltd,YXT,Nasdaq,0001872090,YXT COM,1
1840317,VEEA INC.,VEEA,Nasdaq,0001840317,VEEA,1
1460702,"AIxCrypto Holdings, Inc.",AIXC,Nasdaq,0001460702,AIXCRYPTO,1
1821806,"Leslie's, Inc.",LESL,Nasdaq,0001821806,LESLIE S,1
1967656,"PFS Bancorp, Inc.",PFSB,OTC,0001967656,PFS,0
1673481,Sports Entertainment Gaming Global Corp,SEGG,Nasdaq,0001673481,SPORTS ENTERTAINMENT GAMING GLOBAL,1
1415397,Raphael Pharmaceutical Inc.,RAPH,OTC,0001415397,RAPHAEL PHARMACEUTICAL,0
1173313,"ABVC BIOPHARMA, INC.",ABVC,Nasdaq,0001173313,ABVC BIOPHARMA,1
1015739,AWARE INC /MA/,AWRE,Nasdaq,0001015739,AWARE MA,1
1948697,SIMPPLE LTD.,SPPL,Nasdaq,0001948697,SIMPPLE,1
2010499,Diginex Ltd,DGNX,Nasdaq,0002010499,DIGINEX,1
1866838,Inception Growth Acquisition Ltd,IGTA,OTC,0001866838,INCEPTION GROWTH ACQUISITION,0
1770088,WiMi Hologram Cloud Inc.,WIMI,Nasdaq,0001770088,WIMI HOLOGRAM CLOUD,1
1522767,MARIMED INC.,MRMD,OTC,0001522767,MARIMED,0
793524,RESEARCH FRONTIERS INC,REFR,Nasdaq,0000793524,RESEARCH FRONTIERS,1
1882781,"C2 Blockchain, Inc.",CBLO,OTC,0001882781,C2 BLOCKCHAIN,0
1893645,Polyrizon Ltd.,PLRZ,Nasdaq,0001893645,POLYRIZON,1
1869601,Embrace Change Acquisition Corp.,EMCGF,OTC,0001869601,EMBRACE CHANGE ACQUISITION,0
921299,"KYNTRA BIO, INC.",KYNB,Nasdaq,0000921299,KYNTRA BIO,1
1649989,"Outlook Therapeutics, Inc.",OTLK,Nasdaq,0001649989,OUTLOOK THERAPEUTICS,1
87050,Neonode Inc.,NEON,Nasdaq,0000087050,NEONODE,1
1780201,"Lulu's Fashion Lounge Holdings, Inc.",LVLU,Nasdaq,0001780201,LULU S FASHION LOUNGE,1
1829802,"Sensei Biotherapeutics, Inc.",SNSE,Nasdaq,0001829802,SENSEI BIOTHERAPEUTICS,1
843006,ACCESS Newswire Inc.,ACCS,NYSE,0000843006,ACCESS NEWSWIRE,1
1769484,Bioceres Crop Solutions Corp.,BIOX,Nasdaq,0001769484,BIOCERES CROP SOLUTIONS,1
2027722,Grande Group Ltd/HK,GRAN,Nasdaq,0002027722,GRANDE HK,1
1102993,LIVEPERSON INC,LPSN,Nasdaq,0001102993,LIVEPERSON,1
351789,ELECTRO SENSORS INC,ELSE,Nasdaq,0000351789,ELECTRO SENSORS,1
1803977,Limitless X Holdings Inc.,LIMX,OTC,0001803977,LIMITLESS X,0
1015647,ALMADEN MINERALS LTD,AAUAF,OTC,0001015647,ALMADEN MINERALS,0
1819438,"ESS Tech, Inc.",GWH,NYSE,0001819438,ESS TECH,1
1030471,UTSTARCOM HOLDINGS CORP.,UTSI,Nasdaq,0001030471,UTSTARCOM,1
1903392,ClimateRock,CLRCF,OTC,0001903392,CLIMATEROCK,0
1319150,Pacific Booker Minerals Inc.,PBMLF,OTC,0001319150,PACIFIC BOOKER MINERALS,0
34285,RELIABILITY INC,RLBY,OTC,0000034285,RELIABILITY,0
1828185,Barinthus Biotherapeutics plc.,BRNS,Nasdaq,0001828185,BARINTHUS BIOTHERAPEUTICS,1
1563665,"Harvard Apparatus Regenerative Technology, Inc.",HRGN,OTC,0001563665,HARVARD APPARATUS REGENERATIVE TECHNOLOGY,0
40570,GEE Group Inc.,JOB,NYSE,0000040570,GEE,1
1724542,CLPS Inc,CLPS,Nasdaq,0001724542,CLPS,1
844856,Healthier Choices Management Corp.,HCMC,OTC,0000844856,HEALTHIER CHOICES MANAGEMENT,0
1213809,DYADIC INTERNATIONAL INC,DYAI,Nasdaq,0001213809,DYADIC INTERNATIONAL,1
1544227,"Tempest Therapeutics, Inc.",TPST,Nasdaq,0001544227,TEMPEST THERAPEUTICS,1
803578,"FIREFLY NEUROSCIENCE, INC.",AIFF,Nasdaq,0000803578,FIREFLY NEUROSCIENCE,1
1401835,Star Gold Corp.,SRGZ,OTC,0001401835,STAR GOLD,0
1890361,ASPAC III Acquisition Corp.,ASPC,Nasdaq,0001890361,ASPAC III ACQUISITION,1
1832487,"Guerrilla RF, Inc.",GUER,OTC,0001832487,GUERRILLA RF,0
1106213,SEAFARER EXPLORATION CORP,SFRX,OTC,0001106213,SEAFARER EXPLORATION,0
1318482,KIDOZ INC.,KDOZF,OTC,0001318482,KIDOZ,0
1539850,"Starco Brands, Inc.",STCB,OTC,0001539850,STARCO BRANDS,0
1979484,Above Food Ingredients Inc.,ABVE,Nasdaq,0001979484,ABOVE FOOD INGREDIENTS,1
1807389,"Pop Culture Group Co., Ltd",CPOP,Nasdaq,0001807389,POP CULTURE,1
1099160,BEASLEY BROADCAST GROUP INC,BBGI,Nasdaq,0001099160,BEASLEY BROADCAST,1
1819493,"Xos, Inc.",XOS,Nasdaq,0001819493,XOS,1
1434524,ClearSign Technologies Corp,CLIR,Nasdaq,0001434524,CLEARSIGN TECHNOLOGIES,1
1595527,American Strategic Investment Co.,NYC,NYSE,0001595527,AMERICAN STRATEGIC INVESTMENT,1
1780731,E-Power Inc.,EPOW,Nasdaq,0001780731,E POWER,1
911216,PALATIN TECHNOLOGIES INC,PTN,NYSE,0000911216,PALATIN TECHNOLOGIES,1
1191070,Neuphoria Therapeutics Inc.,NEUP,Nasdaq,0001191070,NEUPHORIA THERAPEUTICS,1
1110607,"Koil Energy Solutions, Inc.",KLNG,OTC,0001110607,KOIL ENERGY SOLUTIONS,0
1683408,Rocky Shore Gold Ltd.,RSGLF,OTC,0001683408,ROCKY SHORE GOLD,0
1966750,Zhibao Technology Inc.,ZBAO,Nasdaq,0001966750,ZHIBAO TECHNOLOGY,1
2056030,South Pacific Metals Corp.,SPMEF,OTC,0002056030,SOUTH PACIFIC METALS,0
1041657,"URBAN ONE, INC.",UONE,Nasdaq,0001041657,URBAN ONE,1
924168,"ENERGY FOCUS, INC/DE",EFOI,Nasdaq,0000924168,ENERGY FOCUS DE,1
1584693,SafeSpace Global Corp,SSGC,OTC,0001584693,SAFESPACE GLOBAL,0
1982448,BeLive Holdings,BLIV,Nasdaq,0001982448,BELIVE,1
1279704,"Cellectar Biosciences, Inc.",CLRB,Nasdaq,0001279704,CELLECTAR BIOSCIENCES,1
1438943,"RANGE IMPACT, INC.",RNGE,OTC,0001438943,RANGE IMPACT,0
1999111,Meta Critical Minerals Inc.,MTTAF,OTC,0001999111,META CRITICAL MINERALS,0
1808220,"GoHealth, Inc.",GOCO,Nasdaq,0001808220,GOHEALTH,1
1117057,Planet Green Holdings Corp.,PLAG,NYSE,0001117057,PLANET GREEN,1
1785530,"Werewolf Therapeutics, Inc.",HOWL,Nasdaq,0001785530,WEREWOLF THERAPEUTICS,1
2021688,Uni-Fuels Holdings Ltd,UFG,Nasdaq,0002021688,UNI FUELS,1
1839530,"XBP Global Holdings, Inc.",XBP,Nasdaq,0001839530,XBP GLOBAL,1
1722731,"FDCTECH, INC.",FDCT,OTC,0001722731,FDCTECH,0
1684688,ATLAS CRITICAL MINERALS Corp,ATCX,Nasdaq,0001684688,ATLAS CRITICAL MINERALS,1
1411685,"Vistagen Therapeutics, Inc.",VTGN,Nasdaq,0001411685,VISTAGEN THERAPEUTICS,1
1066764,Bimergen Energy Corp,BESS,NYSE,0001066764,BIMERGEN ENERGY,1
1111741,"DYNARESOURCE, INC.",DYNR,OTC,0001111741,DYNARESOURCE,0
1844971,Greenidge Generation Holdings Inc.,GREE,Nasdaq,0001844971,GREENIDGE GENERATION,1
1861479,Terra Rossa Gold Ltd.,TRGXF,OTC,0001861479,TERRA ROSSA GOLD,0
1355839,INTELLIGENT PROTECTION MANAGEMENT CORP.,IPM,Nasdaq,0001355839,INTELLIGENT PROTECTION MANAGEMENT,1
1371782,MV Oil Trust,MVO,NYSE,0001371782,MV OIL,1
1708599,"Serina Therapeutics, Inc.",SER,NYSE,0001708599,SERINA THERAPEUTICS,1
2032779,Euroholdings Ltd.,EHLD,Nasdaq,0002032779,EUROHOLDINGS,1
1419336,Appia Rare Earths & Uranium Corp.,APAAF,OTC,0001419336,APPIA RARE EARTHS URANIUM,0
315958,CREDITRISKMONITOR COM INC,CRMZ,OTC,0000315958,CREDITRISKMONITOR COM,0
912061,NATURAL HEALTH TRENDS CORP,NHTC,Nasdaq,0000912061,NATURAL HEALTH TRENDS,1
1095146,Athena Bitcoin Global,ABIT,OTC,0001095146,ATHENA BITCOIN GLOBAL,0
1821468,17 Education & Technology Group Inc.,YQ,Nasdaq,0001821468,17 EDUCATION TECHNOLOGY,1
1987189,Smart Logistics Global Ltd,SLGB,Nasdaq,0001987189,SMART LOGISTICS GLOBAL,1
1948436,J-Long Group Ltd,JL,Nasdaq,0001948436,J LONG,1
1007019,COFFEE HOLDING CO INC,JVA,Nasdaq,0001007019,COFFEE,1
2044327,C1 Fund Inc.,CFND,NYSE,0002044327,C1 FUND,1
1604191,GridAI Technologies Corp.,GRDX,Nasdaq,0001604191,GRIDAI TECHNOLOGIES,1
1668010,"Digital Brands Group, Inc.",DBGI,Nasdaq,0001668010,DIGITAL BRANDS,1
1855467,"MOBIX LABS, INC",MOBX,Nasdaq,0001855467,MOBIX LABS,1
1084267,"Mobiquity Technologies, Inc.",MOBQ,OTC,0001084267,MOBIQUITY TECHNOLOGIES,0
1788028,"Jasper Therapeutics, Inc.",JSPR,Nasdaq,0001788028,JASPER THERAPEUTICS,1
779544,ARK RESTAURANTS CORP,ARKR,Nasdaq,0000779544,ARK RESTAURANTS,1
1956166,Ming Shing Group Holdings Ltd,MSW,Nasdaq,0001956166,MING SHING,1
1123494,HARVARD BIOSCIENCE INC,HBIO,Nasdaq,0001123494,HARVARD BIOSCIENCE,1
1094038,"Marker Therapeutics, Inc.",MRKR,Nasdaq,0001094038,MARKER THERAPEUTICS,1
908259,"Oncotelic Therapeutics, Inc.",OTLC,OTC,0000908259,ONCOTELIC THERAPEUTICS,0
1919776,"LIBERTY DEFENSE HOLDINGS, LTD.",DETX,Nasdaq,0001919776,LIBERTY DEFENSE,1
1385818,"AYTU BIOPHARMA, INC",AYTU,Nasdaq,0001385818,AYTU BIOPHARMA,1
2012600,"rYojbaba Co., Ltd.",RYOJ,Nasdaq,0002012600,RYOJBABA,1
797465,"HG Holdings, Inc.",STLY,OTC,0000797465,HG,0
1377149,CareView Communications Inc,CRVW,OTC,0001377149,CAREVIEW COMMUNICATIONS,0
1709819,Four Seasons Education (Cayman) Inc.,FEDU,NYSE,0001709819,FOUR SEASONS EDUCATION CAYMAN,1
1624985,SUPA Consolidated Inc.,SFCX,OTC,0001624985,SUPA CONSOLIDATED,0
1831979,Stardust Power Inc.,SDST,Nasdaq,0001831979,STARDUST POWER,1
2027160,Vantage Corp (Singapore),VNTG,NYSE,0002027160,VANTAGE SINGAPORE,1
1752828,Celularity Inc,CELU,Nasdaq,0001752828,CELULARITY,1
25743,"TherapeuticsMD, Inc.",TXMD,Nasdaq,0000025743,THERAPEUTICSMD,1
1927578,NetClass Technology Inc,NTCL,Nasdaq,0001927578,NETCLASS TECHNOLOGY,1
1866460,Military Metals Corp.,MILIF,OTC,0001866460,MILITARY METALS,0
2078149,"Veri MedTech Holdings, Inc.",VRHI,OTC,0002078149,VERI MEDTECH,0
829323,"Inuvo, Inc.",INUV,NYSE,0000829323,INUVO,1
1982960,KNOREX LTD.,KNRX,NYSE,0001982960,KNOREX,1
1666782,Irving Resources Inc.,IRVRF,OTC,0001666782,IRVING RESOURCES,0
1140215,"REED'S, INC.",REED,NYSE,0001140215,REED S,1
2072421,"Seneca Bancorp, Inc.",SNNF,OTC,0002072421,SENECA,0
1602842,Orion Digital Corp.,ORIO,Nasdaq,0001602842,ORION DIGITAL,1
1459188,Charging Robotics Inc.,CHEV,OTC,0001459188,CHARGING ROBOTICS,0
1877778,"Thiogenesis Therapeutics, Corp.",TTIPF,OTC,0001877778,THIOGENESIS THERAPEUTICS,0
1847986,Dragonfly Energy Holdings Corp.,DFLI,Nasdaq,0001847986,DRAGONFLY ENERGY,1
1310488,"BIOFORCE NANOSCIENCES HOLDINGS, INC.",BFNH,OTC,0001310488,BIOFORCE NANOSCIENCES,0
2099188,Spectre Acquisition Corp,SPEX,,0002099188,SPECTRE ACQUISITION,0
1472072,Concord Medical Services Holdings Ltd,CCM,NYSE,0001472072,CONCORD MEDICAL,1
1566044,VYNE Therapeutics Inc.,VYNE,Nasdaq,0001566044,VYNE THERAPEUTICS,1
1630176,HEALTHY EXTRACTS INC.,HYEX,OTC,0001630176,HEALTHY EXTRACTS,0
877028,T2 Metals Corp.,TWOSF,OTC,0000877028,T2 METALS,0
1481504,"XERIANT, INC.",XERI,OTC,0001481504,XERIANT,0
1442236,Quest Resource Holding Corp,QRHC,Nasdaq,0001442236,QUEST RESOURCE,1
1418149,Hillcrest Energy Technologies Ltd.,HLRTF,OTC,0001418149,HILLCREST ENERGY TECHNOLOGIES,0
1610820,BriaCell Therapeutics Corp.,BCTX,Nasdaq,0001610820,BRIACELL THERAPEUTICS,1
1843165,LQR House Inc.,YHC,Nasdaq,0001843165,LQR HOUSE,1
352955,"CKX LANDS, INC.",CKX,NYSE,0000352955,CKX LANDS,1
1742195,Rubicon Organics Inc.,ROMJF,OTC,0001742195,RUBICON ORGANICS,0
1912847,United Maritime Corp,USEA,Nasdaq,0001912847,UNITED MARITIME,1
1944399,Perpetuals.com Ltd,PDC,Nasdaq,0001944399,PERPETUALS COM,1
1657214,International Land Alliance Inc.,ILAL,OTC,0001657214,INTERNATIONAL LAND ALLIANCE,0
1339005,FEMASYS INC,FEMY,Nasdaq,0001339005,FEMASYS,1
2002453,STAK Inc.,STAK,Nasdaq,0002002453,STAK,1
1847075,SAIHEAT Ltd,SAIH,Nasdaq,0001847075,SAIHEAT,1
2079272,Lakewood-Amedex Biotherapeutics Inc.,LABT,Nasdaq,0002079272,LAKEWOOD AMEDEX BIOTHERAPEUTICS,1
1753162,Fathom Holdings Inc.,FTHM,Nasdaq,0001753162,FATHOM,1
1988634,Power Metal Resources PLC,POWMF,OTC,0001988634,POWER METAL RESOURCES,0
1505155,"Upland Software, Inc.",UPLD,Nasdaq,0001505155,UPLAND SOFTWARE,1
1649009,"Core AI Holdings, Inc.",CHAI,Nasdaq,0001649009,CORE AI,1
1090396,TABLE TRAC INC,TBTC,OTC,0001090396,TABLE TRAC,0
1509646,Phoenix New Media Ltd,FENG,NYSE,0001509646,PHOENIX NEW MEDIA,1
1481241,Performance Shipping Inc.,PSHG,Nasdaq,0001481241,PERFORMANCE SHIPPING,1
1672571,Antiaging Quantum Living Inc.,AAQL,OTC,0001672571,ANTIAGING QUANTUM LIVING,0
948708,"SMITH MICRO SOFTWARE, INC.",SMSI,Nasdaq,0000948708,SMITH MICRO SOFTWARE,1
1860657,"Allarity Therapeutics, Inc.",ALLR,Nasdaq,0001860657,ALLARITY THERAPEUTICS,1
1083743,"Flux Power Holdings, Inc.",FLUX,Nasdaq,0001083743,FLUX POWER,1
1686000,Japan Gold Corp.,JGLDF,OTC,0001686000,JAPAN GOLD,0
1721484,Longeveron Inc.,LGVN,Nasdaq,0001721484,LONGEVERON,1
725363,CEL SCI CORP,CVM,NYSE,0000725363,CEL SCI,1
2009714,TMD Energy Ltd,TMDE,NYSE,0002009714,TMD ENERGY,1
45919,HARTE HANKS INC,HHS,Nasdaq,0000045919,HARTE HANKS,1
1311673,"Yale Transaction Finders, Inc.",YTFD,OTC,0001311673,YALE TRANSACTION FINDERS,0
1587603,"WINNERS, INC.",WNRS,OTC,0001587603,WINNERS,0
1031093,"SILVER BULL RESOURCES, INC.",SVBL,OTC,0001031093,SILVER BULL RESOURCES,0
1578348,"Investcorp Credit Management BDC, Inc.",ICMB,Nasdaq,0001578348,INVESTCORP CREDIT MANAGEMENT BDC,1
1530746,"Kaya Holdings, Inc.",KAYS,OTC,0001530746,KAYA,0
1683274,Rio Silver Inc.,RYOOF,OTC,0001683274,RIO SILVER,0
1487718,"AMERICAN BATTERY MATERIALS, INC.",BLTH,OTC,0001487718,AMERICAN BATTERY MATERIALS,0
1820025,Ridgeline Minerals Corp,RDGMF,OTC,0001820025,RIDGELINE MINERALS,0
1307579,LIQTECH INTERNATIONAL INC,LIQT,Nasdaq,0001307579,LIQTECH INTERNATIONAL,1
1989815,Targa Exploration Corp.,TRGEF,OTC,0001989815,TARGA EXPLORATION,0
2006986,"Adagio Medical Holdings, Inc.",ADGM,Nasdaq,0002006986,ADAGIO MEDICAL,1
1174891,"CalEthos, Inc.",GEDC,OTC,0001174891,CALETHOS,0
1996192,Lakeside Holding Ltd,LSH,Nasdaq,0001996192,LAKESIDE,1
747540,SURGE COMPONENTS INC,SPRS,OTC,0000747540,SURGE COMPONENTS,0
1509705,New Zealand Energy Corp.,NZERF,OTC,0001509705,NEW ZEALAND ENERGY,0
1493130,PROSTAR HOLDINGS INC. /BC,MAPPF,OTC,0001493130,PROSTAR BC,0
1978811,"Gouverneur Bancorp, Inc./MD/",GOVB,OTC,0001978811,GOUVERNEUR MD,0
1944902,Ohmyhome Ltd,OMH,Nasdaq,0001944902,OHMYHOME,1
1916331,Neo-Concept International Group Holdings Ltd,NCI,Nasdaq,0001916331,NEO CONCEPT INTERNATIONAL,1
1969401,Linkage Global Inc,LGCB,Nasdaq,0001969401,LINKAGE GLOBAL,1
1616262,"Rocky Mountain Chocolate Factory, Inc.",RMCF,Nasdaq,0001616262,ROCKY MOUNTAIN CHOCOLATE FACTORY,1
1261002,GENOIL INC,GNOLF,OTC,0001261002,GENOIL,0
1703292,KENADYR METALS CORP,ALGRF,OTC,0001703292,KENADYR METALS,0
2038378,Acco Group Holdings Ltd,ACCL,Nasdaq,0002038378,ACCO,1
1071840,"SolarWindow Technologies, Inc.",WNDW,OTC,0001071840,SOLARWINDOW TECHNOLOGIES,0
1409036,Silver North Resources Ltd.,TARSF,OTC,0001409036,SILVER NORTH RESOURCES,0
1568183,AURANIA RESOURCES LTD.,AUIAF,OTC,0001568183,AURANIA RESOURCES,0
1387473,Triumph Gold Corp.,TIGCF,OTC,0001387473,TRIUMPH GOLD,0
1836747,Red Light Holland Corp.,TRUFF,OTC,0001836747,RED LIGHT HOLLAND,0
1837607,"AEON Biopharma, Inc.",AEON,NYSE,0001837607,AEON BIOPHARMA,1
1874097,Cyngn Inc.,CYN,Nasdaq,0001874097,CYNGN,1
1841330,Pasithea Therapeutics Corp.,KTTA,Nasdaq,0001841330,PASITHEA THERAPEUTICS,1
1106861,CS DIAGNOSTICS CORP.,CSDX,OTC,0001106861,CS DIAGNOSTICS,0
1232582,ASHFORD HOSPITALITY TRUST INC,AHT,NYSE,0001232582,ASHFORD HOSPITALITY,1
1943444,Tungray Technologies Inc,TRSG,Nasdaq,0001943444,TUNGRAY TECHNOLOGIES,1
878932,"EQUUS TOTAL RETURN, INC.",EQS,NYSE,0000878932,EQUUS TOTAL RETURN,1
924515,GUIDED THERAPEUTICS INC,GTHP,OTC,0000924515,GUIDED THERAPEUTICS,0
1903595,"Brag House Holdings, Inc.",TBH,Nasdaq,0001903595,BRAG HOUSE,1
1017655,PAID INC,PAYD,OTC,0001017655,PAID,0
1506251,"Citius Pharmaceuticals, Inc.",CTXR,Nasdaq,0001506251,CITIUS PHARMACEUTICALS,1
946563,RETRACTABLE TECHNOLOGIES INC,RVP,NYSE,0000946563,RETRACTABLE TECHNOLOGIES,1
1470683,Antelope Enterprise Holdings Ltd,AEHL,Nasdaq,0001470683,ANTELOPE ENTERPRISE,1
909724,TANDY LEATHER FACTORY INC,TLF,Nasdaq,0000909724,TANDY LEATHER FACTORY,1
1537317,Independence Gold Corp.,IEGCF,OTC,0001537317,INDEPENDENCE GOLD,0
1424864,Rise Gold Corp.,RYES,OTC,0001424864,RISE GOLD,0
1108205,CURIS INC,CRIS,Nasdaq,0001108205,CURIS,1
1713923,Jianpu Technology Inc.,AIJTY,OTC,0001713923,JIANPU TECHNOLOGY,0
66418,MEXCO ENERGY CORP,MXC,NYSE,0000066418,MEXCO ENERGY,1
919567,"RENN Fund, Inc.",RCG,NYSE,0000919567,RENN FUND,1
1557440,Compass Gold Corp,COGDF,OTC,0001557440,COMPASS GOLD,0
1840425,"OSR Holdings, Inc.",OSRH,Nasdaq,0001840425,OSR,1
1534154,authID Inc.,AUID,Nasdaq,0001534154,AUTHID,1
1901931,Kalo Gold Corp.,KLGDF,OTC,0001901931,KALO GOLD,0
1821175,Motorsport Games Inc.,MSGM,Nasdaq,0001821175,MOTORSPORT GAMES,1
1662774,"Quince Therapeutics, Inc.",QNCX,Nasdaq,0001662774,QUINCE THERAPEUTICS,1
1723047,Viva Gold Corp.,VAUCF,OTC,0001723047,VIVA GOLD,0
1584371,IceCure Medical Ltd.,ICCM,Nasdaq,0001584371,ICECURE MEDICAL,1
2000756,K Wave Media Ltd.,KWM,Nasdaq,0002000756,K WAVE MEDIA,1
1535955,Lipocine Inc.,LPCN,Nasdaq,0001535955,LIPOCINE,1
1607962,Lifeward Ltd.,LFWD,Nasdaq,0001607962,LIFEWARD,1
1787518,T3 Defense Inc.,DFNS,Nasdaq,0001787518,T3 DEFENSE,1
1119083,MIND CTI LTD,MNDO,Nasdaq,0001119083,MIND CTI,1
1720161,Castor Maritime Inc.,CTRM,Nasdaq,0001720161,CASTOR MARITIME,1
1650196,Visionary Copper & Gold Mines Inc.,VCGMF,OTC,0001650196,VISIONARY COPPER GOLD MINES,0
1897532,"Ping An Biomedical Co., Ltd.",PASW,Nasdaq,0001897532,PING AN BIOMEDICAL,1
1837821,Jin Medical International Ltd.,ZJYL,Nasdaq,0001837821,JIN MEDICAL INTERNATIONAL,1
1883437,Epsium Enterprise Ltd,EPSM,Nasdaq,0001883437,EPSIUM ENTERPRISE,1
1716338,J & Friends Holdings Ltd,JF,Nasdaq,0001716338,J FRIENDS,1
1894525,"Apimeds Pharmaceuticals US, Inc.",APUS,NYSE,0001894525,APIMEDS PHARMACEUTICALS US,1
1463978,BLUE SKY URANIUM CORP.,BKUCF,OTC,0001463978,BLUE SKY URANIUM,0
1995116,Rectitude Holdings Ltd.,RECT,Nasdaq,0001995116,RECTITUDE,1
1074871,"Modular Medical, Inc.",MODD,Nasdaq,0001074871,MODULAR MEDICAL,1
1524769,CHESAPEAKE GRANITE WASH TRUST,CHKR,OTC,0001524769,CHESAPEAKE GRANITE WASH,0
1654595,"Medalist Diversified, Inc.",MDRR,Nasdaq,0001654595,MEDALIST DIVERSIFIED,1
1169034,BLACKROCK VIRGINIA MUNICIPAL BOND TRUST,BHV,NYSE,0001169034,BLACKROCK VIRGINIA MUNICIPAL BOND,1
1977971,Altura Energy Corp.,ALTUF,OTC,0001977971,ALTURA ENERGY,0
1096938,"United Health Products, Inc.",UEEC,OTC,0001096938,UNITED HEALTH PRODUCTS,0
1698530,"EXICURE, INC.",XCUR,Nasdaq,0001698530,EXICURE,1
1778982,Huize Holding Ltd,HUIZ,Nasdaq,0001778982,HUIZE,1
1371128,"NewHydrogen, Inc.",NEWH,OTC,0001371128,NEWHYDROGEN,0
1967397,LZ Technology Holdings Ltd,LZMH,Nasdaq,0001967397,LZ TECHNOLOGY,1
1817740,Austin Gold Corp.,AUST,NYSE,0001817740,AUSTIN GOLD,1
1546853,"Skkynet Cloud Systems, Inc.",SKKY,OTC,0001546853,SKKYNET CLOUD SYSTEMS,0
1826660,Wetouch Technology Inc.,WETH,Nasdaq,0001826660,WETOUCH TECHNOLOGY,1
1729637,Karbon-X Corp.,KARX,OTC,0001729637,KARBON X,0
1967306,"Mercer Bancorp, Inc.",MSBB,OTC,0001967306,MERCER,0
2060083,"Hang Feng Technology Innovation Co., Ltd.",FOFO,Nasdaq,0002060083,HANG FENG TECHNOLOGY INNOVATION,1
1791725,"Huadi International Group Co., Ltd.",HUDI,Nasdaq,0001791725,HUADI INTERNATIONAL,1
1701261,"Farmmi, Inc.",FAMI,Nasdaq,0001701261,FARMMI,1
2030522,"Marwynn Holdings, Inc.",MWYN,Nasdaq,0002030522,MARWYNN,1
1502292,"Presurance Holdings, Inc.",PRHI,Nasdaq,0001502292,PRESURANCE,1
1006045,IRIDEX CORP,IRIX,Nasdaq,0001006045,IRIDEX,1
1557376,"Zeo ScientifiX, Inc.",ZEOX,OTC,0001557376,ZEO SCIENTIFIX,0
1743971,MOGU Inc.,MOGU,NYSE,0001743971,MOGU,1
1282224,"Dolphin Entertainment, Inc.",DLPN,Nasdaq,0001282224,DOLPHIN ENTERTAINMENT,1
1760903,"BONK, INC.",BNKK,Nasdaq,0001760903,BONK,1
1783036,NewcelX Ltd.,NCEL,Nasdaq,0001783036,NEWCELX,1
1707910,"Reborn Coffee, Inc.",REBN,Nasdaq,0001707910,REBORN COFFEE,1
1837493,Inspira Technologies OXY B.H.N. Ltd,IINN,Nasdaq,0001837493,INSPIRA TECHNOLOGIES OXY B H,1
1959994,Australian Oilseeds Holdings Ltd,COOT,Nasdaq,0001959994,AUSTRALIAN OILSEEDS,1
1960847,Toppoint Holdings Inc.,TOPP,NYSE,0001960847,TOPPOINT,1
1707303,Dogness (International) Corp,DOGZ,Nasdaq,0001707303,DOGNESS INTERNATIONAL,1
1500620,Bravada Gold Corp,BGAVF,OTC,0001500620,BRAVADA GOLD,0
926617,Aspira Women's Health Inc.,AWHL,OTC,0000926617,ASPIRA WOMEN S HEALTH,0
1004989,"SPAR Group, Inc.",SGRP,Nasdaq,0001004989,SPAR,1
1432588,BAYHORSE SILVER INC.,BHSIF,OTC,0001432588,BAYHORSE SILVER,0
314227,"TOMI Environmental Solutions, Inc.",TOMZ,Nasdaq,0000314227,TOMI ENVIRONMENTAL SOLUTIONS,1
1638911,DUKE Robotics Corp.,DUKR,Nasdaq,0001638911,DUKE ROBOTICS,1
1295514,"MDWerks, Inc.",MDWK,OTC,0001295514,MDWERKS,0
1787297,"Passage BIO, Inc.",PASG,Nasdaq,0001787297,PASSAGE BIO,1
1771995,American Picture House Corp,APHP,OTC,0001771995,AMERICAN PICTURE HOUSE,0
1333822,SemiLEDs Corp,LEDS,Nasdaq,0001333822,SEMILEDS,1
2029138,SAGTEC GLOBAL Ltd,SAGT,Nasdaq,0002029138,SAGTEC GLOBAL,1
1997296,Medicus Pharma Ltd.,MDCX,Nasdaq,0001997296,MEDICUS PHARMA,1
1735514,Light AI Inc.,OHCFF,OTC,0001735514,LIGHT AI,0
1937453,First American Uranium Inc.,NIOMF,OTC,0001937453,FIRST AMERICAN URANIUM,0
787253,NATURAL ALTERNATIVES INTERNATIONAL INC,NAII,Nasdaq,0000787253,NATURAL ALTERNATIVES INTERNATIONAL,1
1058307,NextPlat Corp,NXPL,Nasdaq,0001058307,NEXTPLAT,1
102109,"UNIVERSAL SAFETY PRODUCTS, INC.",UUU,NYSE,0000102109,UNIVERSAL SAFETY PRODUCTS,1
1382574,"Scienture Holdings, Inc.",SCNX,Nasdaq,0001382574,SCIENTURE,1
1122020,"PCS Edventures!, Inc.",PCSV,,0001122020,PCS EDVENTURES,0
1963439,"Turbo Energy, S.A.",TURB,Nasdaq,0001963439,TURBO ENERGY S,1
1412486,"Cocrystal Pharma, Inc.",COCP,Nasdaq,0001412486,COCRYSTAL PHARMA,1
1903995,Millennium Group International Holdings Ltd,MGIH,Nasdaq,0001903995,MILLENNIUM INTERNATIONAL,1
1589061,"Gyrodyne, LLC",GYRO,Nasdaq,0001589061,GYRODYNE,1
93314,VOLITIONRX LTD,VNRX,NYSE,0000093314,VOLITIONRX,1
835662,"AiXin Life International, Inc.",AIXN,OTC,0000835662,AIXIN LIFE INTERNATIONAL,0
1761911,Nowigence Inc.,NOWG,,0001761911,NOWIGENCE,0
1781446,Gauzy Ltd.,GAUZ,Nasdaq,0001781446,GAUZY,1
1450894,IBC Advanced Alloys Corp.,IAALF,OTC,0001450894,IBC ADVANCED ALLOYS,0
10048,BARNWELL INDUSTRIES INC,BRN,NYSE,0000010048,BARNWELL INDUSTRIES,1
1307926,South Star Battery Metals Corp.,STSBF,OTC,0001307926,SOUTH STAR BATTERY METALS,0
1160420,"Adia Nutrition, Inc.",ADIA,OTC,0001160420,ADIA NUTRITION,0
1563577,"Galera Therapeutics, Inc.",GRTX,OTC,0001563577,GALERA THERAPEUTICS,0
1495730,GMV Minerals Inc.,GMVMF,OTC,0001495730,GMV MINERALS,0
1192323,Superstar Platforms Inc.,SPST,OTC,0001192323,SUPERSTAR PLATFORMS,0
1105101,GIGAMEDIA Ltd,GIGM,Nasdaq,0001105101,GIGAMEDIA,1
312257,INNOVATIVE FOOD HOLDINGS INC,IVFH,OTC,0000312257,INNOVATIVE FOOD,0
1875609,Swvl Holdings Corp,SWVL,Nasdaq,0001875609,SWVL,1
748592,Ernexa Therapeutics Inc.,ERNA,Nasdaq,0000748592,ERNEXA THERAPEUTICS,1
1462223,"Nixxy, Inc.",NIXX,Nasdaq,0001462223,NIXXY,1
1758124,Fluent Corp.,CNTMF,OTC,0001758124,FLUENT,0
1831868,SeaStar Medical Holding Corp,ICU,Nasdaq,0001831868,SEASTAR MEDICAL,1
1674440,AIRWA INC.,YYAI,Nasdaq,0001674440,AIRWA,1
1677897,UPAY,UPYY,OTC,0001677897,UPAY,0
20639,AmBase Corp,ABCP,OTC,0000020639,AMBASE,0
1437517,"CYBERLOQ TECHNOLOGIES, INC.",CLOQ,OTC,0001437517,CYBERLOQ TECHNOLOGIES,0
1888980,"LEAD REAL ESTATE CO., LTD",LRE,Nasdaq,0001888980,LEAD REAL ESTATE,1
1782309,Skillful Craftsman Education Technology Ltd,EDTK,Nasdaq,0001782309,SKILLFUL CRAFTSMAN EDUCATION TECHNOLOGY,1
1916416,Intelligent Group Ltd,INTJ,Nasdaq,0001916416,INTELLIGENT,1
1487091,"Quest Water Global, Inc.",QWTR,OTC,0001487091,QUEST WATER GLOBAL,0
1474167,Cosmos Health Inc.,COSM,Nasdaq,0001474167,COSMOS HEALTH,1
2040290,LOGPROSTYLE INC.,LGPS,NYSE,0002040290,LOGPROSTYLE,1
1753373,"M2i Global, Inc.",MTWO,OTC,0001753373,M2I GLOBAL,0
1937993,"Cadrenal Therapeutics, Inc.",CVKD,Nasdaq,0001937993,CADRENAL THERAPEUTICS,1
888981,NOCOPI TECHNOLOGIES INC/MD/,NNUP,OTC,0000888981,NOCOPI TECHNOLOGIES MD,0
2044241,TryHard Holdings Ltd,THH,Nasdaq,0002044241,TRYHARD,1
2041829,ChowChow Cloud International Holdings Ltd,CHOW,NYSE,0002041829,CHOWCHOW CLOUD INTERNATIONAL,1
1708341,Allied Gaming & Entertainment Inc.,AGAE,Nasdaq,0001708341,ALLIED GAMING ENTERTAINMENT,1
1892316,Longduoduo Co Ltd,LDDD,OTC,0001892316,LONGDUODUO,0
2017758,Linkhome Holdings Inc.,LHAI,Nasdaq,0002017758,LINKHOME,1
1992500,Lion Rock Resources Inc.,LRRIF,OTC,0001992500,LION ROCK RESOURCES,0
1889352,COMPREHENSIVE HEALTHCARE SYSTEMS INC. (CANADA),CMHSF,OTC,0001889352,COMPREHENSIVE HEALTHCARE SYSTEMS CANADA,0
736012,INTRUSION INC,INTZ,Nasdaq,0000736012,INTRUSION,1
1517496,SOLAI Ltd,SLAI,NYSE,0001517496,SOLAI,1
1420049,COPAUR MINERALS INC.,COPAF,OTC,0001420049,COPAUR MINERALS,0
1838716,Genenta Science S.p.A.,GNTA,Nasdaq,0001838716,GENENTA SCIENCE S P,1
2030617,"Picard Medical, Inc.",PMI,NYSE,0002030617,PICARD MEDICAL,1
2030834,OneConstruction Group Ltd,ONEG,Nasdaq,0002030834,ONECONSTRUCTION,1
1141964,PUBLIC CO MANAGEMENT CORP,PCMC,OTC,0001141964,PUBLIC MANAGEMENT,0
1348362,Lexaria Bioscience Corp.,LEXX,Nasdaq,0001348362,LEXARIA BIOSCIENCE,1
1740279,"IN8BIO, INC.",INAB,Nasdaq,0001740279,IN8BIO,1
1981519,MIXED MARTIAL ARTS GROUP LTD,MMA,NYSE,0001981519,MIXED MARTIAL ARTS,1
1070050,AppTech Payments Corp.,APCX,OTC,0001070050,APPTECH PAYMENTS,0
1689448,Argentina Lithium & Energy Corp.,LILIF,OTC,0001689448,ARGENTINA LITHIUM ENERGY,0
1101433,QUOTEMEDIA INC,QMCI,OTC,0001101433,QUOTEMEDIA,0
908311,Creative Media & Community Trust Corp,CMCT,Nasdaq,0000908311,CREATIVE MEDIA COMMUNITY,1
1804469,"Guardforce AI Co., Ltd.",GFAI,Nasdaq,0001804469,GUARDFORCE AI,1
1042418,"Inhibitor Therapeutics, Inc.",INTI,OTC,0001042418,INHIBITOR THERAPEUTICS,0
2028293,"Rain Enhancement Technologies Holdco, Inc.",RAIN,Nasdaq,0002028293,RAIN ENHANCEMENT TECHNOLOGIES HOLDCO,1
1605481,Nevada Canyon Gold Corp.,NGLD,OTC,0001605481,NEVADA CANYON GOLD,0
1321851,Origin Agritech LTD,SEED,Nasdaq,0001321851,ORIGIN AGRITECH,1
1991605,Yimutian Inc.,YMT,Nasdaq,0001991605,YIMUTIAN,1
109657,"GT Biopharma, Inc.",GTBP,Nasdaq,0000109657,GT BIOPHARMA,1
1912884,Republic Power Group Ltd,RPGL,Nasdaq,0001912884,REPUBLIC POWER,1
1621832,"Aqua Metals, Inc.",AQMS,Nasdaq,0001621832,AQUA METALS,1
1898766,Trio Petroleum Corp,TPET,NYSE,0001898766,TRIO PETROLEUM,1
1138476,PACIFIC HEALTH CARE ORGANIZATION INC,PFHO,OTC,0001138476,PACIFIC HEALTH CARE ORGANIZATION,0
1799290,Ebang International Holdings Inc.,EBON,Nasdaq,0001799290,EBANG INTERNATIONAL,1
838875,WILLAMETTE VALLEY VINEYARDS INC,WVVI,Nasdaq,0000838875,WILLAMETTE VALLEY VINEYARDS,1
1678105,Caro Holdings Inc.,CAHO,OTC,0001678105,CARO,0
7623,ARTS WAY MANUFACTURING CO INC,ARTW,Nasdaq,0000007623,ARTS WAY MANUFACTURING,1
1437750,T-REX Acquisition Corp.,TRXA,OTC,0001437750,T REX ACQUISITION,0
1139685,"20/20 Biolabs, Inc.",AIDX,Nasdaq,0001139685,20 20 BIOLABS,1
1916241,ParaZero Technologies Ltd.,PRZO,Nasdaq,0001916241,PARAZERO TECHNOLOGIES,1
875729,BION ENVIRONMENTAL TECHNOLOGIES INC,BNET,OTC,0000875729,BION ENVIRONMENTAL TECHNOLOGIES,0
826253,AURA SYSTEMS INC,AUSI,OTC,0000826253,AURA SYSTEMS,0
1873093,CytoMed Therapeutics Ltd,GDTC,Nasdaq,0001873093,CYTOMED THERAPEUTICS,1
1854445,"Glimpse Group, Inc.",GGRP,Nasdaq,0001854445,GLIMPSE,1
1502557,Kun Peng International Ltd.,KPEA,OTC,0001502557,KUN PENG INTERNATIONAL,0
1743905,Rail Vision Ltd.,RVSN,Nasdaq,0001743905,RAIL VISION,1
1948294,CL Workshop Group Ltd,NWGL,Nasdaq,0001948294,CL WORKSHOP,1
1965143,Nvni Group Ltd,NVNI,Nasdaq,0001965143,NVNI,1
1708441,"Mynd.ai, Inc.",MYND,NYSE,0001708441,MYND AI,1
1755237,"Cyclerion Therapeutics, Inc.",CYCN,Nasdaq,0001755237,CYCLERION THERAPEUTICS,1
1877971,POMDOCTOR Ltd,POM,Nasdaq,0001877971,POMDOCTOR,1
1498403,BioLineRx Ltd.,BLRX,Nasdaq,0001498403,BIOLINERX,1
1310630,China Foods Holdings Ltd.,CFOO,OTC,0001310630,CHINA FOODS,0
1179821,BIRKS GROUP INC.,BGI,NYSE,0001179821,BIRKS,1
1392694,"SurgePays, Inc.",SURG,Nasdaq,0001392694,SURGEPAYS,1
894158,"Theriva Biologics, Inc.",TOVX,NYSE,0000894158,THERIVA BIOLOGICS,1
1427570,"Vyome Holdings, Inc",HIND,Nasdaq,0001427570,VYOME,1
1009891,AIR INDUSTRIES GROUP,AIRI,NYSE,0001009891,AIR INDUSTRIES,1
1912582,"Thunder Power Holdings, Inc.",AIEV,OTC,0001912582,THUNDER POWER,0
1816133,Frequency Exchange Corp.,FRECF,OTC,0001816133,FREQUENCY EXCHANGE,0
2018462,PicoCELA Inc.,PCLA,Nasdaq,0002018462,PICOCELA,1
1709628,"CLOUDASTRUCTURE, INC.",CSAI,Nasdaq,0001709628,CLOUDASTRUCTURE,1
825324,Good Times Restaurants Inc.,GTIM,Nasdaq,0000825324,GOOD TIMES RESTAURANTS,1
1829809,Lux Metals Corp.,BBBMF,OTC,0001829809,LUX METALS,0
1443863,BioCorRx Inc.,BICX,OTC,0001443863,BIOCORRX,0
1816815,Bon Natural Life Ltd,BON,Nasdaq,0001816815,BON NATURAL LIFE,1
1928722,PopReach Corp,INIKF,OTC,0001928722,POPREACH,0
1967822,Creative Global Technology Holdings Ltd,CGTL,Nasdaq,0001967822,CREATIVE GLOBAL TECHNOLOGY,1
1411690,"Bionano Genomics, Inc.",BNGO,Nasdaq,0001411690,BIONANO GENOMICS,1
2003061,Star Fashion Culture Holdings Ltd,STFS,Nasdaq,0002003061,STAR FASHION CULTURE,1
1777319,"CISO Global, Inc.",CISO,Nasdaq,0001777319,CISO GLOBAL,1
1972529,Armlogi Holding Corp.,BTOC,Nasdaq,0001972529,ARMLOGI,1
1964979,"ALLURION TECHNOLOGIES, INC.",ALUR,OTC,0001964979,ALLURION TECHNOLOGIES,0
2034400,Black Titan Corp,BTTC,Nasdaq,0002034400,BLACK TITAN,1
1083220,"XCel Brands, Inc.",XELB,Nasdaq,0001083220,XCEL BRANDS,1
31667,EDUCATIONAL DEVELOPMENT CORP,EDUC,Nasdaq,0000031667,EDUCATIONAL DEVELOPMENT,1
1843588,REE Automotive Ltd.,REE,Nasdaq,0001843588,REE AUTOMOTIVE,1
1014763,"Ainos, Inc.",AIMD,Nasdaq,0001014763,AINOS,1
1342325,Carlin Gold Corp,CGDCF,OTC,0001342325,CARLIN GOLD,0
1957001,Fenbo Holdings Ltd,FEBO,Nasdaq,0001957001,FENBO,1
1567264,"INTENSITY THERAPEUTICS, INC.",INTS,Nasdaq,0001567264,INTENSITY THERAPEUTICS,1
1552670,Taoping Inc.,TAOP,Nasdaq,0001552670,TAOPING,1
2007702,"Cellyan Biotechnology Co., Ltd",HKPD,Nasdaq,0002007702,CELLYAN BIOTECHNOLOGY,1
1533040,Phio Pharmaceuticals Corp.,PHIO,Nasdaq,0001533040,PHIO PHARMACEUTICALS,1
1610590,Check-Cap Ltd,MBAI,Nasdaq,0001610590,CHECK CAP,1
1304161,"Pharma-Bio Serv, Inc.",PBSV,OTC,0001304161,PHARMA BIO SERV,0
2004489,Basel Medical Group Ltd,BMGL,Nasdaq,0002004489,BASEL MEDICAL,1
1983324,Real Messenger Corp,RMSG,Nasdaq,0001983324,REAL MESSENGER,1
890394,Peraso Inc.,PRSO,Nasdaq,0000890394,PERASO,1
1895618,GAXOS.AI INC.,GXAI,Nasdaq,0001895618,GAXOS AI,1
1679628,"JUPITER NEUROSCIENCES, INC.",JUNS,Nasdaq,0001679628,JUPITER NEUROSCIENCES,1
1190370,INNOVATIVE DESIGNS INC,IVDN,OTC,0001190370,INNOVATIVE DESIGNS,0
2004024,Lianhe Sowell International Group Ltd,LHSW,Nasdaq,0002004024,LIANHE SOWELL INTERNATIONAL,1
1914805,CBL International Ltd,BANL,Nasdaq,0001914805,CBL INTERNATIONAL,1
1265521,"Polomar Health Services, Inc.",PMHS,OTC,0001265521,POLOMAR HEALTH,0
1711786,"Hoth Therapeutics, Inc.",HOTH,Nasdaq,0001711786,HOTH THERAPEUTICS,1
1481857,Orestone Mining Corp.,ORESF,OTC,0001481857,ORESTONE MINING,0
1472466,LEGEND POWER SYSTEMS INC.,LPSIF,OTC,0001472466,LEGEND POWER SYSTEMS,0
1534248,Chemomab Therapeutics Ltd.,CMMB,Nasdaq,0001534248,CHEMOMAB THERAPEUTICS,1
1603793,"Norris Industries, Inc.",NRIS,OTC,0001603793,NORRIS INDUSTRIES,0
1850269,United Lithium Corp.,ULTHF,OTC,0001850269,UNITED LITHIUM,0
1757715,"Aterian, Inc.",ATER,Nasdaq,0001757715,ATERIAN,1
1870600,"Solo Brands, Inc.",SBDS,OTC,0001870600,SOLO BRANDS,0
1817083,Electric Royalties Ltd.,ELECF,OTC,0001817083,ELECTRIC ROYALTIES,0
1378590,"Bridgeline Digital, Inc.",BLIN,Nasdaq,0001378590,BRIDGELINE DIGITAL,1
1866034,Ameriwest Critical Metals Inc.,AWLIF,OTC,0001866034,AMERIWEST CRITICAL METALS,0
1494413,Two Hands Corp,TWOH,OTC,0001494413,TWO HANDS,0
847942,STRATEGIC ACQUISITIONS INC /NV/,STQN,OTC,0000847942,STRATEGIC ACQUISITIONS NV,0
1966678,"DirectBooking Technology Co., Ltd.",ZDAI,Nasdaq,0001966678,DIRECTBOOKING TECHNOLOGY,1
1410428,"XWELL, Inc.",XWEL,Nasdaq,0001410428,XWELL,1
1863990,"MultiSensor AI Holdings, Inc.",MSAI,Nasdaq,0001863990,MULTISENSOR AI,1
1949864,Mag Magna Corp,MGNC,OTC,0001949864,MAG MAGNA,0
888721,TRINITY BIOTECH PLC,TRIB,Nasdaq,0000888721,TRINITY BIOTECH,1
1171838,"Sundance Strategies, Inc.",SUND,OTC,0001171838,SUNDANCE STRATEGIES,0
1991261,SKK Holdings Ltd,SKK,Nasdaq,0001991261,SKK,1
1065823,FIRST NILES FINANCIAL INC,FNFI,OTC,0001065823,FIRST NILES,0
1964314,JBDI Holdings Ltd,JBDI,Nasdaq,0001964314,JBDI,1
1858994,Regency Silver Corp.,RSMXF,OTC,0001858994,REGENCY SILVER,0
1812447,Sky Quarry Inc.,SKYQ,Nasdaq,0001812447,SKY QUARRY,1
721693,Smart Powerr Corp.,CREG,Nasdaq,0000721693,SMART POWERR,1
1781983,"Aprea Therapeutics, Inc.",APRE,Nasdaq,0001781983,APREA THERAPEUTICS,1
1699709,VitaNova Life Sciences Corp,VNOV,OTC,0001699709,VITANOVA LIFE SCIENCES,0
1859199,reAlpha Tech Corp.,AIRE,Nasdaq,0001859199,REALPHA TECH,1
1888014,AKANDA CORP.,AKAN,Nasdaq,0001888014,AKANDA,1
1671502,"Quoin Pharmaceuticals, Ltd.",QNRX,Nasdaq,0001671502,QUOIN PHARMACEUTICALS,1
1119190,"TAP REAL ESTATE TECHNOLOGIES, INC.",RWAX,OTC,0001119190,TAP REAL ESTATE TECHNOLOGIES,0
1085921,MICROMEM TECHNOLOGIES INC,MMTIF,OTC,0001085921,MICROMEM TECHNOLOGIES,0
1718939,T Stamp Inc,IDAI,Nasdaq,0001718939,T STAMP,1
1964946,Youxin Technology Ltd,YAAS,Nasdaq,0001964946,YOUXIN TECHNOLOGY,1
1757207,VSBLTY GROUPE TECHNOLOGIES CORP.,VSBGF,OTC,0001757207,VSBLTY GROUPE TECHNOLOGIES,0
1985062,PSYENCE BIOMEDICAL LTD.,PBM,Nasdaq,0001985062,PSYENCE BIOMEDICAL,1
1659617,"Moleculin Biotech, Inc.",MBRX,Nasdaq,0001659617,MOLECULIN BIOTECH,1
1068897,FOXBY CORP.,FXBY,OTC,0001068897,FOXBY,0
925741,"BioCardia, Inc.",BCDA,Nasdaq,0000925741,BIOCARDIA,1
1061612,Jackpot Digital Inc.,JPOTF,OTC,0001061612,JACKPOT DIGITAL,0
1853599,CORE SILVER CORP.,CCOOF,OTC,0001853599,CORE SILVER,0
1912966,REGENTIS BIOMATERIALS LTD.,RGNT,NYSE,0001912966,REGENTIS BIOMATERIALS,1
1304409,ATHENA GOLD CORP,AHNRF,OTC,0001304409,ATHENA GOLD,0
1829247,"BullFrog AI Holdings, Inc.",BFRG,Nasdaq,0001829247,BULLFROG AI,1
1372514,KIORA PHARMACEUTICALS INC,KPRX,Nasdaq,0001372514,KIORA PHARMACEUTICALS,1
1978527,Globavend Holdings Ltd,GVH,Nasdaq,0001978527,GLOBAVEND,1
1948443,Raytech Holding Ltd,RAY,Nasdaq,0001948443,RAYTECH,1
1872964,Maris Tech Ltd.,MTEK,Nasdaq,0001872964,MARIS TECH,1
1858685,Biofrontera Inc.,BFRI,Nasdaq,0001858685,BIOFRONTERA,1
1406944,TORQ RESOURCES INC.,TRBMF,OTC,0001406944,TORQ RESOURCES,0
1862463,"ALPHA MODUS HOLDINGS, INC.",AMOD,Nasdaq,0001862463,ALPHA MODUS,1
1756064,"Our Bond, Inc.",OBAI,Nasdaq,0001756064,OUR BOND,1
1807689,"FAST CASUAL CONCEPTS, INC.",FCCI,OTC,0001807689,FAST CASUAL CONCEPTS,0
1425061,ZINCORE METALS INC,ZCRMF,OTC,0001425061,ZINCORE METALS,0
2030763,"Wellgistics Health, Inc.",WGRX,Nasdaq,0002030763,WELLGISTICS HEALTH,1
1796514,BTC Digital Ltd.,BTCT,Nasdaq,0001796514,BTC DIGITAL,1
1487798,ECA Marcellus Trust I,ECTM,OTC,0001487798,ECA MARCELLUS I,0
1403870,Golden Arrow Resources Corp,GARWF,OTC,0001403870,GOLDEN ARROW RESOURCES,0
1391426,Clean Vision Corp,CLNV,OTC,0001391426,CLEAN VISION,0
1933951,INNEOVA Holdings Ltd,INEO,Nasdaq,0001933951,INNEOVA,1
749647,"Imunon, Inc.",IMNN,Nasdaq,0000749647,IMUNON,1
1990950,Semilux International Ltd.,SELX,Nasdaq,0001990950,SEMILUX INTERNATIONAL,1
925779,HIRU Corp,HIRU,OTC,0000925779,HIRU,0
1932072,LOBO TECHNOLOGIES LTD.,LOBO,Nasdaq,0001932072,LOBO TECHNOLOGIES,1
82473,INNSUITES HOSPITALITY TRUST,IHT,NYSE,0000082473,INNSUITES HOSPITALITY,1
1534133,"CalciMedica, Inc.",CALC,Nasdaq,0001534133,CALCIMEDICA,1
1869467,OceanPal Inc.,SVRN,Nasdaq,0001869467,OCEANPAL,1
1962011,"Kairos Pharma, LTD.",KAPA,NYSE,0001962011,KAIROS PHARMA,1
2013320,Eastern International Ltd.,ELOG,Nasdaq,0002013320,EASTERN INTERNATIONAL,1
1926792,SAMFINE CREATION HOLDINGS GROUP Ltd,SFHG,Nasdaq,0001926792,SAMFINE CREATION,1
1021917,"Awaysis Capital, Inc.",AWCA,OTC,0001021917,AWAYSIS CAPITAL,0
1982012,Ten-League International Holdings Ltd,TLIH,Nasdaq,0001982012,TEN LEAGUE INTERNATIONAL,1
1342916,"HNO International, Inc.",HNOI,OTC,0001342916,HNO INTERNATIONAL,0
1790169,ZeroStack Corp.,ZSTK,Nasdaq,0001790169,ZEROSTACK,1
720154,"Inotiv, Inc.",NOTV,Nasdaq,0000720154,INOTIV,1
1803407,"Ostin Technology Group Co., Ltd.",OST,Nasdaq,0001803407,OSTIN TECHNOLOGY,1
1420924,"Adapti, Inc.",ADTI,OTC,0001420924,ADAPTI,0
62362,MARINE PETROLEUM TRUST,MARPS,Nasdaq,0000062362,MARINE PETROLEUM,1
1735041,Greenland Technologies Holding Corp.,GTEC,Nasdaq,0001735041,GREENLAND TECHNOLOGIES,1
1524326,Enduro Metals Corp.,ENDMF,OTC,0001524326,ENDURO METALS,0
1688126,Crypto Co,CRCW,OTC,0001688126,CRYPTO,0
1580149,BIOVIE INC.,BIVI,Nasdaq,0001580149,BIOVIE,1
1684425,"TDH Holdings, Inc.",PETZ,Nasdaq,0001684425,TDH,1
1061069,AVALON HOLDINGS CORP,AWX,NYSE,0001061069,AVALON,1
1568969,"APPYEA, INC",APYP,OTC,0001568969,APPYEA,0
1096275,Worksport Ltd,WKSP,Nasdaq,0001096275,WORKSPORT,1
1849221,Perfect Moment Ltd.,PMNT,NYSE,0001849221,PERFECT MOMENT,1
1792941,Genvor Inc,GNVR,OTC,0001792941,GENVOR,0
1346610,SOS Ltd,SOS,NYSE,0001346610,SOS,1
1999297,Big Tree Cloud Holdings Ltd,DSY,Nasdaq,0001999297,BIG TREE CLOUD,1
2039060,Robin Energy Ltd.,RBNE,Nasdaq,0002039060,ROBIN ENERGY,1
1677084,GPM Metals Inc.,GPMTF,OTC,0001677084,GPM METALS,0
923601,"Algorhythm Holdings, Inc.",RIME,Nasdaq,0000923601,ALGORHYTHM,1
1930419,ALR Technologies SG Ltd.,ALRTF,OTC,0001930419,ALR TECHNOLOGIES SG,0
1819794,Fusion Fuel Green PLC,HTOO,Nasdaq,0001819794,FUSION FUEL GREEN,1
744825,AMERICAN SHARED HOSPITAL SERVICES,AMS,NYSE,0000744825,AMERICAN SHARED HOSPITAL,1
845819,"KonaTel, Inc.",KTEL,OTC,0000845819,KONATEL,0
1820875,CXApp Inc.,CXAI,Nasdaq,0001820875,CXAPP,1
1398713,URZ3 ENERGY CORP.,URZEF,OTC,0001398713,URZ3 ENERGY,0
1549631,"Quarta-Rad, Inc.",QURT,OTC,0001549631,QUARTA RAD,0
1926293,Green Circle Decarbonize Technology Ltd,GCDT,NYSE,0001926293,GREEN CIRCLE DECARBONIZE TECHNOLOGY,1
19871,CHICAGO RIVET & MACHINE CO,CVR,NYSE,0000019871,CHICAGO RIVET MACHINE,1
1104038,"VerifyMe, Inc.",VRME,Nasdaq,0001104038,VERIFYME,1
1781193,QUHUO Ltd,QHUOY,,0001781193,QUHUO,0
1565146,Gulf Coast Ultra Deep Royalty Trust,GULTU,OTC,0001565146,GULF COAST ULTRA DEEP ROYALTY,0
1896752,Sabio Holdings Inc.,SABOF,OTC,0001896752,SABIO,0
1958399,"Huachen AI Parking Management Technology Holding Co., Ltd",HCAI,Nasdaq,0001958399,HUACHEN AI PARKING MANAGEMENT TECHNOLOGY,1
1879001,Verses AI Inc.,VRSSF,OTC,0001879001,VERSES AI,0
2027262,Fast Track Group,FTRK,Nasdaq,0002027262,FAST TRACK,1
1319643,"FinTrade Sherpa, Inc.",FTSP,OTC,0001319643,FINTRADE SHERPA,0
1269026,"Sintx Technologies, Inc.",SINT,Nasdaq,0001269026,SINTX TECHNOLOGIES,1
1527728,Lunai Bioworks Inc.,LNAI,Nasdaq,0001527728,LUNAI BIOWORKS,1
1980210,WF Holding Ltd,WFF,Nasdaq,0001980210,WF,1
720762,NON INVASIVE MONITORING SYSTEMS INC /FL/,NIMU,OTC,0000720762,NON INVASIVE MONITORING SYSTEMS FL,0
1713539,Kaixin Holdings,KXIN,Nasdaq,0001713539,KAIXIN,1
1840563,PMGC Holdings Inc.,ELAB,Nasdaq,0001840563,PMGC,1
1641281,"Bolt Biotherapeutics, Inc.",BOLT,Nasdaq,0001641281,BOLT BIOTHERAPEUTICS,1
1898404,RED CANYON RESOURCES LTD.,REDRF,OTC,0001898404,RED CANYON RESOURCES,0
862022,HUGOTON ROYALTY TRUST,HGTXU,OTC,0000862022,HUGOTON ROYALTY,0
1648960,"Myseum.AI, Inc.",MYSE,Nasdaq,0001648960,MYSEUM AI,1
1329606,"Clean Energy Technologies, Inc.",CETY,Nasdaq,0001329606,CLEAN ENERGY TECHNOLOGIES,1
2024114,GrowHub Ltd,TGHL,Nasdaq,0002024114,GROWHUB,1
1935092,"Cyber Enviro-Tech, Inc.",CETI,OTC,0001935092,CYBER ENVIRO TECH,0
1709626,NuCana plc,NCNA,Nasdaq,0001709626,NUCANA,1
1477201,Bell Copper Corp,BCUFF,OTC,0001477201,BELL COPPER,0
1927026,One Bullion Ltd,OBULF,OTC,0001927026,ONE BULLION,0
1621672,"Super League Enterprise, Inc.",SLE,Nasdaq,0001621672,SUPER LEAGUE ENTERPRISE,1
1022505,"SideChannel, Inc.",SDCH,OTC,0001022505,SIDECHANNEL,0
1673475,"GPO Plus, Inc.",GPOX,OTC,0001673475,GPO PLUS,0
1133519,MEDICURE INC,MCUJF,OTC,0001133519,MEDICURE,0
1619096,Summit Networks Inc.,SNTW,OTC,0001619096,SUMMIT NETWORKS,0
1641398,GD Culture Group Ltd,GDC,Nasdaq,0001641398,GD CULTURE,1
87802,SCIENTIFIC INDUSTRIES INC,SCND,OTC,0000087802,SCIENTIFIC INDUSTRIES,0
2110423,Datasea Intelligent Technology Ltd.,DTSS,Nasdaq,0002110423,DATASEA INTELLIGENT TECHNOLOGY,1
1363598,"Entrex Carbon Market, Inc.",NTRX,OTC,0001363598,ENTREX CARBON MARKET,0
1026662,EURO TECH HOLDINGS CO LTD,CLWT,Nasdaq,0001026662,EURO TECH,1
1574565,Evogene Ltd.,EVGN,Nasdaq,0001574565,EVOGENE,1
1864943,FGI Industries Ltd.,FGI,Nasdaq,0001864943,FGI INDUSTRIES,1
1836242,"Tokyo Lifestyle Co., Ltd.",TKLF,Nasdaq,0001836242,TOKYO LIFESTYLE,1
1419951,Data Storage Corp,DTST,Nasdaq,0001419951,DATA STORAGE,1
1376793,"Cavitation Technologies, Inc.",CVAT,OTC,0001376793,CAVITATION TECHNOLOGIES,0
1716166,"Vivos Therapeutics, Inc.",VVOS,Nasdaq,0001716166,VIVOS THERAPEUTICS,1
1591956,Sphere 3D Corp.,ANY,Nasdaq,0001591956,SPHERE 3D,1
1574232,Addex Therapeutics Ltd.,ADXN,Nasdaq,0001574232,ADDEX THERAPEUTICS,1
2053641,Elite Express Holding Inc.,ETS,Nasdaq,0002053641,ELITE EXPRESS,1
1725430,INTELLIGENT BIO SOLUTIONS INC.,INBS,Nasdaq,0001725430,INTELLIGENT BIO SOLUTIONS,1
1694617,"Royale Energy, Inc.",ROYL,OTC,0001694617,ROYALE ENERGY,0
1652561,DSwiss Inc,DQWS,OTC,0001652561,DSWISS,0
1969863,SU Group Holdings Ltd,SUGP,Nasdaq,0001969863,SU,1
1595248,"Genprex, Inc.",GNPX,Nasdaq,0001595248,GENPREX,1
1814963,Intelligent Living Application Group Inc.,ILAG,Nasdaq,0001814963,INTELLIGENT LIVING APPLICATION,1
1157075,"PharmaCyte Biotech, Inc.",PMCB,Nasdaq,0001157075,PHARMACYTE BIOTECH,1
1414953,EQUATOR Beverage Co,MOJO,OTC,0001414953,EQUATOR BEVERAGE,0
1861622,Jet.AI Inc.,JTAI,Nasdaq,0001861622,JET AI,1
1680378,"SenesTech, Inc.",SNES,Nasdaq,0001680378,SENESTECH,1
1898604,Vestand Inc.,VSTD,Nasdaq,0001898604,VESTAND,1
2074123,CCH Holdings Ltd,CCHH,Nasdaq,0002074123,CCH,1
1042187,YUNHONG GREEN CTI LTD.,YHGJ,Nasdaq,0001042187,YUNHONG GREEN CTI,1
1712762,"bioAffinity Technologies, Inc.",BIAF,Nasdaq,0001712762,BIOAFFINITY TECHNOLOGIES,1
2025942,Curanex Pharmaceuticals Inc,CURX,Nasdaq,0002025942,CURANEX PHARMACEUTICALS,1
2020737,"Caring Brands, Inc.",CABR,Nasdaq,0002020737,CARING BRANDS,1
1884164,"KwikClick, Inc.",KWIK,OTC,0001884164,KWIKCLICK,0
1309082,"CAMBER ENERGY, INC.",CEIN,OTC,0001309082,CAMBER ENERGY,0
32621,EMERSON RADIO CORP,MSN,NYSE,0000032621,EMERSON RADIO,1
1864531,"VSEE HEALTH, INC.",VSEE,Nasdaq,0001864531,VSEE HEALTH,1
1187953,"CREATIVE MEDICAL TECHNOLOGY HOLDINGS, INC.",CELZ,Nasdaq,0001187953,CREATIVE MEDICAL TECHNOLOGY,1
2009233,Agroz Inc.,AGRZ,Nasdaq,0002009233,AGROZ,1
840715,CLEARONE INC,CLRO,Nasdaq,0000840715,CLEARONE,1
2036307,OFA Group,OFAL,Nasdaq,0002036307,OFA,1
1930179,ARB IOT Group Ltd,ARBB,Nasdaq,0001930179,ARB IOT,1
1047227,ZTEST ELECTRONICS INC /FI,ZTSTF,OTC,0001047227,ZTEST ELECTRONICS FI,0
1896212,CDT Equity Inc.,CDT,Nasdaq,0001896212,CDT EQUITY,1
1750777,"Hawkeye Systems, Inc.",HWKE,OTC,0001750777,HAWKEYE SYSTEMS,0
1083490,SUNRISE REAL ESTATE GROUP INC,SRRE,OTC,0001083490,SUNRISE REAL ESTATE,0
2032341,"CYABRA, INC.",CYAB,Nasdaq,0002032341,CYABRA,1
1976443,Silynxcom Ltd.,SYNX,NYSE,0001976443,SILYNXCOM,1
1828673,HCW Biologics Inc.,HCWB,Nasdaq,0001828673,HCW BIOLOGICS,1
1660046,Immuron Ltd,IMRN,Nasdaq,0001660046,IMMURON,1
1628935,MORIEN RESOURCES CORP.,APMCF,OTC,0001628935,MORIEN RESOURCES,0
1717695,VR Resources Ltd.,VRRCF,OTC,0001717695,VR RESOURCES,0
1993599,European Energy Metals Corp.,EUEMF,OTC,0001993599,EUROPEAN ENERGY METALS,0
1533743,"Processa Pharmaceuticals, Inc.",PCSA,Nasdaq,0001533743,PROCESSA PHARMACEUTICALS,1
1056358,MANNATECH INC,MTEX,Nasdaq,0001056358,MANNATECH,1
1738177,Cambium Networks Corp,CMBMF,OTC,0001738177,CAMBIUM NETWORKS,0
1103833,"Crown Equity Holdings, Inc.",CRWE,OTC,0001103833,CROWN EQUITY,0
1419793,"ORIGINCLEAR, INC.",OCLN,OTC,0001419793,ORIGINCLEAR,0
1889823,DEFSEC Technologies Inc.,DFSC,Nasdaq,0001889823,DEFSEC TECHNOLOGIES,1
2025218,Delixy Holdings Ltd,DLXY,Nasdaq,0002025218,DELIXY,1
1372114,"Kelyniam Global, Inc.",KLYG,OTC,0001372114,KELYNIAM GLOBAL,0
1971387,"Liminatus Pharma, Inc.",LIMN,Nasdaq,0001971387,LIMINATUS PHARMA,1
1875547,Locafy Ltd,LCFY,Nasdaq,0001875547,LOCAFY,1
1644903,"cbdMD, Inc.",YCBD,NYSE,0001644903,CBDMD,1
1352952,CFN Enterprises Inc.,CNFN,OTC,0001352952,CFN ENTERPRISES,0
1759614,Yunji Inc.,YJ,Nasdaq,0001759614,YUNJI,1
2020228,Masonglory Ltd,MSGY,Nasdaq,0002020228,MASONGLORY,1
1854526,DYNAMIC AEROSPACE SYSTEMS Corp,BRQL,OTC,0001854526,DYNAMIC AEROSPACE SYSTEMS,0
2056751,Recharge Resources Ltd.,UUUFF,,0002056751,RECHARGE RESOURCES,0
1560293,"Tenon Medical, Inc.",TNON,Nasdaq,0001560293,TENON MEDICAL,1
1849820,"Nauticus Robotics, Inc.",KITT,Nasdaq,0001849820,NAUTICUS ROBOTICS,1
1687277,"ReTo Eco-Solutions, Inc.",RETO,Nasdaq,0001687277,RETO ECO SOLUTIONS,1
1413891,"HIGH WIRE NETWORKS, INC.",HWNI,OTC,0001413891,HIGH WIRE NETWORKS,0
1745078,"Vynleads, Inc.",VYND,OTC,0001745078,VYNLEADS,0
1435064,CEMTREX INC,CETX,Nasdaq,0001435064,CEMTREX,1
1802457,"Origin Materials, Inc.",ORGN,Nasdaq,0001802457,ORIGIN MATERIALS,1
1584831,OXBRIDGE RE HOLDINGS Ltd,OXBR,Nasdaq,0001584831,OXBRIDGE RE,1
1006028,"PURE BIOSCIENCE, INC.",PURE,OTC,0001006028,PURE BIOSCIENCE,0
1635077,"Aclarion, Inc.",ACON,Nasdaq,0001635077,ACLARION,1
1388295,OneMeta Inc.,ONEI,OTC,0001388295,ONEMETA,0
1866146,Interra Copper Corp.,IMIMF,OTC,0001866146,INTERRA COPPER,0
1807893,"STANDARD PREMIUM FINANCE HOLDINGS, INC.",SPFX,OTC,0001807893,STANDARD PREMIUM FINANCE,0
1712294,CAPTIVA VERDE WELLNESS CORP.,CPIVF,OTC,0001712294,CAPTIVA VERDE WELLNESS,0
313364,MESA ROYALTY TRUST/TX,MTR,NYSE,0000313364,MESA ROYALTY TX,1
1593184,"BIOREGENX, INC.",BRGX,OTC,0001593184,BIOREGENX,0
1923780,Northann Corp.,NCL,NYSE,0001923780,NORTHANN,1
1880343,"AMAZE HOLDINGS, INC.",AMZE,NYSE,0001880343,AMAZE,1
1095435,Alpha Compute Corp,ALP,Nasdaq,0001095435,ALPHA COMPUTE,1
1527599,"SYNLOGIC, INC.",SYBX,OTC,0001527599,SYNLOGIC,0
1716770,Wah Fu Education Group Ltd,WAFU,Nasdaq,0001716770,WAH FU EDUCATION,1
1826011,"Banzai International, Inc.",BNZI,Nasdaq,0001826011,BANZAI INTERNATIONAL,1
1998560,Mint Inc Ltd,MIMI,Nasdaq,0001998560,MINT,1
1137883,BRAINSTORM CELL THERAPEUTICS INC.,BCLI,OTC,0001137883,BRAINSTORM CELL THERAPEUTICS,0
1464165,BetterLife Pharma Inc.,BETRF,OTC,0001464165,BETTERLIFE PHARMA,0
1941029,Advanced Biomed Inc.,ADVB,Nasdaq,0001941029,ADVANCED BIOMED,1
1897245,HWH International Inc.,HWH,Nasdaq,0001897245,HWH INTERNATIONAL,1
1415332,Lithium Corp,LTUM,OTC,0001415332,LITHIUM,0
1572386,"GREENWAY TECHNOLOGIES, INC. & SUBSIDIARIES",GWTI,OTC,0001572386,GREENWAY TECHNOLOGIES SUBSIDIARIES,0
1970544,iTonic Holdings Ltd,ITOC,Nasdaq,0001970544,ITONIC,1
2024656,Kandal M Venture Ltd,FMFC,Nasdaq,0002024656,KANDAL M VENTURE,1
1819704,Medirom Healthcare Technologies Inc.,MRM,Nasdaq,0001819704,MEDIROM HEALTHCARE TECHNOLOGIES,1
1938046,"MANGOCEUTICALS, INC.",MGRX,Nasdaq,0001938046,MANGOCEUTICALS,1
1520556,TRENCHANT TECHNOLOGIES CAPITAL CORP.,AITTF,OTC,0001520556,TRENCHANT TECHNOLOGIES CAPITAL,0
1515139,WASTE ENERGY CORP.,WAST,OTC,0001515139,WASTE ENERGY,0
1935172,Xiao-I Corp,AIXI,Nasdaq,0001935172,XIAO I,1
1908705,Global Engine Group Holding Ltd,GLE,Nasdaq,0001908705,GLOBAL ENGINE,1
875355,"BLOOMIA HOLDINGS, INC.",TULP,Nasdaq,0000875355,BLOOMIA,1
1938534,FBS Global Ltd,FBGL,Nasdaq,0001938534,FBS GLOBAL,1
1844392,"Marpai, Inc.",MRAI,OTC,0001844392,MARPAI,0
709005,NOBLE ROMANS INC,NROM,OTC,0000709005,NOBLE ROMANS,0
1536196,Can-Fite BioPharma Ltd.,CANF,NYSE,0001536196,CAN FITE BIOPHARMA,1
1835615,"Meihua International Medical Technologies Co., Ltd.",MHUAF,OTC,0001835615,MEIHUA INTERNATIONAL MEDICAL TECHNOLOGIES,0
1826892,"BioAtla, Inc.",BCAB,Nasdaq,0001826892,BIOATLA,1
1593001,"NightFood Holdings, Inc.",NGTF,OTC,0001593001,NIGHTFOOD,0
66496,MILLS MUSIC TRUST,MMTRS,OTC,0000066496,MILLS MUSIC,0
2058584,DarkIris Inc.,DKI,Nasdaq,0002058584,DARKIRIS,1
73290,BIOMERICA INC,BMRA,Nasdaq,0000073290,BIOMERICA,1
1178697,"DNA X, Inc.",SONM,Nasdaq,0001178697,DNA X,1
1713979,TRIFECTA GOLD LTD,TRRFF,OTC,0001713979,TRIFECTA GOLD,0
1983550,Trident Digital Tech Holdings Ltd,TDTH,Nasdaq,0001983550,TRIDENT DIGITAL TECH,1
944075,"SOCKET MOBILE, INC.",SCKT,Nasdaq,0000944075,SOCKET MOBILE,1
1375348,Golden Star Resource Corp.,GLNS,OTC,0001375348,GOLDEN STAR RESOURCE,0
1498148,Artificial Intelligence Technology Solutions Inc.,AITX,OTC,0001498148,ARTIFICIAL INTELLIGENCE TECHNOLOGY SOLUTIONS,0
1627282,CaliberCos Inc.,CWD,Nasdaq,0001627282,CALIBERCOS,1
1527352,"Nexalin Technology, Inc.",NXL,Nasdaq,0001527352,NEXALIN TECHNOLOGY,1
1723980,"China SXT Pharmaceuticals, Inc.",SXTC,Nasdaq,0001723980,CHINA SXT PHARMACEUTICALS,1
1815566,"Infobird Co., Ltd",IFBD,Nasdaq,0001815566,INFOBIRD,1
1847345,"Aspire Biopharma Holdings, Inc.",ASBP,Nasdaq,0001847345,ASPIRE BIOPHARMA,1
2075349,Top End Energy Ltd/ADR,SERPY,OTC,0002075349,TOP END ENERGY ADR,0
1534525,"Xenetic Biosciences, Inc.",XBIO,Nasdaq,0001534525,XENETIC BIOSCIENCES,1
1734005,Aptorum Group Ltd,APM,Nasdaq,0001734005,APTORUM,1
2013792,"EWSB Bancorp, Inc. /MD/",EWSB,OTC,0002013792,EWSB MD,0
1546296,"Professional Diversity Network, Inc.",IPDN,Nasdaq,0001546296,PROFESSIONAL DIVERSITY NETWORK,1
1607807,NV Gold Corp,NVGLF,OTC,0001607807,NV GOLD,0
1570843,Greenbriar Sustainable Living Inc.,GEBRF,OTC,0001570843,GREENBRIAR SUSTAINABLE LIVING,0
1718224,"BT Brands, Inc.",BTBD,Nasdaq,0001718224,BT BRANDS,1
1123596,"BAB, INC.",BABB,OTC,0001123596,BAB,0
1882559,BioVaxys Technology Corp.,BVAXF,OTC,0001882559,BIOVAXYS TECHNOLOGY,0
1128281,"Saker Aviation Services, Inc.",SKAS,OTC,0001128281,SAKER AVIATION,0
856984,"QHSLab, Inc.",USAQ,OTC,0000856984,QHSLAB,0
1894954,Expion360 Inc.,XPON,Nasdaq,0001894954,EXPION360,1
1754180,FORTE GROUP HOLDINGS INC.,VNTXF,OTC,0001754180,FORTE,0
1099369,DESTINY MEDIA TECHNOLOGIES INC,DSNY,OTC,0001099369,DESTINY MEDIA TECHNOLOGIES,0
885307,JEWETT CAMERON TRADING CO LTD,JCTC,Nasdaq,0000885307,JEWETT CAMERON TRADING,1
1023994,OLENOX INDUSTRIES INC.,OLOX,Nasdaq,0001023994,OLENOX INDUSTRIES,1
1779476,36Kr Holdings Inc.,KRKR,Nasdaq,0001779476,36KR,1
1448705,"BASANITE, INC.",BASA,OTC,0001448705,BASANITE,0
1742341,HiTek Global Inc.,HKIT,Nasdaq,0001742341,HITEK GLOBAL,1
1905956,TREASURE GLOBAL INC,TGL,Nasdaq,0001905956,TREASURE GLOBAL,1
1016504,INTEGRATED BIOPHARMA INC,INBP,OTC,0001016504,INTEGRATED BIOPHARMA,0
1661053,enVVeno Medical Corp,NVNO,Nasdaq,0001661053,ENVVENO MEDICAL,1
2002236,SPRINGVIEW HOLDINGS LTD,SPHL,Nasdaq,0002002236,SPRINGVIEW,1
1045942,"Track Group, Inc.",TRCK,OTC,0001045942,TRACK,0
1279620,"Zoned Properties, Inc.",ZDPY,OTC,0001279620,ZONED PROPERTIES,0
1946703,WEBUY GLOBAL LTD,WBUY,Nasdaq,0001946703,WEBUY GLOBAL,1
1514183,"Silo Pharma, Inc.",SILO,Nasdaq,0001514183,SILO PHARMA,1
1527702,iQSTEL Inc,IQST,Nasdaq,0001527702,IQSTEL,1
1937737,Moolec Science SA,MLEC,Nasdaq,0001937737,MOOLEC SCIENCE SA,1
1868866,SILVER HAMMER MINING CORP,HAMRF,OTC,0001868866,SILVER HAMMER MINING,0
1922335,Syra Health Corp,SYRA,OTC,0001922335,SYRA HEALTH,0
1580490,I-ON Digital Corp.,IONI,OTC,0001580490,I ON DIGITAL,0
1888525,U-BX Technology Ltd.,UBXG,Nasdaq,0001888525,U BX TECHNOLOGY,1
1848782,Plurilock Security Inc.,PLCKF,OTC,0001848782,PLURILOCK SECURITY,0
1282980,"Dror Ortho-Design, Inc.",DROR,OTC,0001282980,DROR ORTHO DESIGN,0
1631487,CollPlant Biotechnologies Ltd,CLGN,Nasdaq,0001631487,COLLPLANT BIOTECHNOLOGIES,1
1641631,"Beyond Air, Inc.",XAIR,Nasdaq,0001641631,BEYOND AIR,1
1066923,Future FinTech Group Inc.,FTFT,Nasdaq,0001066923,FUTURE FINTECH,1
2024899,"Monroe Federal Bancorp, Inc.",MFBI,OTC,0002024899,MONROE FEDERAL,0
1493712,Stimcell Energetics Inc.,STME,OTC,0001493712,STIMCELL ENERGETICS,0
1681682,ENDRA Life Sciences Inc.,NDRA,Nasdaq,0001681682,ENDRA LIFE SCIENCES,1
1575858,Purebase Corp,PUBC,OTC,0001575858,PUREBASE,0
1959726,Autozi Internet Technology (Global) Ltd.,AZI,Nasdaq,0001959726,AUTOZI INTERNET TECHNOLOGY GLOBAL,1
1169760,CHAODA MODERN AGRICULTURE HOLDINGS LTD /FI,CMGHF,OTC,0001169760,CHAODA MODERN AGRICULTURE FI,0
1780785,CN ENERGY GROUP. INC.,CNEY,Nasdaq,0001780785,CN ENERGY,1
1936817,Haoxin Holdings Ltd,HXHX,Nasdaq,0001936817,HAOXIN,1
1023549,XTL BIOPHARMACEUTICALS LTD,XTLB,Nasdaq,0001023549,XTL BIOPHARMACEUTICALS,1
885462,"GULF RESOURCES, INC.",GURE,Nasdaq,0000885462,GULF RESOURCES,1
1948864,HEALTHY CHOICE WELLNESS CORP.,HCWC,NYSE,0001948864,HEALTHY CHOICE WELLNESS,1
845385,PRINCETON CAPITAL CORP,PIAC,OTC,0000845385,PRINCETON CAPITAL,0
1588014,"ADM ENDEAVORS, INC.",ADMQ,OTC,0001588014,ADM ENDEAVORS,0
1907622,Eddy Smart Home Solutions Ltd.,ESHSF,OTC,0001907622,EDDY SMART HOME SOLUTIONS,0
1707919,Cenntro Inc.,CENN,Nasdaq,0001707919,CENNTRO,1
1887673,Wearable Devices Ltd.,WLDS,Nasdaq,0001887673,WEARABLE DEVICES,1
1648636,Trillion Energy International Inc.,TRLEF,,0001648636,TRILLION ENERGY INTERNATIONAL,0
1829635,"Transcode Therapeutics, Inc.",RNAZ,Nasdaq,0001829635,TRANSCODE THERAPEUTICS,1
1990251,Wellchange Holdings Co Ltd,WCT,Nasdaq,0001990251,WELLCHANGE,1
1614744,PURPLE BIOTECH LTD.,PPBT,Nasdaq,0001614744,PURPLE BIOTECH,1
1979407,ORANGEKLOUD TECHNOLOGY INC.,ORKT,Nasdaq,0001979407,ORANGEKLOUD TECHNOLOGY,1
1979610,WF International Ltd.,WXM,Nasdaq,0001979610,WF INTERNATIONAL,1
29332,DIXIE GROUP INC,DXYN,OTC,0000029332,DIXIE,0
1107421,"Alaunos Therapeutics, Inc.",TCRT,Nasdaq,0001107421,ALAUNOS THERAPEUTICS,1
1622345,"Polar Power, Inc.",POLA,Nasdaq,0001622345,POLAR POWER,1
1995704,Cuprina Holdings (Cayman) LTD,CUPR,Nasdaq,0001995704,CUPRINA CAYMAN,1
1447380,MOBIVITY HOLDINGS CORP.,MFON,OTC,0001447380,MOBIVITY,0
1680139,HealthLynked Corp,HLYK,OTC,0001680139,HEALTHLYNKED,0
1770236,MOVING iMAGE TECHNOLOGIES INC.,MITQ,NYSE,0001770236,MOVING IMAGE TECHNOLOGIES,1
1808377,Innovative Eyewear Inc,LUCY,Nasdaq,0001808377,INNOVATIVE EYEWEAR,1
1995075,Megan Holdings Ltd.,MGN,Nasdaq,0001995075,MEGAN,1
1638287,MetaVia Inc.,MTVA,Nasdaq,0001638287,METAVIA,1
1481443,"TechCom, Inc.",TCRI,OTC,0001481443,TECHCOM,0
1510964,"CV Sciences, Inc.",CVSI,OTC,0001510964,CV SCIENCES,0
1840416,Sono Group N.V.,SSM,Nasdaq,0001840416,SONO V,1
1613979,ZEPHYR MINERALS LTD.,ZPHYF,OTC,0001613979,ZEPHYR MINERALS,0
1701963,Versus Systems Inc.,VS,Nasdaq,0001701963,VERSUS SYSTEMS,1
1715272,First Canadian Graphite Inc.,GRAPF,OTC,0001715272,FIRST CANADIAN GRAPHITE,0
1468492,HeartSciences Inc.,HSCS,Nasdaq,0001468492,HEARTSCIENCES,1
1296484,TOP SHIPS INC.,TOPS,NYSE,0001296484,TOP SHIPS,1
1941500,Multi Ways Holdings Ltd,MWG,NYSE,0001941500,MULTI WAYS,1
1785566,Zhongchao Inc.,ZCMD,Nasdaq,0001785566,ZHONGCHAO,1
22701,"SUNation Energy, Inc.",SUNE,Nasdaq,0000022701,SUNATION ENERGY,1
1810467,Sentage Holdings Inc.,SNTG,Nasdaq,0001810467,SENTAGE,1
1813419,Noble Plains Uranium Corp.,NBLXF,OTC,0001813419,NOBLE PLAINS URANIUM,0
1976695,Mobile-health Network Solutions,MNDR,Nasdaq,0001976695,MOBILE HEALTH NETWORK SOLUTIONS,1
1130166,"Bio Green Med Solution, Inc.",BGMS,Nasdaq,0001130166,BIO GREEN MED SOLUTION,1
1881472,Magic Empire Global Ltd,MEGL,Nasdaq,0001881472,MAGIC EMPIRE GLOBAL,1
1086745,"Fabric.AI, Inc.",FABC,Nasdaq,0001086745,FABRIC AI,1
1812173,Vicarious Surgical Inc.,RBOT,OTC,0001812173,VICARIOUS SURGICAL,0
1937441,Ambipar Emergency Response,AMBIQ,OTC,0001937441,AMBIPAR EMERGENCY RESPONSE,0
1671584,Aptevo Therapeutics Inc.,APVO,Nasdaq,0001671584,APTEVO THERAPEUTICS,1
1314196,"OLB GROUP, INC.",OLB,Nasdaq,0001314196,OLB,1
2032545,CALLAN JMB INC.,CJMB,Nasdaq,0002032545,CALLAN JMB,1
1731854,First Andes Silver Ltd.,FASLF,OTC,0001731854,FIRST ANDES SILVER,0
1584547,GREENPOWER MOTOR Co INC.,GP,Nasdaq,0001584547,GREENPOWER MOTOR,1
1736243,"Acurx Pharmaceuticals, Inc.",ACXP,Nasdaq,0001736243,ACURX PHARMACEUTICALS,1
1823466,"FiscalNote Holdings, Inc.",NOTE,OTC,0001823466,FISCALNOTE,0
2012096,Powell Max Ltd,PMAX,Nasdaq,0002012096,POWELL MAX,1
1958777,"FibroBiologics, Inc.",FBLG,Nasdaq,0001958777,FIBROBIOLOGICS,1
1327899,Armada Mercantile Ltd,AAMTF,OTC,0001327899,ARMADA MERCANTILE,0
1558569,iSpecimen Inc.,ISPC,Nasdaq,0001558569,ISPECIMEN,1
1755101,APPlife Digital Solutions Inc,ALDS,OTC,0001755101,APPLIFE DIGITAL SOLUTIONS,0
1630113,BIOTRICITY INC.,BTCY,OTC,0001630113,BIOTRICITY,0
849401,"ADM TRONICS UNLIMITED, INC.",ADMT,OTC,0000849401,ADM TRONICS UNLIMITED,0
1739174,BiomX Inc.,PHGE,NYSE,0001739174,BIOMX,1
1706524,"urban-gro, Inc.",UGRO,Nasdaq,0001706524,URBAN GRO,1
1892500,Clearmind Medicine Inc.,CMND,Nasdaq,0001892500,CLEARMIND MEDICINE,1
1588084,TANTECH HOLDINGS LTD,TANH,Nasdaq,0001588084,TANTECH,1
1553846,RedHill Biopharma Ltd.,RDHL,Nasdaq,0001553846,REDHILL BIOPHARMA,1
812796,"SOLIGENIX, INC.",SNGX,Nasdaq,0000812796,SOLIGENIX,1
2030954,"TEN Holdings, Inc.",XHLD,Nasdaq,0002030954,TEN,1
1651932,"Xenous Holdings, Inc.",XITO,OTC,0001651932,XENOUS,0
1788230,"IP STRATEGY HOLDINGS, INC.",IPST,Nasdaq,0001788230,IP STRATEGY,1
2033770,"CID Holdco, Inc.",DAIC,Nasdaq,0002033770,CID HOLDCO,1
1853070,"Volato Group, Inc.",SOAR,NYSE,0001853070,VOLATO,1
1805594,Jowell Global Ltd.,JWEL,Nasdaq,0001805594,JOWELL GLOBAL,1
1807166,Amesite Inc.,AMST,Nasdaq,0001807166,AMESITE,1
1493137,"Lifeloc Technologies, Inc",LCTC,OTC,0001493137,LIFELOC TECHNOLOGIES,0
771999,"DSS, INC.",DSS,NYSE,0000771999,DSS,1
793628,CHINA NATURAL RESOURCES INC,CHNR,Nasdaq,0000793628,CHINA NATURAL RESOURCES,1
1919191,"Intelithrive, Inc.",ITHR,OTC,0001919191,INTELITHRIVE,0
764630,SHOREPOWER TECHNOLOGIES INC.,AETN,OTC,0000764630,SHOREPOWER TECHNOLOGIES,0
1825452,"Onfolio Holdings, Inc",ONFO,Nasdaq,0001825452,ONFOLIO,1
1959023,RenX Enterprises Corp.,RENX,Nasdaq,0001959023,RENX ENTERPRISES,1
1934245,"Newton Golf Company, Inc.",NWTG,Nasdaq,0001934245,NEWTON GOLF,1
814926,"CAPSTONE COMPANIES, INC.",CAPC,OTC,0000814926,CAPSTONE COMPANIES,0
1349706,"TurnOnGreen, Inc.",TOGI,OTC,0001349706,TURNONGREEN,0
1703625,"NAPC Defense, Inc.",BLIS,OTC,0001703625,NAPC DEFENSE,0
1948099,Mingteng International Corp Inc.,MTEN,Nasdaq,0001948099,MINGTENG INTERNATIONAL,1
1655531,KLONDIKE SILVER CORP.,KLSVF,OTC,0001655531,KLONDIKE SILVER,0
1711012,Senmiao Technology Ltd,AIHS,Nasdaq,0001711012,SENMIAO TECHNOLOGY,1
1796898,"Maxeon Solar Technologies, Ltd.",MAXNQ,OTC,0001796898,MAXEON SOLAR TECHNOLOGIES,0
1997637,iOThree Ltd,IOTR,Nasdaq,0001997637,IOTHREE,1
1088413,"GREYSTONE LOGISTICS, INC.",GLGI,OTC,0001088413,GREYSTONE LOGISTICS,0
1960262,"LUDWIG ENTERPRISES, INC.",LUDG,OTC,0001960262,LUDWIG ENTERPRISES,0
1161814,KELSO TECHNOLOGIES INC,KIQSF,OTC,0001161814,KELSO TECHNOLOGIES,0
836564,Mosaic ImmunoEngineering Inc.,CPMV,OTC,0000836564,MOSAIC IMMUNOENGINEERING,0
1691221,Foresight Autonomous Holdings Ltd.,FRSX,Nasdaq,0001691221,FORESIGHT AUTONOMOUS,1
1940674,SMX (Security Matters) Public Ltd Co,SMX,Nasdaq,0001940674,SMX SECURITY MATTERS PUBLIC,1
1356371,"AMERICAN LITHIUM MINERALS, INC.",AMLM,OTC,0001356371,AMERICAN LITHIUM MINERALS,0
1594968,Loan Artificial Intelligence Corp.,VEST,,0001594968,LOAN ARTIFICIAL INTELLIGENCE,0
1415744,NORTHERN MINERALS & EXPLORATION LTD.,NMEX,OTC,0001415744,NORTHERN MINERALS EXPLORATION,0
2003977,Cre8 Enterprise Ltd,CRE,Nasdaq,0002003977,CRE8 ENTERPRISE,1
1911545,"Global Interactive Technologies, Inc.",GITS,Nasdaq,0001911545,GLOBAL INTERACTIVE TECHNOLOGIES,1
1414382,Concrete Leveling Systems Inc,CLEV,OTC,0001414382,CONCRETE LEVELING SYSTEMS,0
1324759,HONG YUAN HOLDING GROUP,HGYN,OTC,0001324759,HONG YUAN,0
1995574,Icon Energy Corp,ICON,Nasdaq,0001995574,ICON ENERGY,1
1737523,BioNexus Gene Lab Corp,BGLC,Nasdaq,0001737523,BIONEXUS GENE LAB,1
1288614,KRTL Holding Group Inc,KRTL,OTC,0001288614,KRTL,0
2020027,Click Holdings Ltd.,CLIK,Nasdaq,0002020027,CLICK,1
746210,"TaoWeave, Inc.",TWAV,Nasdaq,0000746210,TAOWEAVE,1
1868419,"Cycurion, Inc.",CYCU,Nasdaq,0001868419,CYCURION,1
1505497,"BioRestorative Therapies, Inc.",BRTX,Nasdaq,0001505497,BIORESTORATIVE THERAPIES,1
1771039,SILVER SPRUCE RESOURCES INC.,SSEBF,OTC,0001771039,SILVER SPRUCE RESOURCES,0
1973368,SRIVARU Holding Ltd,SVUHF,OTC,0001973368,SRIVARU,0
1413745,Yueda Digital Holding,YDKG,Nasdaq,0001413745,YUEDA DIGITAL,1
1853816,"Dermata Therapeutics, Inc.",DRMA,Nasdaq,0001853816,DERMATA THERAPEUTICS,1
1445467,AVRUPA MINERALS LTD.,AVPMF,OTC,0001445467,AVRUPA MINERALS,0
318299,"SPARTA COMMERCIAL SERVICES, INC.",SRCO,OTC,0000318299,SPARTA COMMERCIAL,0
1695295,"HYDROFARM HOLDINGS GROUP, INC.",HYFM,Nasdaq,0001695295,HYDROFARM,1
1905920,Galaxy Payroll Group Ltd,GLXG,Nasdaq,0001905920,GALAXY PAYROLL,1
1769768,E-Home Household Service Holdings Ltd,EJH,Nasdaq,0001769768,E HOME HOUSEHOLD,1
1018735,NYMOX PHARMACEUTICAL CORP,NYMXF,OTC,0001018735,NYMOX PHARMACEUTICAL,0
1004724,"REGIONAL HEALTH PROPERTIES, INC",RHEP,OTC,0001004724,REGIONAL HEALTH PROPERTIES,0
1781397,EpicQuest Education Group International Ltd,EEIQ,Nasdaq,0001781397,EPICQUEST EDUCATION INTERNATIONAL,1
1956741,"CleanCore Solutions, Inc.",ZONE,NYSE,0001956741,CLEANCORE SOLUTIONS,1
1035422,"CTT PHARMACEUTICAL HOLDINGS, INC.",CTTH,OTC,0001035422,CTT PHARMACEUTICAL,0
1817760,"SmartKem, Inc.",SMTK,Nasdaq,0001817760,SMARTKEM,1
1854572,ICZOOM Group Inc.,IZM,Nasdaq,0001854572,ICZOOM,1
1557798,"Tianci International, Inc.",CIIT,Nasdaq,0001557798,TIANCI INTERNATIONAL,1
1920092,Gelteq Ltd,GELS,Nasdaq,0001920092,GELTEQ,1
1870144,"Cardio Diagnostics Holdings, Inc.",CDIO,Nasdaq,0001870144,CARDIO DIAGNOSTICS,1
1692415,"Co-Diagnostics, Inc.",CODX,Nasdaq,0001692415,DIAGNOSTICS,1
1550913,"MacKenzie Realty Capital, Inc.",MKZR,Nasdaq,0001550913,MACKENZIE REALTY CAPITAL,1
1742927,"REVIVA PHARMACEUTICALS HOLDINGS, INC.",RVPH,OTC,0001742927,REVIVA PHARMACEUTICALS,0
1603978,AQUABOUNTY TECHNOLOGIES INC,AQB,Nasdaq,0001603978,AQUABOUNTY TECHNOLOGIES,1
1938865,Top KingWin Ltd,WAI,Nasdaq,0001938865,TOP KINGWIN,1
1680048,"MUSTANG BIO, INC.",MBIO,Nasdaq,0001680048,MUSTANG BIO,1
1574235,"Pulmatrix, Inc.",PULM,Nasdaq,0001574235,PULMATRIX,1
1499494,Eason Technology Ltd,DXF,NYSE,0001499494,EASON TECHNOLOGY,1
1847706,Psyched Wellness Ltd.,PSYCF,OTC,0001847706,PSYCHED WELLNESS,0
1894693,SaverOne 2014 Ltd.,SVRE,Nasdaq,0001894693,SAVERONE 2014,1
1001907,ASTROTECH Corp,ASTC,Nasdaq,0001001907,ASTROTECH,1
1468929,"NEXGEL, INC.",NXGL,Nasdaq,0001468929,NEXGEL,1
1985337,YY Group Holding Ltd.,YYGH,Nasdaq,0001985337,YY,1
1793895,CDT Environmental Technology Investment Holdings Ltd,CDTG,Nasdaq,0001793895,CDT ENVIRONMENTAL TECHNOLOGY INVESTMENT,1
1138586,"Xcelerate, Inc.",XCRT,OTC,0001138586,XCELERATE,0
1178526,Vertiqal Studios Corp.,VERTF,OTC,0001178526,VERTIQAL STUDIOS,0
890821,"Enveric Biosciences, Inc.",ENVB,Nasdaq,0000890821,ENVERIC BIOSCIENCES,1
1555017,"Sky Century Investment, Inc.",SKYI,OTC,0001555017,SKY CENTURY INVESTMENT,0
1308027,Vystar Corp,VYST,OTC,0001308027,VYSTAR,0
1121795,GHST World Inc.,GHST,OTC,0001121795,GHST WORLD,0
79661,PORTSMOUTH SQUARE INC,PRSI,OTC,0000079661,PORTSMOUTH SQUARE,0
1168981,CordovaCann Corp.,LVRLF,OTC,0001168981,CORDOVACANN,0
921968,HARVEST GOLD CORP,HVGDF,OTC,0000921968,HARVEST GOLD,0
1536811,Thunderstruck Resources Ltd.,THURF,OTC,0001536811,THUNDERSTRUCK RESOURCES,0
882361,Aptose Biosciences Inc.,APTOF,OTC,0000882361,APTOSE BIOSCIENCES,0
1811216,Baosheng Media Group Holdings Ltd,BAOS,Nasdaq,0001811216,BAOSHENG MEDIA,1
1826376,Golden Sun Technology Group Ltd.,GSUN,Nasdaq,0001826376,GOLDEN SUN TECHNOLOGY,1
1776067,Oriental Culture Holding LTD,OCG,Nasdaq,0001776067,ORIENTAL CULTURE,1
1782107,"Onconetix, Inc.",ONCO,Nasdaq,0001782107,ONCONETIX,1
1562733,Synergy CHC Corp.,SNYR,Nasdaq,0001562733,SYNERGY CHC,1
1839285,"Healthcare Triangle, Inc.",HCTI,Nasdaq,0001839285,HEALTHCARE TRIANGLE,1
1554818,AUDDIA INC.,AUUD,Nasdaq,0001554818,AUDDIA,1
1122993,BROOKMOUNT EXPLORATIONS INC,BMXI,OTC,0001122993,BROOKMOUNT EXPLORATIONS,0
1412126,RemSleep Holdings Inc.,RMSL,OTC,0001412126,REMSLEEP,0
846377,"Totaligent, Inc.",TGNT,OTC,0000846377,TOTALIGENT,0
1850767,Accustem Sciences Inc.,ACUT,OTC,0001850767,ACCUSTEM SCIENCES,0
1544883,Wolfden Resources Corp,WLFFF,OTC,0001544883,WOLFDEN RESOURCES,0
1787803,Meiwu Technology Co Ltd,WNW,Nasdaq,0001787803,MEIWU TECHNOLOGY,1
1621221,"ARTELO BIOSCIENCES, INC.",ARTL,Nasdaq,0001621221,ARTELO BIOSCIENCES,1
1986247,"Park Ha Biological Technology Co., Ltd.",BYAH,Nasdaq,0001986247,PARK HA BIOLOGICAL TECHNOLOGY,1
1080657,"Presidio Property Trust, Inc.",SQFT,Nasdaq,0001080657,PRESIDIO PROPERTY,1
1541157,Akari Therapeutics Plc,AKTX,Nasdaq,0001541157,AKARI THERAPEUTICS,1
1650575,"Borqs Technologies, Inc.",BRQSF,OTC,0001650575,BORQS TECHNOLOGIES,0
1326706,"ENvue Medical, Inc.",FEED,Nasdaq,0001326706,ENVUE MEDICAL,1
1729427,"CNS Pharmaceuticals, Inc.",CNSP,Nasdaq,0001729427,CNS PHARMACEUTICALS,1
1355736,Avricore Health Inc.,AVCRF,OTC,0001355736,AVRICORE HEALTH,0
1435617,"POWERDYNE INTERNATIONAL, INC.",PWDY,OTC,0001435617,POWERDYNE INTERNATIONAL,0
1729214,XORTX Therapeutics Inc.,XRTX,Nasdaq,0001729214,XORTX THERAPEUTICS,1
1868050,CopperCorp Resources Inc.,CPCPF,OTC,0001868050,COPPERCORP RESOURCES,0
1595353,Galmed Pharmaceuticals Ltd.,GLMD,Nasdaq,0001595353,GALMED PHARMACEUTICALS,1
1677077,"Alzamend Neuro, Inc.",ALZN,Nasdaq,0001677077,ALZAMEND NEURO,1
887151,Capstone Holding Corp.,CAPS,Nasdaq,0000887151,CAPSTONE,1
105744,"New Concept Energy, Inc.",GBR,NYSE,0000105744,NEW CONCEPT ENERGY,1
946644,AIM ImmunoTech Inc.,AIM,NYSE,0000946644,AIM IMMUNOTECH,1
1944712,Baiya International Group Inc.,BIYA,Nasdaq,0001944712,BAIYA INTERNATIONAL,1
768408,CYANOTECH CORP,CYAN,OTC,0000768408,CYANOTECH,0
1515317,MAGELLAN COPPER & GOLD Corp,MAGE,OTC,0001515317,MAGELLAN COPPER GOLD,0
1810560,"REVELATION BIOSCIENCES, INC.",REVB,Nasdaq,0001810560,REVELATION BIOSCIENCES,1
1425627,"SOBR Safe, Inc.",SOBR,Nasdaq,0001425627,SOBR SAFE,1
1367083,"Sonoma Pharmaceuticals, Inc.",SNOA,Nasdaq,0001367083,SONOMA PHARMACEUTICALS,1
2024876,Everbright Digital Holding Ltd.,EDHL,Nasdaq,0002024876,EVERBRIGHT DIGITAL,1
1650101,ADDENTAX GROUP CORP.,ATXG,Nasdaq,0001650101,ADDENTAX,1
1019034,BIO KEY INTERNATIONAL INC,BKYI,OTC,0001019034,BIO KEY INTERNATIONAL,0
1284237,ABACUS MINING & EXPLORATION CORP,ABCFF,OTC,0001284237,ABACUS MINING EXPLORATION,0
1445815,"BIOXYTRAN, INC",BIXT,OTC,0001445815,BIOXYTRAN,0
1640384,"LM FUNDING AMERICA, INC.",LMFA,Nasdaq,0001640384,LM FUNDING AMERICA,1
1497253,"VivoSim Labs, INC.",VIVS,Nasdaq,0001497253,VIVOSIM LABS,1
1757499,"Shuttle Pharmaceuticals Holdings, Inc.",SHPH,Nasdaq,0001757499,SHUTTLE PHARMACEUTICALS,1
894501,"GOLD ROCK HOLDINGS, INC.",GRHI,OTC,0000894501,GOLD ROCK,0
1028357,BITTERROOT RESOURCES LTD,BITTF,OTC,0001028357,BITTERROOT RESOURCES,0
1617867,"Autonomix Medical, Inc.",AMIX,Nasdaq,0001617867,AUTONOMIX MEDICAL,1
1588837,Lomiko Metals Inc.,LMRMF,OTC,0001588837,LOMIKO METALS,0
1879754,EShallGo Inc.,EHGO,Nasdaq,0001879754,ESHALLGO,1
1376231,"VPR Brands, LP.",VPRB,OTC,0001376231,VPR BRANDS,0
1946563,"60 DEGREES PHARMACEUTICALS, INC.",SXTP,Nasdaq,0001946563,60 DEGREES PHARMACEUTICALS,1
1393772,"WEED, INC.",BUDZ,OTC,0001393772,WEED,0
1958713,NFT Ltd,MI,NYSE,0001958713,NFT,1
1950209,Ainnova Tech,ZHDM,OTC,0001950209,AINNOVA TECH,0
1026785,HIGHWAY HOLDINGS LTD,HIHO,Nasdaq,0001026785,HIGHWAY,1
1736289,Route1 Inc.,ROIUF,OTC,0001736289,ROUTE1,0
1527613,CIMG Inc.,CIMG,OTC,0001527613,CIMG,0
1696025,"Kindcard, Inc.",KCRD,OTC,0001696025,KINDCARD,0
1582554,"Matinas BioPharma Holdings, Inc.",MTNB,NYSE,0001582554,MATINAS BIOPHARMA,1
1951667,CHEETAH NET SUPPLY CHAIN SERVICE INC.,CTNT,Nasdaq,0001951667,CHEETAH NET SUPPLY CHAIN,1
1855509,"Twin Vee PowerCats, Co.",VEEE,Nasdaq,0001855509,TWIN VEE POWERCATS,1
1502966,"Hypha Labs, Inc.",FUNI,OTC,0001502966,HYPHA LABS,0
1857044,"Indaptus Therapeutics, Inc.",INDP,Nasdaq,0001857044,INDAPTUS THERAPEUTICS,1
832489,"GeoVax Labs, Inc.",GOVX,Nasdaq,0000832489,GEOVAX LABS,1
1397183,"Iveda Solutions, Inc.",IVDA,Nasdaq,0001397183,IVEDA SOLUTIONS,1
1961847,INNO HOLDINGS INC.,INHD,Nasdaq,0001961847,INNO,1
1756180,"NOCERA, INC.",NCRA,Nasdaq,0001756180,NOCERA,1
1439264,Marvion Inc.,MVNC,OTC,0001439264,MARVION,0
1279715,"Wright Investors Service Holdings, Inc.",IWSH,OTC,0001279715,WRIGHT INVESTORS,0
1381074,Baijiayun Group Ltd,RTCJF,OTC,0001381074,BAIJIAYUN,0
1411057,"Cannabis Bioscience International Holdings, Inc.",CBIH,OTC,0001411057,CANNABIS BIOSCIENCE INTERNATIONAL,0
1358190,"IT TECH PACKAGING, INC.",ITP,NYSE,0001358190,IT TECH PACKAGING,1
1199392,EMERGENT METALS CORP.,EGMCF,OTC,0001199392,EMERGENT METALS,0
1624512,Boxlight Corp,BOXL,Nasdaq,0001624512,BOXLIGHT,1
1178660,Standard Dental Labs Inc.,TUTH,OTC,0001178660,STANDARD DENTAL LABS,0
1815021,Boqii Holding Ltd,BQ,NYSE,0001815021,BOQII,1
1892322,"HeartCore Enterprises, Inc.",HTCR,Nasdaq,0001892322,HEARTCORE ENTERPRISES,1
866439,"DarkPulse, Inc.",DPLS,OTC,0000866439,DARKPULSE,0
882291,AETHLON MEDICAL INC,AEMD,Nasdaq,0000882291,AETHLON MEDICAL,1
1825875,Erayak Power Solution Group Inc.,RAYA,Nasdaq,0001825875,ERAYAK POWER SOLUTION,1
1789192,Nexentis Technologies Inc.,NXTS,Nasdaq,0001789192,NEXENTIS TECHNOLOGIES,1
1811999,"FARMHOUSE, INC. /NV",FMHS,OTC,0001811999,FARMHOUSE NV,0
1892292,Maison Solutions Inc.,MSS,Nasdaq,0001892292,MAISON SOLUTIONS,1
1917817,Sylla Gold Corp.,SYGCF,OTC,0001917817,SYLLA GOLD,0
1896425,Li Bang International Corp Inc.,LBGJ,Nasdaq,0001896425,LI BANG INTERNATIONAL,1
1433309,"Plastec Technologies, Ltd.",PLTYF,OTC,0001433309,PLASTEC TECHNOLOGIES,0
1958133,Decent Holding Inc.,DXST,Nasdaq,0001958133,DECENT,1
1422892,Singularity Future Technology Ltd.,SGLY,Nasdaq,0001422892,SINGULARITY FUTURE TECHNOLOGY,1
730349,TOFUTTI BRANDS INC,TOFB,OTC,0000730349,TOFUTTI BRANDS,0
1605331,AI Era Corp.,AERA,OTC,0001605331,AI ERA,0
1747661,Zeta Network Group,ZNB,Nasdaq,0001747661,ZETA NETWORK,1
2022308,"Classover Holdings, Inc.",KIDZ,Nasdaq,0002022308,CLASSOVER,1
1080448,PATRIOT GOLD CORP,PGOL,OTC,0001080448,PATRIOT GOLD,0
1025771,CHASE PACKAGING CORP,WHLT,OTC,0001025771,CHASE PACKAGING,0
1807616,Hi-Great Group Holding Co,HIGR,OTC,0001807616,HI GREAT,0
775057,ALTEX INDUSTRIES INC,ALTX,OTC,0000775057,ALTEX INDUSTRIES,0
1763660,SEATech Ventures Corp.,SEAV,OTC,0001763660,SEATECH VENTURES,0
1945166,MUSTANG ENERGY CORP.,MECPF,OTC,0001945166,MUSTANG ENERGY,0
1825349,Chanson International Holding,CHSN,Nasdaq,0001825349,CHANSON INTERNATIONAL,1
1975940,"Fly-E Group, Inc.",FLYE,Nasdaq,0001975940,FLY E,1
1513525,"ADIAL PHARMACEUTICALS, INC.",ADIL,Nasdaq,0001513525,ADIAL PHARMACEUTICALS,1
1414767,Netcapital Inc.,NCPL,Nasdaq,0001414767,NETCAPITAL,1
1589149,"Greenwave Technology Solutions, Inc.",GWAV,Nasdaq,0001589149,GREENWAVE TECHNOLOGY SOLUTIONS,1
1880613,"Direct Digital Holdings, Inc.",DRCT,Nasdaq,0001880613,DIRECT DIGITAL,1
1824293,"GRI Bio, Inc.",GRI,Nasdaq,0001824293,GRI BIO,1
1630212,Avalon GloboCare Corp.,ALBT,Nasdaq,0001630212,AVALON GLOBOCARE,1
1424657,Cuentas Inc.,CUEN,OTC,0001424657,CUENTAS,0
1735556,BIT ORIGIN Ltd,BTOG,Nasdaq,0001735556,BIT ORIGIN,1
1854257,Tombill Mines Ltd,TBLLF,OTC,0001854257,TOMBILL MINES,0
1701478,"Azitra, Inc.",AZTR,NYSE,0001701478,AZITRA,1
1962738,"CASI Pharmaceuticals, Inc.",CASIF,OTC,0001962738,CASI PHARMACEUTICALS,0
1930510,VCI Global Ltd,VCIG,Nasdaq,0001930510,VCI GLOBAL,1
1591913,"Innovative Payment Solutions, Inc.",IPSI,OTC,0001591913,INNOVATIVE PAYMENT SOLUTIONS,0
1172178,LIBERTY STAR URANIUM & METALS CORP.,LBSR,OTC,0001172178,LIBERTY STAR URANIUM METALS,0
1347858,"22nd Century Group, Inc.",XXII,Nasdaq,0001347858,22ND CENTURY,1
1450704,"Vivakor, Inc.",VIVK,Nasdaq,0001450704,VIVAKOR,1
1855485,"Calidi Biotherapeutics, Inc.",CLDI,NYSE,0001855485,CALIDI BIOTHERAPEUTICS,1
1652539,SusGlobal Energy Corp.,SNRG,OTC,0001652539,SUSGLOBAL ENERGY,0
2018222,707 Cayman Holdings Ltd.,JEM,Nasdaq,0002018222,707 CAYMAN,1
1939780,U Power Ltd,UCAR,Nasdaq,0001939780,U POWER,1
1611746,SciSparc Ltd.,SPRC,Nasdaq,0001611746,SCISPARC,1
1787740,"Valion Bio, Inc.",VBIO,Nasdaq,0001787740,VALION BIO,1
1576197,"Strategic Environmental & Energy Resources, Inc.",SENR,OTC,0001576197,STRATEGIC ENVIRONMENTAL ENERGY RESOURCES,0
1107280,OCULUS INC.,OVTZ,OTC,0001107280,OCULUS,0
1902276,World Copper Ltd.,WCUFF,OTC,0001902276,WORLD COPPER,0
1964664,ORIENTAL RISE HOLDINGS Ltd,ORIS,Nasdaq,0001964664,ORIENTAL RISE,1
1492617,"FLYWHEEL ADVANCED TECHNOLOGY, INC.",FWFW,OTC,0001492617,FLYWHEEL ADVANCED TECHNOLOGY,0
1723455,SKY GOLD CORP.,SRKZF,OTC,0001723455,SKY GOLD,0
1812727,"Reliance Global Group, Inc.",EZRA,Nasdaq,0001812727,RELIANCE GLOBAL,1
1362516,"Cleartronic, Inc.",CLRI,OTC,0001362516,CLEARTRONIC,0
1583771,"Hepion Pharmaceuticals, Inc.",HEPA,OTC,0001583771,HEPION PHARMACEUTICALS,0
1391135,LFTD PARTNERS INC.,LIFD,OTC,0001391135,LFTD PARTNERS,0
1864055,Abits Group Inc,ABTS,Nasdaq,0001864055,ABITS,1
1738758,"Cheer Holding, Inc.",CHR,Nasdaq,0001738758,CHEER,1
1705402,"AGM GROUP HOLDINGS, INC.",AGMH,Nasdaq,0001705402,AGM,1
1174940,ORAGENICS INC,OGEN,NYSE,0001174940,ORAGENICS,1
1141284,ACTELIS NETWORKS INC,ASNS,OTC,0001141284,ACTELIS NETWORKS,0
1840102,"SPECIFICITY, INC.",SPTY,OTC,0001840102,SPECIFICITY,0
1506492,"Nuwellis, Inc.",NUWE,Nasdaq,0001506492,NUWELLIS,1
1716947,"Ensysce Biosciences, Inc.",ENSC,Nasdaq,0001716947,ENSYSCE BIOSCIENCES,1
1734427,Colibri Resource Corp,CRUCF,OTC,0001734427,COLIBRI RESOURCE,0
1081938,"CANNAPHARMARX, INC.",CPMD,OTC,0001081938,CANNAPHARMARX,0
1417926,"INVO Fertility, Inc.",IVF,Nasdaq,0001417926,INVO FERTILITY,1
1945619,Kinetic Seas Inc.,KSEZ,OTC,0001945619,KINETIC SEAS,0
1360442,"Dogecoin Cash, Inc.",DOGP,OTC,0001360442,DOGECOIN CASH,0
1520118,"MedWellAI, Inc.",MWAI,OTC,0001520118,MEDWELLAI,0
1415758,Nevada Sunrise Metals Corp.,NVSGF,OTC,0001415758,NEVADA SUNRISE METALS,0
1081188,GOLD ENTERPRISE GROUP INC,GEGP,OTC,0001081188,GOLD ENTERPRISE,0
1066130,Linear Minerals Corp,LINMF,OTC,0001066130,LINEAR MINERALS,0
1211805,"My Size, Inc.",MYSZ,Nasdaq,0001211805,MY SIZE,1
1543652,"Free Flow USA, Inc.",FFLO,OTC,0001543652,FREE FLOW USA,0
1854480,DevvStream Corp.,DEVS,Nasdaq,0001854480,DEVVSTREAM,1
1011509,Golden Minerals Co,AUMN,OTC,0001011509,GOLDEN MINERALS,0
744452,BNB PLUS CORP.,BNBX,Nasdaq,0000744452,BNB PLUS,1
1951294,VS MEDIA Holdings Ltd,VSME,Nasdaq,0001951294,VS MEDIA,1
1996586,Canter Resources Corp.,CNRCF,OTC,0001996586,CANTER RESOURCES,0
2018529,Intercont (Cayman) Ltd,NCT,Nasdaq,0002018529,INTERCONT CAYMAN,1
1570937,Premier Air Charter Holdings Inc.,PREM,OTC,0001570937,PREMIER AIR CHARTER,0
1972074,Linkers Industries Ltd,LNKS,Nasdaq,0001972074,LINKERS INDUSTRIES,1
1376321,ZW Data Action Technologies Inc.,CNET,Nasdaq,0001376321,ZW DATA ACTION TECHNOLOGIES,1
1854963,"SHF Holdings, Inc.",SHFS,Nasdaq,0001854963,SHF,1
1611046,ModuLink Inc.,MDLK,OTC,0001611046,MODULINK,0
1506983,"Glucotrack, Inc.",GCTK,Nasdaq,0001506983,GLUCOTRACK,1
1743745,"Greenlane Holdings, Inc.",GNLN,Nasdaq,0001743745,GREENLANE,1
1828098,Steakholder Foods Ltd.,STKH,Nasdaq,0001828098,STEAKHOLDER FOODS,1
1615219,Decoy Therapeutics Inc.,DCOY,Nasdaq,0001615219,DECOY THERAPEUTICS,1
1785056,"Interactive Strength, Inc.",TRNR,Nasdaq,0001785056,INTERACTIVE STRENGTH,1
1553788,"SPLASH BEVERAGE GROUP, INC.",SBEV,NYSE,0001553788,SPLASH BEVERAGE,1
1419554,Bone Biologics Corp,BBLG,Nasdaq,0001419554,BONE BIOLOGICS,1
1814067,Lixiang Education Holding Co. Ltd.,LXEH,Nasdaq,0001814067,LIXIANG EDUCATION,1
2011954,Twin Hospitality Group Inc.,TWNPQ,OTC,0002011954,TWIN HOSPITALITY,0
1713210,Agape ATP Corp,ATPC,Nasdaq,0001713210,AGAPE ATP,1
1440799,MMEX Resources Corp,MMEX,OTC,0001440799,MMEX RESOURCES,0
1471781,GBT Technologies Inc.,GTCH,OTC,0001471781,GBT TECHNOLOGIES,0
2023796,Fitness Champs Holdings Ltd,FCHL,Nasdaq,0002023796,FITNESS CHAMPS,1
1626644,"Odyssey Health, Inc.",ODYY,OTC,0001626644,ODYSSEY HEALTH,0
1592560,VisionSys AI Inc,VSA,Nasdaq,0001592560,VISIONSYS AI,1
1817511,SOCIETY PASS INCORPORATED.,SOPA,Nasdaq,0001817511,SOCIETY PASS,1
1836875,Nuvve Holding Corp.,NVVE,Nasdaq,0001836875,NUVVE,1
1905511,JE Cleantech Holdings Ltd,JCSE,Nasdaq,0001905511,JE CLEANTECH,1
1532619,Power REIT,PW,NYSE,0001532619,POWER REIT,1
1708160,Alset Capital Inc.,GPUSF,,0001708160,ALSET CAPITAL,0
1911467,"Circle Energy, Inc./NV",CRCE,OTC,0001911467,CIRCLE ENERGY NV,0
1611747,Scinai Immunotherapeutics Ltd.,SCNI,Nasdaq,0001611747,SCINAI IMMUNOTHERAPEUTICS,1
1821424,Ucommune International Ltd,UK,Nasdaq,0001821424,UCOMMUNE INTERNATIONAL,1
1728328,InMed Pharmaceuticals Inc.,INM,Nasdaq,0001728328,INMED PHARMACEUTICALS,1
1128189,"ProtoKinetix, Inc.",PKTX,OTC,0001128189,PROTOKINETIX,0
862668,ESCALON MEDICAL CORP,ESMC,OTC,0000862668,ESCALON MEDICAL,0
1409197,"Bespoke Extracts, Inc.",BSPK,OTC,0001409197,BESPOKE EXTRACTS,0
1643918,Biodexa Pharmaceuticals Plc,BDRX,Nasdaq,0001643918,BIODEXA PHARMACEUTICALS,1
1514443,"AMERIGUARD SECURITY SERVICES, INC.",AGSS,OTC,0001514443,AMERIGUARD SECURITY,0
1716621,"Catheter Precision, Inc.",VTAK,NYSE,0001716621,CATHETER PRECISION,1
1809750,Edible Garden AG Inc,EDBL,Nasdaq,0001809750,EDIBLE GARDEN AG,1
1873213,Birdie Win Corp,BRWC,OTC,0001873213,BIRDIE WIN,0
1469443,"Arcadia Biosciences, Inc.",RKDA,Nasdaq,0001469443,ARCADIA BIOSCIENCES,1
1859807,"Profusa, Inc.",PFSA,Nasdaq,0001859807,PROFUSA,1
1300306,EMERGING HOLDINGS INC,EMRH,OTC,0001300306,EMERGING,0
1874907,Grayscale Decentralized Finance (DeFi) Fund LLC,DEFG,OTC,0001874907,GRAYSCALE DECENTRALIZED FINANCE DEFI FUND,0
1465311,Zicix Corp,ZICX,OTC,0001465311,ZICIX,0
1837254,Functional Brands Inc.,MEHA,Nasdaq,0001837254,FUNCTIONAL BRANDS,1
1970125,FENDX TECHNOLOGIES INC.,FDXTF,OTC,0001970125,FENDX TECHNOLOGIES,0
1931717,CCSC Technology International Holdings Ltd,CCTG,Nasdaq,0001931717,CCSC TECHNOLOGY INTERNATIONAL,1
2013186,TNL Mediagene,TNMG,Nasdaq,0002013186,TNL MEDIAGENE,1
1993097,3 E Network Technology Group Ltd,MASK,Nasdaq,0001993097,3 E NETWORK TECHNOLOGY,1
1989930,Founder Group Ltd,FGL,Nasdaq,0001989930,FOUNDER,1
1668438,Integrated Media Technology Ltd,IMTE,Nasdaq,0001668438,INTEGRATED MEDIA TECHNOLOGY,1
1172069,"P2 Solar, Inc.",PTOS,OTC,0001172069,P2 SOLAR,0
1816172,"Jiuzi Holdings, Inc.",JZXN,Nasdaq,0001816172,JIUZI,1
1776073,CBD Life Sciences Inc.,CBDL,OTC,0001776073,CBD LIFE SCIENCES,0
1532390,ALKALINE WATER Co INC,WTER,OTC,0001532390,ALKALINE WATER,0
1374567,"Luvu Brands, Inc.",LUVU,OTC,0001374567,LUVU BRANDS,0
1704476,VISIONARY METALS CORP.,VIZNF,OTC,0001704476,VISIONARY METALS,0
1704287,"Bluejay Diagnostics, Inc.",BJDX,Nasdaq,0001704287,BLUEJAY DIAGNOSTICS,1
1060888,LIFEQUEST WORLD CORP.,LQWC,OTC,0001060888,LIFEQUEST WORLD,0
724445,BURZYNSKI RESEARCH INSTITUTE INC,BZYR,OTC,0000724445,BURZYNSKI RESEARCH INSTITUTE,0
1872292,Rainmaker Worldwide Inc.,RAKR,OTC,0001872292,RAINMAKER WORLDWIDE,0
1951067,C3is Inc.,CISS,Nasdaq,0001951067,C3IS,1
278165,OMNIQ Corp.,OMQS,OTC,0000278165,OMNIQ,0
1342958,"KUSTOM ENTERTAINMENT, INC.",KUST,Nasdaq,0001342958,KUSTOM ENTERTAINMENT,1
1741489,"Elvictor Group, Inc.",ELVG,OTC,0001741489,ELVICTOR,0
1085277,"SKINVISIBLE, INC.",SKVI,OTC,0001085277,SKINVISIBLE,0
1946399,"LakeShore Biopharma Co., Ltd.",LSBCF,OTC,0001946399,LAKESHORE BIOPHARMA,0
1857086,"TruGolf Holdings, Inc.",TRUG,Nasdaq,0001857086,TRUGOLF,1
1789299,UTime Ltd,WTO,Nasdaq,0001789299,UTIME,1
1809616,Universe Pharmaceuticals INC,UPC,Nasdaq,0001809616,UNIVERSE PHARMACEUTICALS,1
1928581,GMEX Robotics Corp,GMEX,Nasdaq,0001928581,GMEX ROBOTICS,1
1879403,La Rosa Holdings Corp.,LRHC,Nasdaq,0001879403,LA ROSA,1
1603345,Agentix Corp.,AGTX,OTC,0001603345,AGENTIX,0
1370816,"FBC Holding, Inc.",FBCD,OTC,0001370816,FBC,0
1924482,Innovation Beverage Group Ltd,IBG,Nasdaq,0001924482,INNOVATION BEVERAGE,1
1847462,Ayr Wellness Inc.,AYRWF,OTC,0001847462,AYR WELLNESS,0
1636051,FUSE GROUP HOLDING INC.,FUST,OTC,0001636051,FUSE,0
1517681,"Propanc Biopharma, Inc.",PPCB,Nasdaq,0001517681,PROPANC BIOPHARMA,1
2006925,LELANTOS HOLDINGS INC.,LNTO,OTC,0002006925,LELANTOS,0
794998,SETO HOLDINGS INC,SETO,OTC,0000794998,SETO,0
1651992,"Appsoft Technologies, Inc.",ASFT,OTC,0001651992,APPSOFT TECHNOLOGIES,0
932021,GLOBAL TECHNOLOGIES LTD,GTLL,OTC,0000932021,GLOBAL TECHNOLOGIES,0
1585608,"Jaguar Health, Inc.",JAGX,Nasdaq,0001585608,JAGUAR HEALTH,1
1519061,Trinseo PLC,TSEOF,OTC,0001519061,TRINSEO,0
1687542,"Freight Technologies, Inc.",FRGT,Nasdaq,0001687542,FREIGHT TECHNOLOGIES,1
1335288,ReoStar Energy CORP,REOS,OTC,0001335288,REOSTAR ENERGY,0
1859007,"ZyVersa Therapeutics, Inc.",ZVSA,OTC,0001859007,ZYVERSA THERAPEUTICS,0
1792030,IM Cannabis Corp.,IMCC,Nasdaq,0001792030,IM CANNABIS,1
895464,Yubo International Biotech Ltd,YBGJ,OTC,0000895464,YUBO INTERNATIONAL BIOTECH,0
1943421,Rubico Inc.,RUBI,Nasdaq,0001943421,RUBICO,1
1651721,"GENERATION INCOME PROPERTIES, INC.",GIPR,Nasdaq,0001651721,GENERATION INCOME PROPERTIES,1
1807936,Else Nutrition Holdings Inc.,BABYF,OTC,0001807936,ELSE NUTRITION,0
1402328,Sunshine Biopharma Inc.,SBFM,Nasdaq,0001402328,SUNSHINE BIOPHARMA,1
1893219,"Abpro Holdings, Inc.",ABPO,OTC,0001893219,ABPRO,0
1590418,FOCUS UNIVERSAL INC.,FCUV,Nasdaq,0001590418,FOCUS UNIVERSAL,1
1355790,International Stem Cell CORP,ISCO,OTC,0001355790,INTERNATIONAL STEM CELL,0
1082733,"VISIUM TECHNOLOGIES, INC.",VISM,OTC,0001082733,VISIUM TECHNOLOGIES,0
1892274,Visionary Holdings Inc.,GV,Nasdaq,0001892274,VISIONARY,1
2015691,Elong Power Holding Ltd.,ELPW,Nasdaq,0002015691,ELONG POWER,1
1954594,Haoxi Health Technology Ltd,HAO,Nasdaq,0001954594,HAOXI HEALTH TECHNOLOGY,1
1801834,PRF Technologies Ltd.,PRFX,Nasdaq,0001801834,PRF TECHNOLOGIES,1
1035354,"Eloxx Pharmaceuticals, Inc.",ELOX,OTC,0001035354,ELOXX PHARMACEUTICALS,0
1794942,"Stark Focus Group, Inc.",SKFG,OTC,0001794942,STARK FOCUS,0
1744494,"ADVENT TECHNOLOGIES HOLDINGS, INC.",ADNH,OTC,0001744494,ADVENT TECHNOLOGIES,0
802257,"Mitesco, Inc.",MITI,OTC,0000802257,MITESCO,0
1949478,DAVIS COMMODITIES Ltd,DTCKF,OTC,0001949478,DAVIS COMMODITIES,0
1856084,Ridgetech Inc.,RDGT,Nasdaq,0001856084,RIDGETECH,1
1643721,"LEAFBUYER TECHNOLOGIES, INC.",LBUY,OTC,0001643721,LEAFBUYER TECHNOLOGIES,0
1813783,Vision Marine Technologies Inc.,VMAR,Nasdaq,0001813783,VISION MARINE TECHNOLOGIES,1
2022416,Silexion Therapeutics Corp,SLXN,Nasdaq,0002022416,SILEXION THERAPEUTICS,1
1022899,"Protagenic Therapeutics, Inc.new",PTIX,OTC,0001022899,PROTAGENIC THERAPEUTICS NEW,0
1527541,"Wheeler Real Estate Investment Trust, Inc.",WHLR,Nasdaq,0001527541,WHEELER REAL ESTATE INVESTMENT,1
1885408,Nexera Technologies Ltd,NEXR,Nasdaq,0001885408,NEXERA TECHNOLOGIES,1
1751876,Paranovus Entertainment Technology Ltd.,PAVS,Nasdaq,0001751876,PARANOVUS ENTERTAINMENT TECHNOLOGY,1
1885827,Virax Biolabs Group Ltd,VRAX,Nasdaq,0001885827,VIRAX BIOLABS,1
1870404,"CERO THERAPEUTICS HOLDINGS, INC.",CERO,OTC,0001870404,CERO THERAPEUTICS,0
1282571,GREENLITE VENTURES INC,GRNL,OTC,0001282571,GREENLITE VENTURES,0
1830072,iPower Inc.,IPW,Nasdaq,0001830072,IPOWER,1
1880431,Vocodia Holdings Corp,VHAI,OTC,0001880431,VOCODIA,0
1888151,Femto Technologies Inc.,FMTOF,OTC,0001888151,FEMTO TECHNOLOGIES,0
824416,QUEST PATENT RESEARCH CORP,QPRC,OTC,0000824416,QUEST PATENT RESEARCH,0
1813603,Hestia Insight Inc.,HSTA,OTC,0001813603,HESTIA INSIGHT,0
1127475,"Digital Brand Media & Marketing Group, Inc.",DBMM,OTC,0001127475,DIGITAL BRAND MEDIA MARKETING,0
1393781,Quality Industrial Corp.,QIND,OTC,0001393781,QUALITY INDUSTRIAL,0
849997,FEC Resources Inc.,FECOF,OTC,0000849997,FEC RESOURCES,0
1784058,Pony Group Inc.,PNYG,OTC,0001784058,PONY,0
1169138,"GIVBUX, INC.",GBUX,OTC,0001169138,GIVBUX,0
1644963,"AVENUE THERAPEUTICS, INC.",ATXI,OTC,0001644963,AVENUE THERAPEUTICS,0
1901215,Brenmiller Energy Ltd.,BNRG,Nasdaq,0001901215,BRENMILLER ENERGY,1
1404593,Medical Care Technologies Inc.,MDCE,OTC,0001404593,MEDICAL CARE TECHNOLOGIES,0
1444839,Bravo Multinational Inc.,BRVO,OTC,0001444839,BRAVO MULTINATIONAL,0
1502758,NuLegacy Gold Corp,NULGF,OTC,0001502758,NULEGACY GOLD,0
1454742,"GOOD GAMING, INC.",GMER,OTC,0001454742,GOOD GAMING,0
1452583,"CONSERVATIVE BROADCAST MEDIA & PUBLISHING, INC.",CBMJ,OTC,0001452583,CONSERVATIVE BROADCAST MEDIA PUBLISHING,0
790273,CONECTISYS CORP,CONC,OTC,0000790273,CONECTISYS,0
1978151,Eat & Beyond Global Holdings Inc.,DGTEF,OTC,0001978151,EAT BEYOND GLOBAL,0
1618835,"Evofem Biosciences, Inc.",EVFM,OTC,0001618835,EVOFEM BIOSCIENCES,0
1929783,WORK Medical Technology Group LTD,WOK,Nasdaq,0001929783,WORK MEDICAL TECHNOLOGY,1
1043150,"Eline Entertainment Group, Inc.",EEGI,OTC,0001043150,ELINE ENTERTAINMENT,0
1543637,"Nu-Med Plus, Inc.",NUMD,OTC,0001543637,NU MED PLUS,0
1346022,Enertopia Corp.,ENRT,OTC,0001346022,ENERTOPIA,0
1386044,"Awareness Group, Inc.",TAAG,OTC,0001386044,AWARENESS,0
1143994,MACREPORT NET INC,MRPT,OTC,0001143994,MACREPORT NET,0
822370,"Emmaus Life Sciences, Inc.",EMMA,OTC,0000822370,EMMAUS LIFE SCIENCES,0
1586554,Target Group Inc.,CBDY,OTC,0001586554,TARGET,0
1703073,VIVIC CORP.,VIVC,OTC,0001703073,VIVIC,0
1409253,"Havana Roasters Coffee Companies, Inc.",NAFS,,0001409253,HAVANA ROASTERS COFFEE COMPANIES,0
1842939,"Longevity Health Holdings, Inc.",XAGE,OTC,0001842939,LONGEVITY HEALTH,0
1854275,"Zoomcar Holdings, Inc.",ZCAR,OTC,0001854275,ZOOMCAR,0
1599117,"Mentor Capital, Inc.",MNTR,OTC,0001599117,MENTOR CAPITAL,0
1346917,GENTOR RESOURCES INC.,GNTOF,OTC,0001346917,GENTOR RESOURCES,0
1100788,INTERNATIONAL STAR INC,ILST,OTC,0001100788,INTERNATIONAL STAR,0
1679817,"OZOP ENERGY SOLUTIONS, INC.",OZSC,OTC,0001679817,OZOP ENERGY SOLUTIONS,0
1530425,"Artisan Consumer Goods, Inc.",ARRT,OTC,0001530425,ARTISAN CONSUMER GOODS,0
1757143,Aesthetic Medical International Holdings Group Ltd,PAIYY,OTC,0001757143,AESTHETIC MEDICAL INTERNATIONAL,0
1648087,AMERICAN REBEL HOLDINGS INC,AREB,OTC,0001648087,AMERICAN REBEL,0
1568385,"Bright Mountain Media, Inc.",BMTM,OTC,0001568385,BRIGHT MOUNTAIN MEDIA,0
1753391,"TANCHENG GROUP CO., LTD.",QSJC,OTC,0001753391,TANCHENG,0
1609258,PetroGas Co,PTCO,OTC,0001609258,PETROGAS,0
1990446,"Trans American Aquaculture, Inc",GRPS,OTC,0001990446,TRANS AMERICAN AQUACULTURE,0
1518336,Dream Homes & Development Corp.,DREM,OTC,0001518336,DREAM HOMES DEVELOPMENT,0
1762239,"Kaival Brands Innovations Group, Inc.",KAVL,OTC,0001762239,KAIVAL BRANDS INNOVATIONS,0
1900720,EPWK Holdings Ltd.,EPWKF,OTC,0001900720,EPWK,0
1619227,"Cloudweb, Inc.",CLOW,OTC,0001619227,CLOUDWEB,0
1084475,"Video River Networks, Inc.",NIHK,OTC,0001084475,VIDEO RIVER NETWORKS,0
1806524,Lion Group Holding Ltd,LGHL,Nasdaq,0001806524,LION,1
1877461,1606 CORP.,CBDW,OTC,0001877461,1606,0
1566826,"LogicMark, Inc.",LGMK,OTC,0001566826,LOGICMARK,0
1637147,"zSpace, Inc.",ZSPC,OTC,0001637147,ZSPACE,0
1622244,"One World Products, Inc.",OWPC,OTC,0001622244,ONE WORLD PRODUCTS,0
1463208,"Transportation & Logistics Systems, Inc.",TLSS,OTC,0001463208,TRANSPORTATION LOGISTICS SYSTEMS,0
1978165,LITHOS GROUP LTD.,LITSF,OTC,0001978165,LITHOS,0
946486,WINDTREE THERAPEUTICS INC /DE/,WINT,OTC,0000946486,WINDTREE THERAPEUTICS DE,0
1763329,"AIBOTICS, INC.",AIBT,OTC,0001763329,AIBOTICS,0
1487615,Nexera Energy Inc.,EMBYF,OTC,0001487615,NEXERA ENERGY,0
918573,GROOVE BOTANICALS INC.,GRVE,OTC,0000918573,GROOVE BOTANICALS,0
1788841,micromobility.com Inc.,MCOM,OTC,0001788841,MICROMOBILITY COM,0
1453122,"3DX Industries, Inc.",DDDX,OTC,0001453122,3DX INDUSTRIES,0
800523,GGL RESOURCES CORP.,GGLXF,OTC,0000800523,GGL RESOURCES,0
868278,"ProPhase Labs, Inc.",PRPH,OTC,0000868278,PROPHASE LABS,0
1981662,NewGenIvf Group Ltd,NIVF,Nasdaq,0001981662,NEWGENIVF,1
1517389,"Jubilant Flame International, Ltd",JFIL,OTC,0001517389,JUBILANT FLAME INTERNATIONAL,0
1427644,"Solidus Communications, Inc.",SLDC,OTC,0001427644,SOLIDUS COMMUNICATIONS,0
912544,NovelStem International Corp.,NSTM,OTC,0000912544,NOVELSTEM INTERNATIONAL,0
1817232,Global Gas Corp,HGAS,OTC,0001817232,GLOBAL GAS,0
1886362,"Mobile Global Esports, Inc.",MGAM,OTC,0001886362,MOBILE GLOBAL ESPORTS,0
1760026,Regenerative Medical Technology Group Inc.,RMTG,OTC,0001760026,REGENERATIVE MEDICAL TECHNOLOGY,0
1741534,MDJM LTD,UOKAF,OTC,0001741534,MDJM,0
820771,Goliath Film & Media Holdings,GFMH,OTC,0000820771,GOLIATH FILM MEDIA,0
1802450,"MSP Recovery, Inc.",MSPR,OTC,0001802450,MSP RECOVERY,0
1877430,E2Gold Inc.,ETUGF,OTC,0001877430,E2GOLD,0
1084937,Green Rain Energy Holdings Inc.,GREH,OTC,0001084937,GREEN RAIN ENERGY,0
1470129,VisitIQ Corp.,VIIQ,OTC,0001470129,VISITIQ,0
1741220,CW Petroleum Corp,CWPE,OTC,0001741220,CW PETROLEUM,0
1601936,Altamira Therapeutics Ltd.,CYTOF,OTC,0001601936,ALTAMIRA THERAPEUTICS,0
1801602,"SpringBig Holdings, Inc.",SBIG,OTC,0001801602,SPRINGBIG,0
1806904,EZGO Technologies Ltd.,EZGO,Nasdaq,0001806904,EZGO TECHNOLOGIES,1
1812360,FOXO TECHNOLOGIES INC.,FOXO,OTC,0001812360,FOXO TECHNOLOGIES,0
1680689,"Natural Resource Holdings, Inc.",NRHI,OTC,0001680689,NATURAL RESOURCE,0
1343009,CNBX Pharmaceuticals Inc.,CNBX,OTC,0001343009,CNBX PHARMACEUTICALS,0
1661600,SATIVUS TECH CORP.,SATT,OTC,0001661600,SATIVUS TECH,0
1680132,CANNABIS SUISSE CORP.,CSUI,OTC,0001680132,CANNABIS SUISSE,0
1674227,SCWorx Corp.,WORX,OTC,0001674227,SCWORX,0
352991,ADVANCED OXYGEN TECHNOLOGIES INC,AOXY,OTC,0000352991,ADVANCED OXYGEN TECHNOLOGIES,0
1701756,Sadot Group Inc.,SDOT,Nasdaq,0001701756,SADOT,1
1290658,"IIOT-OXYS, Inc.",ITOX,OTC,0001290658,IIOT OXYS,0
1725911,NetBrands Corp.,NBND,OTC,0001725911,NETBRANDS,0
1133818,"BIO-PATH HOLDINGS, INC.",BPTH,OTC,0001133818,BIO PATH,0
1680513,IMPACT ANALYTICS INC.,IPTNF,,0001680513,IMPACT ANALYTICS,0
1434601,"Transglobal Management Group, Inc.",TMGI,OTC,0001434601,TRANSGLOBAL MANAGEMENT,0
1971260,Cloud3 Ventures Inc.,CLDVF,OTC,0001971260,CLOUD3 VENTURES,0
1782941,TIAN RUIXIANG HOLDINGS LTD,TIRXF,OTC,0001782941,TIAN RUIXIANG,0
1873722,Bubblr Inc.,BBLR,OTC,0001873722,BUBBLR,0
1705012,"Fat Brands, Inc",FATAQ,OTC,0001705012,FAT BRANDS,0
1392449,Green Planet Bio Engineering Co. Ltd.,GPLB,OTC,0001392449,GREEN PLANET BIO ENGINEERING,0
1994624,ScanTech AI Systems Inc.,STAI,OTC,0001994624,SCANTECH AI SYSTEMS,0
1497230,Fyntechnical Innovations Inc,FYNN,OTC,0001497230,FYNTECHNICAL INNOVATIONS,0
1815903,"Petros Pharmaceuticals, Inc.",PTPI,OTC,0001815903,PETROS PHARMACEUTICALS,0
1098462,METALINK LTD,MTLK,OTC,0001098462,METALINK,0
1682265,Onar Holding Corp,ONAR,OTC,0001682265,ONAR,0
1695473,"Greater Cannabis Company, Inc.",GCAN,OTC,0001695473,GREATER CANNABIS,0
1132509,New Momentum Corp.,NNAX,OTC,0001132509,NEW MOMENTUM,0
1865494,"IO Biotech, Inc.",IOBTQ,OTC,0001865494,IO BIOTECH,0
1823126,Critical Reagent Processing Corp.,GRXXF,OTC,0001823126,CRITICAL REAGENT PROCESSING,0
1404804,Omnitek Engineering Corp,OMTK,OTC,0001404804,OMNITEK ENGINEERING,0
1490873,"ECO SCIENCE SOLUTIONS, INC.",ESSI,OTC,0001490873,ECO SCIENCE SOLUTIONS,0
1947861,Nature's Miracle Holding Inc.,NMHI,OTC,0001947861,NATURE S MIRACLE,0
915661,GREEN LEAF INNOVATIONS INC,GRLF,OTC,0000915661,GREEN LEAF INNOVATIONS,0
1230524,"Leopard Energy, Inc.",LEEN,OTC,0001230524,LEOPARD ENERGY,0
1356914,ECOPLUS INC,ECPL,OTC,0001356914,ECOPLUS,0
1284454,"Nongfu Shop Digital New Retail Co., Ltd",NFSN,OTC,0001284454,NONGFU SHOP DIGITAL NEW RETAIL,0
1967478,Captivision Inc.,CPTAF,OTC,0001967478,CAPTIVISION,0
1905660,Hub Cyber Security Ltd.,HUBC,Nasdaq,0001905660,HUB CYBER SECURITY,1
1558740,Winvest Group Ltd,WNLV,OTC,0001558740,WINVEST,0
1358633,SENTIENT BRANDS HOLDINGS INC.,SNBH,OTC,0001358633,SENTIENT BRANDS,0
1407704,"LINGERIE FIGHTING CHAMPIONSHIPS, INC.",BOTY,OTC,0001407704,LINGERIE FIGHTING CHAMPIONSHIPS,0
1347242,LIPELLA PHARMACEUTICALS INC.,LIPO,OTC,0001347242,LIPELLA PHARMACEUTICALS,0
1227282,Strata Power Corp,SPOWF,OTC,0001227282,STRATA POWER,0
813716,CIRTRAN CORP,CIRX,OTC,0000813716,CIRTRAN,0
1061040,"New Generation Consumer Group, Inc.",NGCG,OTC,0001061040,NEW GENERATION CONSUMER,0
1759136,Blue Hat Interactive Entertainment Technology,BHATF,OTC,0001759136,BLUE HAT INTERACTIVE ENTERTAINMENT TECHNOLOGY,0
1575142,"BIOADAPTIVES, INC.",BDPT,OTC,0001575142,BIOADAPTIVES,0
1416876,"First Choice Healthcare Solutions, Inc.",FCHS,OTC,0001416876,FIRST CHOICE HEALTHCARE SOLUTIONS,0
1068689,"Data443 Risk Mitigation, Inc.",ATDS,OTC,0001068689,DATA443 RISK MITIGATION,0
1855756,Lilium N.V.,LILMF,OTC,0001855756,LILIUM V,0
1062506,ATLANTICA INC,ALDA,OTC,0001062506,ATLANTICA,0
1495584,"Firsthand Technology Value Fund, Inc.",SVVC,OTC,0001495584,FIRSTHAND TECHNOLOGY VALUE FUND,0
1733298,Qutoutiao Inc.,QTTOY,OTC,0001733298,QUTOUTIAO,0
1584480,"Greentech Innovations, Inc.",GTIC,OTC,0001584480,GREENTECH INNOVATIONS,0
1058623,CUMULUS MEDIA INC,CMLS,,0001058623,CUMULUS MEDIA,0
1589150,Regen BioPharma Inc,RGBP,OTC,0001589150,REGEN BIOPHARMA,0
1710495,PINEAPPLE EXPRESS CANNABIS Co,PNXP,OTC,0001710495,PINEAPPLE EXPRESS CANNABIS,0
1869974,"Ocean Biomedical, Inc.",OCEA,OTC,0001869974,OCEAN BIOMEDICAL,0
1726711,"Aditxt, Inc.",ADTX,Nasdaq,0001726711,ADITXT,1
1642159,"Sigyn Therapeutics, Inc.",SIGY,OTC,0001642159,SIGYN THERAPEUTICS,0
1499961,"BOLLINGER INNOVATIONS, INC.",BINI,OTC,0001499961,BOLLINGER INNOVATIONS,0
1730773,Blue Star Foods Corp.,BSFC,OTC,0001730773,BLUE STAR FOODS,0
1511820,Stemtech Corp,STEK,OTC,0001511820,STEMTECH,0
1130781,"BMP AI Technologies, Inc.",BMPA,OTC,0001130781,BMP AI TECHNOLOGIES,0
1145898,CHINESEWORLDNET COM INC,CWNOF,OTC,0001145898,CHINESEWORLDNET COM,0
1899658,"WANG & LEE GROUP, Inc.",WLGSF,OTC,0001899658,WANG LEE,0
1495648,Blackwell 3D Construction Corp.,BDCC,,0001495648,BLACKWELL 3D CONSTRUCTION,0
1984014,Harrison Global Holdings Inc.,BLMZF,OTC,0001984014,HARRISON GLOBAL,0
1879373,GRAPHJET TECHNOLOGY,GTIJF,OTC,0001879373,GRAPHJET TECHNOLOGY,0
1803096,"STARGUIDE GROUP, INC.",STRG,OTC,0001803096,STARGUIDE,0
2107523,Titan Holdings Corp.,KMCM,,0002107523,TITAN,0
2094919,Tribeca Strategic Acquisition Corp.,BID,,0002094919,TRIBECA STRATEGIC ACQUISITION,0
7323,"ENTERGY ARKANSAS, LLC",EAI,NYSE,0000007323,ENTERGY ARKANSAS,1
18654,Ameren Illinois Co,AILIH,OTC,0000018654,AMEREN ILLINOIS,0
41091,GEORGIA POWER CO,GPJA,NYSE,0000041091,GEORGIA POWER,1
66901,"ENTERGY MISSISSIPPI, LLC",EMP,NYSE,0000066901,ENTERGY MISSISSIPPI,1
70502,NATIONAL RURAL UTILITIES COOPERATIVE FINANCE CORP /DC/,NRUC,NYSE,0000070502,RURAL UTILITIES COOPERATIVE FINANCE DC,1
71508,"ENTERGY NEW ORLEANS, LLC",ENJ,NYSE,0000071508,ENTERGY NEW ORLEANS,1
100826,UNION ELECTRIC CO,UELMO,OTC,0000100826,UNION ELECTRIC,0
201533,CONSUMERS ENERGY CO,CMS-PB,NYSE,0000201533,CONSUMERS ENERGY,1
712034,ACCO BRANDS Corp,ACCO,NYSE,0000712034,ACCO BRANDS,1
823277,CHS INC,CHSCP,Nasdaq,0000823277,CHS,1
836412,Virtus Total Return Fund Inc.,ZTR,NYSE,0000836412,VIRTUS TOTAL RETURN FUND,1
844551,WOODSIDE ENERGY GROUP LTD,WDS,NYSE,0000844551,WOODSIDE ENERGY,1
884152,Invesco Municipal Opportunity Trust,VMO,NYSE,0000884152,INVESCO MUNICIPAL OPPORTUNITY,1
884394,SPDR S&P 500 ETF TRUST,SPY,NYSE,0000884394,SPDR S P 500 ETF,1
894556,CitroTech Inc.,CITR,NYSE,0000894556,CITROTECH,1
925683,JOHN HANCOCK FINANCIAL OPPORTUNITIES FUND,BTO,NYSE,0000925683,JOHN HANCOCK OPPORTUNITIES FUND,1
936958,SPDR S&P MIDCAP 400 ETF TRUST,MDY,NYSE,0000936958,SPDR S P MIDCAP 400 ETF,1
1009919,"Invech Holdings, Inc.",IVHI,OTC,0001009919,INVECH,0
1041130,SPDR DOW JONES INDUSTRIAL AVERAGE ETF TRUST,DIA,NYSE,0001041130,SPDR DOW JONES INDUSTRIAL AVERAGE ETF,1
1046179,TAIWAN SEMICONDUCTOR MANUFACTURING CO LTD,TSM,NYSE,0001046179,TAIWAN SEMICONDUCTOR MANUFACTURING,1
1052354,MAN AHL DIVERSIFIED I LP,MADL,,0001052354,MAN AHL DIVERSIFIED I,0
1067839,"INVESCO QQQ TRUST, SERIES 1",QQQ,Nasdaq,0001067839,INVESCO QQQ SERIES 1,1
1075822,NORTHFIELD CAPITAL CORP,NHFLF,OTC,0001075822,NORTHFIELD CAPITAL,0
1084201,SINOVAC BIOTECH LTD,SVA,Nasdaq,0001084201,SINOVAC BIOTECH,1
1124959,VOYA CREDIT INCOME FUND,XSIAX,,0001124959,VOYA CREDIT INCOME FUND,0
1163609,SOUTH DAKOTA SOYBEAN PROCESSORS LLC,SDSYA,OTC,0001163609,SOUTH DAKOTA SOYBEAN PROCESSORS,0
1174511,ANADOLU EFES BIRACILIK VE MALT SANAYI A S/ADR,AEBMY,OTC,0001174511,ANADOLU EFES BIRACILIK VE MALT SANAYI S ADR,0
1222333,SPDR GOLD TRUST,GLD,NYSE,0001222333,SPDR GOLD,1
1267332,MERRILL LYNCH DEPOSITOR INC INDEXPLUS TRUST SERIES 2003-1,IPB,NYSE,0001267332,MERRILL LYNCH DEPOSITOR INDEXPLUS SERIES 2003 1,1
1278680,ISHARES GOLD TRUST,IAU,NYSE,0001278680,ISHARES GOLD,1
1283337,STRUCTURED PRODUCTS CORP CRED ENHANCE CORTS TR FOR AON CAP A,KTN,NYSE,0001283337,STRUCTURED PRODUCTS CRED ENHANCE CORTS FOR AON CAP,1
1283464,STRUCTURED PRODUCTS CORP CORTS TR FOR PECO ENERGY CAP TR III,KTH,NYSE,0001283464,STRUCTURED PRODUCTS CORTS FOR PECO ENERGY CAP III,1
1284143,LEHMAN ABS CORP GOLDMAN SACHS CAP 1 SEC BACKED SER 2004-6,JBK,NYSE,0001284143,LEHMAN ABS GOLDMAN SACHS CAP 1 SEC BACKED SER 2004 6,1
1286405,STRATS SM TRUST FOR U S CELL CORP SEC SERIES 2004 6,GJH,NYSE,0001286405,STRATS SM FOR US CELL SEC SERIES 2004 6,1
1291313,Great Eastern Holdings Ltd,GEHDF,OTC,0001291313,GREAT EASTERN,0
1294808,PPLUS Trust Series GSC-2,PYT,NYSE,0001294808,PPLUS SERIES GSC 2,1
1321741,GLADSTONE INVESTMENT CORPORATIONDE,GAIN,Nasdaq,0001321741,GLADSTONE INVESTMENT CORPORATIONDE,1
1327068,"United States Oil Fund, LP",USO,NYSE,0001327068,UNITED STATES OIL FUND,1
1328237,Invesco DB Commodity Index Tracking Fund,DBC,NYSE,0001328237,INVESCO DB COMMODITY INDEX TRACKING FUND,1
1328598,Invesco CurrencyShares Euro Trust,FXE,NYSE,0001328598,INVESCO CURRENCYSHARES EURO,1
1330568,iShares Silver Trust,SLV,NYSE,0001330568,ISHARES SILVER,1
1332174,iShares S&P GSCI Commodity-Indexed Trust,GSG,NYSE,0001332174,ISHARES S P GSCI COMMODITY INDEXED,1
1340909,"STRATS SM TRUST FOR WAL-MART STORES, INC. SECURITIES, SERIES 2005-4",GJO,NYSE,0001340909,STRATS SM FOR WAL MART STORES SECURITIES SERIES 2005 4,1
1343491,"STRATS(SM) TRUST FOR DOMINION RESOURCES, INC. SECURITIES, SERIES 2005-6",GJP,NYSE,0001343491,STRATS SM FOR DOMINION RESOURCES SECURITIES SERIES 2005 6,1
1348952,"ENTERGY LOUISIANA, LLC",ELC,NYSE,0001348952,ENTERGY LOUISIANA,1
1350102,"Ascent Solar Technologies, Inc.",ASTI,Nasdaq,0001350102,ASCENT SOLAR TECHNOLOGIES,1
1353226,"STRATS(SM) Trust for Procter & Gamble Securities, Series 2006-1",GJR,NYSE,0001353226,STRATS SM FOR PROCTER GAMBLE SECURITIES SERIES 2006 1,1
1353611,Invesco CurrencyShares British Pound Sterling Trust,FXB,NYSE,0001353611,INVESCO CURRENCYSHARES BRITISH POUND STERLING,1
1353612,Invesco CurrencyShares Canadian Dollar Trust,FXC,NYSE,0001353612,INVESCO CURRENCYSHARES CANADIAN DOLLAR,1
1353613,Invesco CurrencyShares Japanese Yen Trust,FXY,NYSE,0001353613,INVESCO CURRENCYSHARES JAPANESE YEN,1
1353614,Invesco CurrencyShares Australian Dollar Trust,FXA,NYSE,0001353614,INVESCO CURRENCYSHARES AUSTRALIAN DOLLAR,1
1353615,Invesco CurrencyShares Swiss Franc Trust,FXF,NYSE,0001353615,INVESCO CURRENCYSHARES SWISS FRANC,1
1356284,"STRATS(SM) Trust for Goldman Sachs Group Securities, Series 2006-2",GJS,NYSE,0001356284,STRATS SM FOR GOLDMAN SACHS SECURITIES SERIES 2006 2,1
1357660,"STRATS(SM) Trust for Allstate Corp Securities, Series 2006-3",GJT,NYSE,0001357660,STRATS SM FOR ALLSTATE SECURITIES SERIES 2006 3,1
1376227,"United States Natural Gas Fund, LP",UNG,NYSE,0001376227,UNITED STATES NATURAL GAS FUND,1
1383057,Invesco DB Precious Metals Fund,DBP,NYSE,0001383057,INVESCO DB PRECIOUS METALS FUND,1
1383058,Invesco DB Oil Fund,DBO,NYSE,0001383058,INVESCO DB OIL FUND,1
1383062,Invesco DB Energy Fund,DBE,NYSE,0001383062,INVESCO DB ENERGY FUND,1
1383082,INVESCO DB AGRICULTURE FUND,DBA,NYSE,0001383082,INVESCO DB AGRICULTURE FUND,1
1383084,INVESCO DB BASE METALS FUND,DBB,NYSE,0001383084,INVESCO DB BASE METALS FUND,1
1383149,INVESCO DB US DOLLAR INDEX BEARISH FUND,UDN,NYSE,0001383149,INVESCO DB US DOLLAR INDEX BEARISH FUND,1
1383151,Invesco DB US Dollar Index Bullish Fund,UUP,NYSE,0001383151,INVESCO DB US DOLLAR INDEX BULLISH FUND,1
1388141,"Morgan Stanley Emerging Markets Domestic Debt Fund, Inc.",EDD,NYSE,0001388141,MORGAN STANLEY EMERGING MARKETS DOMESTIC DEBT FUND,1
1396878,"United States Gasoline Fund, LP",UGA,NYSE,0001396878,UNITED STATES GASOLINE FUND,1
1403528,"Brookfield Oaktree Holdings, LLC",OAK-PA,NYSE,0001403528,BROOKFIELD OAKTREE,1
1405513,"United States 12 Month Natural Gas Fund, LP",UNL,NYSE,0001405513,UNITED STATES 12 MONTH NATURAL GAS FUND,1
1405528,"United States 12 Month Oil Fund, LP",USL,NYSE,0001405528,UNITED STATES 12 MONTH OIL FUND,1
1419275,RYVYL Inc.,RTB,Nasdaq,0001419275,RYVYL,1
1424768,VYCOR MEDICAL INC,VYCO,OTC,0001424768,VYCOR MEDICAL,0
1427437,"ENTERGY TEXAS, INC.",ETI-P,NYSE,0001427437,ENTERGY TEXAS,1
1450922,abrdn Silver ETF Trust,SIVR,NYSE,0001450922,ABRDN SILVER ETF,1
1450923,abrdn Gold ETF Trust,SGOL,NYSE,0001450923,ABRDN GOLD ETF,1
1459862,abrdn Palladium ETF Trust,PALL,NYSE,0001459862,ABRDN PALLADIUM ETF,1
1460235,abrdn Platinum ETF Trust,PPLT,NYSE,0001460235,ABRDN PLATINUM ETF,1
1472033,"Citibank,N.A./ADR",JTGEY,OTC,0001472033,CITIBANK ADR,0
1472494,"United States Brent Oil Fund, LP",BNO,NYSE,0001472494,UNITED STATES BRENT OIL FUND,1
1479247,United States Commodity Index Funds Trust,USCI,NYSE,0001479247,UNITED STATES COMMODITY INDEX FUNDS,1
1483386,abrdn Precious Metals Basket ETF Trust,GLTR,NYSE,0001483386,ABRDN PRECIOUS METALS BASKET ETF,1
1494558,Ambow Education Holding Ltd.,AMBO,NYSE,0001494558,AMBOW EDUCATION,1
1503658,"Winning Catering Group, Inc.",WNHK,OTC,0001503658,WINNING CATERING,0
1503812,PREMIUM BRANDS HOLDINGS Corp,PRBRY,OTC,0001503812,PREMIUM BRANDS,0
1516535,Melrose Industries Plc/ADR,MROSY,OTC,0001516535,MELROSE INDUSTRIES ADR,0
1540159,"Edesa Biotech, Inc.",EDSA,Nasdaq,0001540159,EDESA BIOTECH,1
1544088,DiaSorin SpA/ADR,DSRNY,OTC,0001544088,DIASORIN SPA ADR,0
1545772,Brookfield Property Partners L.P.,BPYPP,Nasdaq,0001545772,BROOKFIELD PROPERTY PARTNERS L P,1
1546652,VanEck Merk Gold ETF,OUNZ,NYSE,0001546652,VANECK MERK GOLD ETF,1
1547870,Bumrungrad Hospital Public Co Limited/ADR,BUHPY,OTC,0001547870,BUMRUNGRAD HOSPITAL PUBLIC ADR,0
1549107,Manchester United plc,MANU,NYSE,0001549107,MANCHESTER UNITED,1
1551047,Bluerock Private Real Estate Fund,BPRE,NYSE,0001551047,BLUEROCK PRIVATE REAL ESTATE FUND,1
1551468,Central Pattana Public Co Limited/ADR,CPPBY,OTC,0001551468,CENTRAL PATTANA PUBLIC ADR,0
1575356,PT MDS Retailing Tbk/ADR,PTMSY,OTC,0001575356,PT MDS RETAILING TBK ADR,0
1582820,IPSOS/ADR,IPSAY,OTC,0001582820,IPSOS ADR,0
1588489,Grayscale Bitcoin Trust ETF,GBTC,NYSE,0001588489,GRAYSCALE BITCOIN ETF,1
1610718,"Outdoor Specialty Products, Inc.",ODRS,OTC,0001610718,OUTDOOR SPECIALTY PRODUCTS,0
1610940,Amplify Commodity Trust,BDRY,NYSE,0001610940,AMPLIFY COMMODITY,1
1618181,World Gold Trust,GLDM,NYSE,0001618181,WORLD GOLD,1
1630745,"DCFC Holdings, LLC",DCFBS,OTC,0001630745,DCFC,0
1653827,"Safepoint Holdings, Inc.",SFPT,,0001653827,SAFEPOINT,0
1690012,"InPoint Commercial Real Estate Income, Inc.",ICR-PA,NYSE,0001690012,INPOINT COMMERCIAL REAL ESTATE INCOME,1
1690437,GraniteShares Gold Trust,BAR,NYSE,0001690437,GRANITESHARES GOLD,1
1690842,GraniteShares Platinum Trust,PLTM,NYSE,0001690842,GRANITESHARES PLATINUM,1
1693687,GREENLIT VENTURES INC.,MSYND,,0001693687,GREENLIT VENTURES,0
1699963,"Neutron Holdings, Inc.",LIME,,0001699963,NEUTRON,0
1705181,Grayscale Ethereum Classic Trust (ETC),ETCG,OTC,0001705181,GRAYSCALE ETHEREUM CLASSIC ETC,0
1708646,Goldman Sachs Physical Gold ETF,AAAU,CBOE,0001708646,GOLDMAN SACHS PHYSICAL GOLD ETF,0
1720265,Grayscale Zcash Trust (ZEC),ZCSH,OTC,0001720265,GRAYSCALE ZCASH ZEC,0
1723788,Bitwise 10 Crypto Index ETF,BITW,NYSE,0001723788,BITWISE 10 CRYPTO INDEX ETF,1
1725210,Grayscale Ethereum Staking ETF,ETHE,NYSE,0001725210,GRAYSCALE ETHEREUM STAKING ETF,1
1729997,Grayscale CoinDesk Crypto 5 ETF,GDLC,NYSE,0001729997,GRAYSCALE COINDESK CRYPTO 5 ETF,1
1732406,Grayscale Litecoin Trust (LTC),LTCN,OTC,0001732406,GRAYSCALE LITECOIN LTC,0
1732409,Grayscale Bitcoin Cash Trust (BCH),BCHG,OTC,0001732409,GRAYSCALE BITCOIN CASH BCH,0
1736734,Lendbuzz Inc.,LBZZ,,0001736734,LENDBUZZ,0
1748945,Grayscale Horizen Trust (ZEN),HZEN,OTC,0001748945,GRAYSCALE HORIZEN ZEN,0
1756404,Principal Real Asset Fund,PDSRX,,0001756404,PRINCIPAL REAL ASSET FUND,0
1759124,iShares Gold Trust Micro,IAUM,NYSE,0001759124,ISHARES GOLD MICRO,1
1761325,Grayscale Stellar Lumens Trust (XLM),GXLM,OTC,0001761325,GRAYSCALE STELLAR LUMENS XLM,0
1763415,Bitwise Bitcoin ETF,BITB,NYSE,0001763415,BITWISE BITCOIN ETF,1
1765812,"PT Ace Hardware Indonesia, Tbk./ADR",PHDWY,OTC,0001765812,PT ACE HARDWARE INDONESIA TBK ADR,0
1767057,Osprey Bitcoin Trust,OBTC,Nasdaq,0001767057,OSPREY BITCOIN,1
1789135,Plastic Omnium/ADR,PASTY,OTC,0001789135,PLASTIC OMNIUM ADR,0
1793497,VS Trust,SVIX,CBOE,0001793497,VS,0
1809267,Daura Capital Corp.,DGCOF,OTC,0001809267,DAURA CAPITAL,0
1812286,Harrison Street Infrastructure Income Fund,VCRDX,,0001812286,HARRISON STREET INFRASTRUCTURE INCOME FUND,0
1813744,"World Scan Project, Inc.",WDSP,OTC,0001813744,WORLD SCAN PROJECT,0
1838003,"Encore Medical, Inc.",EMI,,0001838003,ENCORE MEDICAL,0
1838028,VanEck Bitcoin ETF,HODL,CBOE,0001838028,VANECK BITCOIN ETF,0
1839290,AU Gold Corp.,AUGCF,OTC,0001839290,AU GOLD,0
1841175,CoinShares Bitcoin ETF,BRRR,Nasdaq,0001841175,COINSHARES BITCOIN ETF,1
1843656,Royalty Management Holding Corp,RMCO,Nasdaq,0001843656,ROYALTY MANAGEMENT,1
1850351,"Liftoff Mobile, Inc.",LFTO,,0001850351,LIFTOFF MOBILE,0
1850391,WisdomTree Bitcoin Fund,BTCW,CBOE,0001850391,WISDOMTREE BITCOIN FUND,0
1851491,AMASS BRANDS,AMSS,,0001851491,AMASS BRANDS,0
1851535,Lannister Mining Corp.,DRIL,,0001851535,LANNISTER MINING,0
1852023,Grayscale Decentraland Trust (MANA),MANA,OTC,0001852023,GRAYSCALE DECENTRALAND MANA,0
1852024,Grayscale Livepeer Trust (LPT),GLIV,OTC,0001852024,GRAYSCALE LIVEPEER LPT,0
1852025,Grayscale Chainlink Trust ETF,GLNK,NYSE,0001852025,GRAYSCALE CHAINLINK ETF,1
1852040,Grayscale Basic Attention Token Trust (BAT),GBAT,OTC,0001852040,GRAYSCALE BASIC ATTENTION TOKEN BAT,0
1852317,Fidelity Wise Origin Bitcoin Fund,FBTC,CBOE,0001852317,FIDELITY WISE ORIGIN BITCOIN FUND,0
1852753,TIER ONE SILVER INC.,TSLVF,OTC,0001852753,TIER ONE SILVER,0
1853868,Fervo Energy Co,FRVO,Nasdaq,0001853868,FERVO ENERGY,1
1854183,Orion Bliss Corp.,ORIB,OTC,0001854183,ORION BLISS,0
1855781,Invesco Galaxy Bitcoin ETF,BTCO,CBOE,0001855781,INVESCO GALAXY BITCOIN ETF,0
1856491,"Clover Biopharmaceuticals, Ltd.",CBPHF,OTC,0001856491,CLOVER BIOPHARMACEUTICALS,0
1857629,Osprey Polkadot Trust,ODOT,OTC,0001857629,OSPREY POLKADOT,0
1858258,Franklin Templeton Holdings Trust,FGDL,NYSE,0001858258,FRANKLIN TEMPLETON,1
1860788,VanEck Ethereum ETF,ETHV,CBOE,0001860788,VANECK ETHEREUM ETF,0
1861448,"IntriEnergy, Inc.",ITRE,OTC,0001861448,INTRIENERGY,0
1867090,"Fundrise Innovation Fund, LLC",VCX,NYSE,0001867090,FUNDRISE INNOVATION FUND,1
1868282,Osprey Solana Trust,OSOL,OTC,0001868282,OSPREY SOLANA,0
1868917,Saturn Oil & Gas Inc.,SOGSY,OTC,0001868917,SATURN OIL GAS,0
1869699,Ark 21Shares Bitcoin ETF,ARKB,CBOE,0001869699,ARK 21SHARES BITCOIN ETF,0
1871890,Galaxy Enterprises Inc. /WY/,GLEI,OTC,0001871890,GALAXY ENTERPRISES WY,0
1875994,XINXU COPPER INDUSTRY TECHNOLOGY Ltd,XXC,,0001875994,XINXU COPPER INDUSTRY TECHNOLOGY,0
1879270,Cannaisseur Group Inc.,TCRG,OTC,0001879270,CANNAISSEUR,0
1889791,INNOCAN PHARMA Corp,INNP,,0001889791,INNOCAN PHARMA,0
1892704,"First Breach, Inc.",FBDT,,0001892704,FIRST BREACH,0
1894942,Fresh Factory B.C. Ltd.,FRFAF,OTC,0001894942,FRESH FACTORY B C,0
1896036,Eagle Point Institutional Income Fund,EIIA,NYSE,0001896036,EAGLE POINT INSTITUTIONAL INCOME FUND,1
1896677,Grayscale Solana Staking ETF,GSOL,NYSE,0001896677,GRAYSCALE SOLANA STAKING ETF,1
1898718,GMR Solutions Inc.,GMRS,NYSE,0001898718,GMR SOLUTIONS,1
1915328,Israel Acquisitions Corp,ISRLF,OTC,0001915328,ISRAEL ACQUISITIONS,0
1916101,Osprey BNB Chain Trust,OBNB,OTC,0001916101,OSPREY BNB CHAIN,0
1920576,MiMedia Holdings Inc.,MIMDF,OTC,0001920576,MIMEDIA,0
1921603,WhiteHawk Income Corp,WHK,,0001921603,WHITEHAWK INCOME,0
1923622,PGIM Private Credit Fund,PGIM,,0001923622,PGIM PRIVATE CREDIT FUND,0
1925283,"Lincoln International, Inc.",LCLN,,0001925283,LINCOLN INTERNATIONAL,0
1934387,CGL Logistics Holdings Ltd,CGL,,0001934387,CGL LOGISTICS,0
1952670,TV Channels Network Inc.,TVCN,,0001952670,TV CHANNELS NETWORK,0
1958489,"Cortigent, Inc.",CRGT,,0001958489,CORTIGENT,0
1958928,COTWO ADVISORS PHYSICAL EUROPEAN CARBON ALLOWANCE TRUST,CTWO,NYSE,0001958928,COTWO ADVISORS PHYSICAL EUROPEAN CARBON ALLOWANCE,1
1960355,"Exyn Technologies, Inc.",EXYN,Nasdaq,0001960355,EXYN TECHNOLOGIES,1
1972589,TDG Gold Corp.,TDGGF,OTC,0001972589,TDG GOLD,0
1976663,"Nexscient, Inc.",NXNT,OTC,0001976663,NEXSCIENT,0
1976870,BRB Foods Inc.,BRBF,,0001976870,BRB FOODS,0
1977837,MADE IN USA INC.,USDW,OTC,0001977837,MADE IN USA,0
1980994,iShares Bitcoin Trust ETF,IBIT,Nasdaq,0001980994,ISHARES BITCOIN ETF,1
1985840,Hashdex Commodities Trust,DEFI,NYSE,0001985840,HASHDEX COMMODITIES,1
1986694,TETE Technologies Inc,RADB,,0001986694,TETE TECHNOLOGIES,0
1991188,Nevada Organic Phosphate Inc.,NOPFF,OTC,0001991188,NEVADA ORGANIC PHOSPHATE,0
1992508,21Shares Ethereum ETF,TETH,CBOE,0001992508,21SHARES ETHEREUM ETF,0
1992604,CanCambria Energy Corp.,CCEYF,OTC,0001992604,CANCAMBRIA ENERGY,0
1992870,Franklin Templeton Digital Holdings Trust,EZBC,CBOE,0001992870,FRANKLIN TEMPLETON DIGITAL,0
1995569,Invesco Galaxy Ethereum ETF,QETH,CBOE,0001995569,INVESCO GALAXY ETHEREUM ETF,0
1996450,"DMINT, Inc.",DMNT,,0001996450,DMINT,0
1997950,Unitrend Entertainment Group Ltd,INHI,,0001997950,UNITREND ENTERTAINMENT,0
1998056,Premium Catering (Holdings) Ltd,PC,Nasdaq,0001998056,PREMIUM CATERING,1
1999119,"Libera Gaming Operations, Inc",LBRJ,,0001999119,LIBERA GAMING OPERATIONS,0
2000046,Fidelity Ethereum Fund,FETH,CBOE,0002000046,FIDELITY ETHEREUM FUND,0
2000638,iShares Ethereum Trust ETF,ETHA,Nasdaq,0002000638,ISHARES ETHEREUM ETF,1
2002326,North Shore Uranium Ltd.,NSURF,OTC,0002002326,NORTH SHORE URANIUM,0
2002660,"Pershing Square USA, Ltd.",PSUS,NYSE,0002002660,PERSHING SQUARE USA,1
2003770,"Kumyang Co., Ltd./ADR",KMYGY,OTC,0002003770,KUMYANG ADR,0
2003813,Nuvau Minerals Corp,NMCPF,OTC,0002003813,NUVAU MINERALS,0
2004385,FG Holdings Ltd,FGO,,0002004385,FG,0
2008257,KO Gold Inc.,KOGDF,OTC,0002008257,KO GOLD,0
2010218,Antharas Inc,AAS,,0002010218,ANTHARAS,0
2011535,Franklin Ethereum Trust,EZET,CBOE,0002011535,FRANKLIN ETHEREUM,0
2011589,Mogotes Metals Inc.,MOGMF,OTC,0002011589,MOGOTES METALS,0
2012855,Island Pharmaceuticals Ltd,ILPLF,OTC,0002012855,ISLAND PHARMACEUTICALS,0
2013100,VISTEK LTD,VTEK,,0002013100,VISTEK,0
2013744,Bitwise Ethereum ETF,ETHW,NYSE,0002013744,BITWISE ETHEREUM ETF,1
2015034,Grayscale Bitcoin Mini Trust ETF,BTC,NYSE,0002015034,GRAYSCALE BITCOIN MINI ETF,1
2020455,Grayscale Ethereum Staking Mini ETF,ETH,NYSE,0002020455,GRAYSCALE ETHEREUM STAKING MINI ETF,1
2021989,Super Copper Corp.,CUPPF,OTC,0002021989,SUPER COPPER,0
2022097,MEDI Group Ltd,MEDG,,0002022097,MEDI,0
2023275,Guzman y Gomez Ltd,GYGLF,OTC,0002023275,GUZMAN Y GOMEZ,0
2023870,Lapco Holdings Limited/ADR,LPCHY,OTC,0002023870,LAPCO ADR,0
2024996,Grayscale Stacks Trust (STX),STCK,OTC,0002024996,GRAYSCALE STACKS STX,0
2025000,Grayscale Near Trust (NEAR),GSNR,OTC,0002025000,GRAYSCALE NEAR NEAR,0
2025217,MatsukiyoCocokara & Co./ADR,MSTKY,OTC,0002025217,MATSUKIYOCOCOKARA ADR,0
2025878,"Independence Power Holdings, Inc.",ITXP,OTC,0002025878,INDEPENDENCE POWER,0
2027037,"Gemdale Gold, Inc",GDGIF,OTC,0002027037,GEMDALE GOLD,0
2027166,"Nissin Foods Holdings Co., Ltd./ADR",NSNFY,OTC,0002027166,NISSIN FOODS ADR,0
2027329,Optimi Health Corp.,OPTH,,0002027329,OPTIMI HEALTH,0
2027330,"Sugi Holdings Co., Ltd./ADR",SGIHY,OTC,0002027330,SUGI ADR,0
2027982,"C2 Capital Group, Inc.",CCLV,,0002027982,C2 CAPITAL,0
2028834,21Shares Solana ETF,TSOL,CBOE,0002028834,21SHARES SOLANA ETF,0
2028835,21Shares XRP ETF,TOXR,CBOE,0002028835,21SHARES XRP ETF,0
2029297,Grayscale Bittensor Trust (TAO),GTAO,OTC,0002029297,GRAYSCALE BITTENSOR TAO,0
2029970,"Laboratorios Farmaceuticos Rovi, S.A./ADR",LRVIY,OTC,0002029970,LABORATORIOS FARMACEUTICOS ROVI S ADR,0
2030632,Perfect Medical Health Management Ltd./ADR,PMHMY,OTC,0002030632,PERFECT MEDICAL HEALTH MANAGEMENT ADR,0
2031069,Hashdex Nasdaq CME Crypto Index ETF,NCIQ,Nasdaq,0002031069,HASHDEX NASDAQ CME CRYPTO INDEX ETF,1
2031760,Vizsla Royalties Corp.,VZSLY,OTC,0002031760,VIZSLA ROYALTIES,0
2032399,Mycronic AB/ADR,MYCRY,OTC,0002032399,MYCRONIC AB ADR,0
2032517,Sectra AB/ADR,SCTAY,OTC,0002032517,SECTRA AB ADR,0
2032887,PT Dayamitra Telekomunikasi Tbk/ADR,PDYTY,OTC,0002032887,PT DAYAMITRA TELEKOMUNIKASI TBK ADR,0
2033019,Kokusai Electric Corporation/ADR,KKSIY,OTC,0002033019,KOKUSAI ELECTRIC ADR,0
2033615,"Magnolia Bancorp, Inc.",MGNO,OTC,0002033615,MAGNOLIA,0
2033807,Franklin Crypto Trust,EZPZ,CBOE,0002033807,FRANKLIN CRYPTO,0
2034012,Grayscale Sui Staking ETF,GSUI,NYSE,0002034012,GRAYSCALE SUI STAKING ETF,1
2034300,Digital Domain Holdings Limited/ADR,DDHLY,OTC,0002034300,DIGITAL DOMAIN ADR,0
2034467,PT Barito Renewables Energy Tbk/ADR,PBRRY,OTC,0002034467,PT BARITO RENEWABLES ENERGY TBK ADR,0
2034767,Ultra High Point Holdings Ltd,UHP,,0002034767,ULTRA HIGH POINT,0
2035053,Grayscale Avalanche Staking ETF,GAVA,Nasdaq,0002035053,GRAYSCALE AVALANCHE STAKING ETF,1
2035313,Living Homeopathy International Ltd.,LHI,,0002035313,LIVING HOMEOPATHY INTERNATIONAL,0
2036060,"Security Midwest Bancorp, Inc.",SBMW,OTC,0002036060,SECURITY MIDWEST,0
2037427,Grayscale XRP Trust ETF,GXRP,NYSE,0002037427,GRAYSCALE XRP ETF,1
2038919,Defeng Solife Holdings Limited/ADR,DFSLY,OTC,0002038919,DEFENG SOLIFE ADR,0
2038958,Mandatum Oyj/ADR,MDDTY,OTC,0002038958,MANDATUM OYJ ADR,0
2039072,DAVION HEALTHCARE PLC,DAVI,,0002039072,DAVION HEALTHCARE,0
2039525,Bitwise XRP ETF,XRP,NYSE,0002039525,BITWISE XRP ETF,1
2041869,Canary Marinade Solana ETF,SOLC,Nasdaq,0002041869,CANARY MARINADE SOLANA ETF,1
2042187,Kyoto Financial Group Inc/ADR,KYTFY,OTC,0002042187,KYOTO ADR,0
2042444,Osprey BONK Trust,OBNK,OTC,0002042444,OSPREY BONK,0
2042556,Springer Nature AG & Co. KGaA/ADR,SPGNY,OTC,0002042556,SPRINGER NATURE AG KGAA ADR,0
2044817,CH4 Natural Solutions Corp,MTNE,,0002044817,CH4 NATURAL SOLUTIONS,0
2045300,Prince Silver Corp.,PRNCF,OTC,0002045300,PRINCE SILVER,0
2045434,Greenheart Gold Inc.,GHRTF,OTC,0002045434,GREENHEART GOLD,0
2045872,Bitwise Solana Staking ETF,BSOL,NYSE,0002045872,BITWISE SOLANA STAKING ETF,1
2045873,BOUNDLESS GROUP,BLTG,,0002045873,BOUNDLESS,0
2046098,ALLEGRO.EU SA/ADR,ALEUY,OTC,0002046098,ALLEGRO EU SA ADR,0
2046370,Uptrend Holdings Ltd,UPX,,0002046370,UPTREND,0
2047859,Speed Group Holdings Ltd,SPED,,0002047859,SPEED,0
2048270,"Sumitomo Forestry Co., Ltd./ADR",SMFSY,OTC,0002048270,SUMITOMO FORESTRY ADR,0
2048740,EUROEV Holdings Ltd,EUEV,,0002048740,EUROEV,0
2048847,Fairchild Gold Corp.,FCHDF,OTC,0002048847,FAIRCHILD GOLD,0
2049323,AM PM Group Ltd,AMPM,,0002049323,AM PM,0
2049977,"Starton Holdings, Inc.",STA,,0002049977,STARTON,0
2050338,Collab Z Inc.,CLBZ,,0002050338,COLLAB Z,0
2051146,Sharewow Ltd,SUWA,,0002051146,SHAREWOW,0
2052053,Powerlaw Corp.,PWRL,,0002052053,POWERLAW,0
2052096,Voyager Acquisition Corp. II,VAII,,0002052096,VOYAGER ACQUISITION II,0
2052443,V Capital Consulting Group Ltd,VCCG,,0002052443,V CAPITAL CONSULTING,0
2053115,Zi Yun Dong Fang Ltd,YLY,,0002053115,ZI YUN DONG FANG,0
2053411,PC Partner Group Ltd/ADR,PCPGY,OTC,0002053411,PC PARTNER ADR,0
2053475,TDE GROUP Ltd,TTEI,,0002053475,TDE,0
2053791,Bitwise Dogecoin ETF,BWOW,NYSE,0002053791,BITWISE DOGECOIN ETF,1
2053843,Yangzijiang Shipbuilding Holdings Ltd/ADR,YGSHY,OTC,0002053843,YANGZIJIANG SHIPBUILDING ADR,0
2054964,FARLONG HOLDING Corp,AFA,,0002054964,FARLONG,0
2055510,Grayscale Dogecoin Trust ETF,GDOG,NYSE,0002055510,GRAYSCALE DOGECOIN ETF,1
2055938,GreenLight Metals Inc.,GRLMF,OTC,0002055938,GREENLIGHT METALS,0
2056450,Boxer Retail Limited/ADR,BXRLY,OTC,0002056450,BOXER RETAIL ADR,0
2057388,Franklin Solana Trust,SOEZ,NYSE,0002057388,FRANKLIN SOLANA,1
2058867,PressLogic Inc.,PLAI,,0002058867,PRESSLOGIC,0
2058976,RIKU DINING GROUP Ltd,RIKU,,0002058976,RIKU DINING,0
2059438,Franklin XRP Trust,XRPZ,NYSE,0002059438,FRANKLIN XRP,1
2059690,PT GoTo Gojek Tokopedia Tbk/ADR,GGTKY,OTC,0002059690,PT GOTO GOJEK TOKOPEDIA TBK ADR,0
2059986,Onward Medical N.V./ADR,ONWRY,OTC,0002059986,ONWARD MEDICAL V ADR,0
2060217,"Horizon Robotics, Inc./ADR",HZRBY,OTC,0002060217,HORIZON ROBOTICS ADR,0
2060703,Canary Staked SUI ETF,SUIS,Nasdaq,0002060703,CANARY STAKED SUI ETF,1
2060717,VanEck Avalanche ETF,VAVX,Nasdaq,0002060717,VANECK AVALANCHE ETF,1
2060863,Nightingale Health Plc,NHLTY,OTC,0002060863,NIGHTINGALE HEALTH,0
2061626,21Shares Sui ETF,TSUI,Nasdaq,0002061626,21SHARES SUI ETF,1
2062803,IDP Education Ltd./ADR,IDPEY,OTC,0002062803,IDP EDUCATION ADR,0
2062807,Mercury NZ Ltd./ADR,MNZLY,OTC,0002062807,MERCURY NZ ADR,0
2063231,Central Retail Corp Public Co Limited/ADR,CLRLY,OTC,0002063231,CENTRAL RETAIL PUBLIC ADR,0
2063380,Fidelity Solana Fund,FSOL,NYSE,0002063380,FIDELITY SOLANA FUND,1
2063413,SM Prime Holdings Inc./ADR,SMPHY,OTC,0002063413,SM PRIME ADR,0
2063417,Meridian Energy Ltd/ADR,MREGY,OTC,0002063417,MERIDIAN ENERGY ADR,0
2063671,Canal Plus SA/ADR,GRCPY,OTC,0002063671,CANAL PLUS SA ADR,0
2063675,Louis Hachette Group/ADR,LSHGY,OTC,0002063675,LOUIS HACHETTE ADR,0
2063685,PT Sumber Alfaria Trijaya Tbk/ADR,PSBTY,OTC,0002063685,PT SUMBER ALFARIA TRIJAYA TBK ADR,0
2064314,21Shares Dogecoin ETF,TDOG,Nasdaq,0002064314,21SHARES DOGECOIN ETF,1
2064381,"Toho Co., Ltd./ADR",THCLY,OTC,0002064381,TOHO ADR,0
2064863,Mclaren International Holdings Ltd,MCL,,0002064863,MCLAREN INTERNATIONAL,0
2065282,Allied Critical Metals Corp.,ACMIF,OTC,0002065282,ALLIED CRITICAL METALS,0
2065485,JX Advanced Metals Corporation/ADR,JXAMY,OTC,0002065485,JX ADVANCED METALS ADR,0
2065660,"DeNA Co., Ltd./ADR",DNCLY,OTC,0002065660,DENA ADR,0
2065661,Plutonian Acquisition Corp. II,PLUN,,0002065661,PLUTONIAN ACQUISITION II,0
2065707,Hillhouse Frontier Holdings Inc.,HIFI,,0002065707,HILLHOUSE FRONTIER,0
2065741,Neutrans Inc.,NEUT,,0002065741,NEUTRANS,0
2065812,FS Specialty Lending Fund,FSSL,NYSE,0002065812,FS SPECIALTY LENDING FUND,1
2065821,Little West Holdings Inc.,LILW,,0002065821,LITTLE WEST,0
2065932,Freelancer Ltd,FRLCY,OTC,0002065932,FREELANCER,0
2066522,Gigabit Inc.,GBH,,0002066522,GIGABIT,0
2066600,SCB X Public Co Ltd,SCBXY,OTC,0002066600,SCB X PUBLIC,0
2066601,"Tokyo Ohka Kogyo Co., Ltd./ADR",TKCYY,OTC,0002066601,TOKYO OHKA KOGYO ADR,0
2066836,Conexeu Sciences Inc.,CNXU,,0002066836,CONEXEU SCIENCES,0
2066925,"CAPSTONE 72, INC.",CAPI,,0002066925,CAPSTONE 72,0
2066926,Guident Corp.,GDNT,,0002066926,GUIDENT,0
2067016,HAMA Intelligence Ltd,HAMA,,0002067016,HAMA INTELLIGENCE,0
2067171,IDEX METALS CORP.,IDXMF,OTC,0002067171,IDEX METALS,0
2067746,"JOSS Realty REIT, Inc.",JOSS,,0002067746,JOSS REALTY REIT,0
2069821,BILLION GROUP HOLDINGS Ltd,BGHL,,0002069821,BILLION,0
2069858,APEX Global Solutions Ltd,APEX,,0002069858,APEX GLOBAL SOLUTIONS,0
2070237,Hacker Interstellar Inc.,SOUD,,0002070237,HACKER INTERSTELLAR,0
2070534,SL Science Holding Ltd,SLBT,,0002070534,SL SCIENCE,0
2070570,Reece Limited/ADR,RECCY,OTC,0002070570,REECE ADR,0
2071166,LORENZO DEVELOPMENTS INC.,LCDC,,0002071166,LORENZO DEVELOPMENTS,0
2071607,BM Acquisition Corp.,BMOK,,0002071607,BM ACQUISITION,0
2071911,Capital Power Corp/ADR,CPXXY,OTC,0002071911,CAPITAL POWER ADR,0
2071912,PrairieSky Royalty Ltd/ADR,PRSKY,OTC,0002071912,PRAIRIESKY ROYALTY ADR,0
2071913,Gibson Energy Inc/ADR,GBNXY,OTC,0002071913,GIBSON ENERGY ADR,0
2072389,Northland Power Inc./ADR,NPIXY,OTC,0002072389,NORTHLAND POWER ADR,0
2072563,Saputo Inc./ADR,SAPUY,OTC,0002072563,SAPUTO ADR,0
2073268,Birchcliff Energy Ltd./ADR,BIREY,OTC,0002073268,BIRCHCLIFF ENERGY ADR,0
2073515,ARC Group Acquisition I Corp.,ARCL,,0002073515,ARC ACQUISITION I,0
2073545,Subversive Bitcoin Acquisition Corp.,SBAQ,,0002073545,SUBVERSIVE BITCOIN ACQUISITION,0
2073615,Element Fleet Management Corp./ADR,ELFTY,OTC,0002073615,ELEMENT FLEET MANAGEMENT ADR,0
2073638,Finning International Inc./ADR,FNIGY,OTC,0002073638,FINNING INTERNATIONAL ADR,0
2073643,METRO INC./ADR,METRY,OTC,0002073643,METRO ADR,0
2073655,Topaz Energy Corp./ADR,TPZEY,OTC,0002073655,TOPAZ ENERGY ADR,0
2073669,Hansoh Pharmaceutical Group Co Limited/ADR,HNPHY,OTC,0002073669,HANSOH PHARMACEUTICAL ADR,0
2073804,TCL Electronics Holdings Limited/ADR,TCLXY,OTC,0002073804,TCL ELECTRONICS ADR,0
2073901,Tamarack Valley Energy Ltd./ADR,TMKVY,OTC,0002073901,TAMARACK VALLEY ENERGY ADR,0
2073913,North West Co Inc./ADR,NWCYY,OTC,0002073913,NORTH WEST ADR,0
2073972,Sienna Senior Living Inc./ADR,SSRLY,OTC,0002073972,SIENNA SENIOR LIVING ADR,0
2074157,StorageVault Canada Inc./ADR,SVICY,OTC,0002074157,STORAGEVAULT CANADA ADR,0
2074158,Wealth Management System Inc.,GIVE,,0002074158,WEALTH MANAGEMENT SYSTEM,0
2074409,Invesco Galaxy Solana ETF,QSOL,CBOE,0002074409,INVESCO GALAXY SOLANA ETF,0
2074745,Viridian Metals Inc.,VIRMF,OTC,0002074745,VIRIDIAN METALS,0
2075036,EvoNexus Group LTD,EVON,,0002075036,EVONEXUS,0
2075038,I Bella Perfect Inc.,IBL,,0002075038,I BELLA PERFECT,0
2075141,VusionGroup,VSGRY,OTC,0002075141,VUSIONGROUP,0
2075335,ROZE AI INC.,ROZE,,0002075335,ROZE AI,0
2075474,GPT Group/ADR,GGRPY,OTC,0002075474,GPT ADR,0
2075589,Law's Business Group Holding Ltd,LSBA,,0002075589,LAW S BUSINESS,0
2075877,Bank Pekao S.A./ADR,BKPOY,OTC,0002075877,PEKAO S ADR,0
2075918,Capstone Copper Corp./ADR,CSCCY,OTC,0002075918,CAPSTONE COPPER ADR,0
2076398,"Zhejiang Sanhua Intelligent Controls Co., Ltd./ADR",ZSICY,OTC,0002076398,ZHEJIANG SANHUA INTELLIGENT CONTROLS ADR,0
2076561,Pine Tree Acquisition Corp.,PAXG,,0002076561,PINE TREE ACQUISITION,0
2077242,Stella-Jones Inc./ADR,STJNY,OTC,0002077242,STELLA JONES ADR,0
2077697,"RiverNorth Short Prime Unicorn Fund 2028, Inc",UNID,,0002077697,RIVERNORTH SHORT PRIME UNICORN FUND 2028,0
2077715,"RiverNorth Long Prime Unicorn Fund 2028, Inc.",UNIU,,0002077715,RIVERNORTH LONG PRIME UNICORN FUND 2028,0
2078037,GreenVector Holdings Ltd,GRVT,,0002078037,GREENVECTOR,0
2078570,"AMATUHI HOLDINGS, INC.",AMTU,,0002078570,AMATUHI,0
2078721,"ReserveOne Holdings, Inc.",RONE,,0002078721,RESERVEONE,0
2078895,Asker Healthcare Group AB/ADR,ASKRY,OTC,0002078895,ASKER HEALTHCARE AB ADR,0
2079109,Veraxa Biotech Holding AG,VRXA,,0002079109,VERAXA BIOTECH AG,0
2079706,"Mitsubishi Gas Chemical Company, Inc./ADR",MBSHY,OTC,0002079706,MITSUBISHI GAS CHEMICAL ADR,0
2080003,MELIUZ S.A.,MLIZY,OTC,0002080003,MELIUZ S,0
2080087,Maywood Acquisition Corp. 2,MYX,Nasdaq,0002080087,MAYWOOD ACQUISITION 2,1
2080215,StableCoinX Inc.,USDE,,0002080215,STABLECOINX,0
2080803,Evvolutions LeadTech Inc,EVVO,,0002080803,EVVOLUTIONS LEADTECH,0
2080841,BW Industrial Holdings Inc.,BWGC,,0002080841,BW INDUSTRIAL,0
2081119,"RoboStrategy, Inc.",BOT,Nasdaq,0002081119,ROBOSTRATEGY,1
2081438,GO Residential Real Estate Investment Trust,GONYF,OTC,0002081438,GO RESIDENTIAL REAL ESTATE INVESTMENT,0
2081515,Berto Acquisition Corp. II,GUAC,,0002081515,BERTO ACQUISITION II,0
2081690,Vernal Capital Acquisition Corp.,VECA,,0002081690,VERNAL CAPITAL ACQUISITION,0
2082247,"FedEx Freight Holding Company, Inc.",FDXF,,0002082247,FEDEX FREIGHT,0
2082526,Aeon Acquisition I Corp.,AESP,,0002082526,AEON ACQUISITION I,0
2082876,Foshan Haitian Flavouring & Food Co Ltd./ADR,FHFFY,OTC,0002082876,FOSHAN HAITIAN FLAVOURING FOOD ADR,0
2082889,Bitwise Chainlink ETF,CLNK,NYSE,0002082889,BITWISE CHAINLINK ETF,1
2083031,ALBERT ORIGIN ACQUISITION Corp,ALOG,,0002083031,ALBERT ORIGIN ACQUISITION,0
2083217,QDRO Acquisition Corp.,QADR,,0002083217,QDRO ACQUISITION,0
2083452,Shreya Acquisition Group,SAGU,,0002083452,SHREYA ACQUISITION,0
2083583,"BSTR Holdings, Inc.",BSTR,,0002083583,BSTR,0
2083632,Octave Intelligence plc,OCTV,,0002083632,OCTAVE INTELLIGENCE,0
2083945,CALM Chain International Ltd,CCIL,,0002083945,CALM CHAIN INTERNATIONAL,0
2084026,"QumulusAI, Inc.",QMLS,,0002084026,QUMULUSAI,0
2084032,"Salspera, Inc.",TKVA,,0002084032,SALSPERA,0
2084227,"Advasa Holdings, Inc.",ADBT,,0002084227,ADVASA,0
2084585,"Unisound AI Technology Co., Ltd./ADR",UATCY,OTC,0002084585,UNISOUND AI TECHNOLOGY ADR,0
2084698,KHEOBA Ltd,KHOBF,OTC,0002084698,KHEOBA,0
2085208,Duality Biotherapeutics Inc/ADR,DYBTY,OTC,0002085208,DUALITY BIOTHERAPEUTICS ADR,0
2085795,APEIRON ACQUISITION VEHICLE I,APNA,,0002085795,APEIRON ACQUISITION VEHICLE I,0
2085796,Launchpad Streetlight Acquisition Corp,LPSL,,0002085796,LAUNCHPAD STREETLIGHT ACQUISITION,0
2085836,"POCHE TECHNOLOGY CO., Ltd",POCH,,0002085836,POCHE TECHNOLOGY,0
2085932,Energy Transition Special Opportunities,ETSS,,0002085932,ENERGY TRANSITION SPECIAL OPPORTUNITIES,0
2086017,Bitwise Avalanche ETF,BAVA,NYSE,0002086017,BITWISE AVALANCHE ETF,1
2086545,Art Technology Acquisition Corp.,ARTC,Nasdaq,0002086545,ART TECHNOLOGY ACQUISITION,1
2086869,RESOLUTION MINERALS LTD/ADR,RSMIY,OTC,0002086869,RESOLUTION MINERALS ADR,0
2087035,AfterNext Acquisition I Corp.,AFNX,,0002087035,AFTERNEXT ACQUISITION I,0
2087064,Starrygazey Inc.,MARH,,0002087064,STARRYGAZEY,0
2087162,Yesil Global Enerji A.S.,PWRU,,0002087162,YESIL GLOBAL ENERJI S,0
2087437,AsiaPac AdTechinno Group Ltd,APAT,,0002087437,ASIAPAC ADTECHINNO,0
2087500,NHK Spring Co. Ltd/ADR,NHKSY,OTC,0002087500,NHK SPRING ADR,0
2087716,"ROKIT America, Inc.",RKAM,,0002087716,ROKIT AMERICA,0
2087840,"Zhejiang Leapmotor Technology Co., Ltd./ADR",ZGJLY,OTC,0002087840,ZHEJIANG LEAPMOTOR TECHNOLOGY ADR,0
2087843,Greatland Resources Limited/ADR,GTLRY,OTC,0002087843,GREATLAND RESOURCES ADR,0
2087844,Mitsui-Soko Holdings Co Limited/ADR,MSSHY,OTC,0002087844,MITSUI SOKO ADR,0
2087852,Sumitomo Bakelite Co Limited/ADR,SBCLY,OTC,0002087852,SUMITOMO BAKELITE ADR,0
2087856,Aica Kogyo Co Limited/ADR,AKCLY,OTC,0002087856,AICA KOGYO ADR,0
2088139,Bitwise Hyperliquid ETF,BHYP,NYSE,0002088139,BITWISE HYPERLIQUID ETF,1
2088281,"Middleby Food Processing, Inc.",MFP,,0002088281,MIDDLEBY FOOD PROCESSING,0
2088339,"OBIC Business Consultants Co., Ltd./ADR",OBBCY,OTC,0002088339,OBIC BUSINESS CONSULTANTS ADR,0
2088375,Turbogen Ltd.,TRBG,,0002088375,TURBOGEN,0
2088626,Peace Acquisition Corp.,PECE,,0002088626,PEACE ACQUISITION,0
2088688,Excalibur Metals Corp.,EXCBF,OTC,0002088688,EXCALIBUR METALS,0
2088776,"Zensho Holdings Co., Ltd./ADR",ZSHLY,OTC,0002088776,ZENSHO ADR,0
2088827,"Horiba, Ltd./ADR",HRBAY,OTC,0002088827,HORIBA ADR,0
2089161,Encore Inc.,ECR,,0002089161,ENCORE,0
2089174,Paltac Corporation/ADR,PTAXY,OTC,0002089174,PALTAC ADR,0
2089271,Honeywell Aerospace Inc.,HONA,,0002089271,HONEYWELL AEROSPACE,0
2089488,SUNEVISION HOLDINGS/ADR,SNEVY,OTC,0002089488,SUNEVISION ADR,0
2089499,GLENVEAGH PROPERTIES PLC/ADR,GLVPY,OTC,0002089499,GLENVEAGH PROPERTIES ADR,0
2089506,TOSEI CORP/ADR,TEICY,OTC,0002089506,TOSEI ADR,0
2089778,Pacipic Nexus IntelliTech Group,PNIG,,0002089778,PACIPIC NEXUS INTELLITECH,0
2090011,21Shares Hyperliquid ETF,THYP,Nasdaq,0002090011,21SHARES HYPERLIQUID ETF,1
2090231,Metlen Energy & Metals PLC/ADR,MTMTY,OTC,0002090231,METLEN ENERGY METALS ADR,0
2090312,Mobility Global Inc.,MBGL,,0002090312,MOBILITY GLOBAL,0
2090441,Iron Dome Acquisition I Corp.,IDAC,,0002090441,IRON DOME ACQUISITION I,0
2090787,Oceanhawk Acquisition Corp.,OHAC,,0002090787,OCEANHAWK ACQUISITION,0
2091017,Sunshine Silver Mining & Refining Co,SSMR,,0002091017,SUNSHINE SILVER MINING REFINING,0
2091028,Metallium Limited/ADR,MTLMY,OTC,0002091028,METALLIUM ADR,0
2091521,Web3Labs Global Inc.,MDAT,,0002091521,WEB3LABS GLOBAL,0
2091585,Locksley Resources Limited/ADR,LKYLY,OTC,0002091585,LOCKSLEY RESOURCES ADR,0
2091663,CONDUIT HOLDINGS LTD/ADR,CDTHY,OTC,0002091663,CONDUIT ADR,0
2092248,"Nagase & Co., Ltd./ADR",NGCOY,OTC,0002092248,NAGASE ADR,0
2092252,"Rengo Co., Ltd./ADR",RENGY,OTC,0002092252,RENGO ADR,0
2092258,Air Water Inc./ADR,AWATY,OTC,0002092258,AIR WATER ADR,0
2092314,Air Water Ventures Ltd,WATR,,0002092314,AIR WATER VENTURES,0
2092446,Avalanche Treasury Corp,AVAT,,0002092446,AVALANCHE TREASURY,0
2092967,Fort Technology Inc,FRTT,,0002092967,FORT TECHNOLOGY,0
2093227,SMG Swiss Marketplace Group AG/ADR,SMGSY,OTC,0002093227,SMG SWISS MARKETPLACE AG ADR,0
2093314,OranjeBTC S.A. Educacao E Investmentimento/ADR,ORNJY,OTC,0002093314,ORANJEBTC S EDUCACAO E INVESTMENTIMENTO ADR,0
2093524,Aperture AC,APUR,,0002093524,APERTURE AC,0
2093618,Noba Bank Group AG/ADR,NBKBY,OTC,0002093618,NOBA AG ADR,0
2093654,Zijin Gold International Co Limited/ADR,ZJGIY,OTC,0002093654,ZIJIN GOLD INTERNATIONAL ADR,0
2093667,"Maruwa Co., Ltd./ADR",MRUWY,OTC,0002093667,MARUWA ADR,0
2094076,Starlink AI Acquisition Corp,OTAI,,0002094076,STARLINK AI ACQUISITION,0
2094201,DPC DASH LTD/ADR,DPDSY,OTC,0002094201,DPC DASH ADR,0
2094256,"BEACON TOPCO, INC.",CLYD,,0002094256,BEACON TOPCO,0
2094265,Mountain Lake Acquisition Corp. II,MLAA,Nasdaq,0002094265,MOUNTAIN LAKE ACQUISITION II,1
2094496,"Securitize Holdings, Inc.",SECZ,,0002094496,SECURITIZE,0
2094687,"Chery Automobile Co., Ltd./ADR",CRAUY,OTC,0002094687,CHERY AUTOMOBILE ADR,0
2094691,Ottobock SE & Co. KGaA/ADR,OBOCY,OTC,0002094691,OTTOBOCK SE KGAA ADR,0
2094900,Tiger Gold Corp.,TGRGF,OTC,0002094900,TIGER GOLD,0
2095038,Hyperides Holdings Ltd,HYRD,,0002095038,HYPERIDES,0
2095096,Einride AB,ENRD,,0002095096,EINRIDE AB,0
2095297,KPET Ultra Paceline Corp,KPET,,0002095297,KPET ULTRA PACELINE,0
2095591,AI OKTO Corp.,AIOK,,0002095591,AI OKTO,0
2096362,AIAI Holdings Corp,AIAI,Nasdaq,0002096362,AIAI,1
2096533,Nation Gold Corp.,NATNF,OTC,0002096533,NATION GOLD,0
2096755,Texas Ventures Acquisition IV Corp,TVIV,,0002096755,TEXAS VENTURES ACQUISITION IV,0
2097461,"Bora Pharmaceuticals Co., Ltd./ADR",BORAY,OTC,0002097461,BORA PHARMACEUTICALS ADR,0
2097508,"Blockfusion Data Centers, Inc.",BLDC,,0002097508,BLOCKFUSION DATA CENTERS,0
2097702,GOWell Energy Technology,GOW,,0002097702,GOWELL ENERGY TECHNOLOGY,0
2097725,AIR Global PLC,AIIR,Nasdaq,0002097725,AIR GLOBAL,1
2097903,UDynamics Ltd,UDUD,,0002097903,UDYNAMICS,0
2097986,Forefront Tech Holdings Acquisition Corp,FTHA,,0002097986,FOREFRONT TECH ACQUISITION,0
2098324,Shawbrook Group plc/ADR,SWBKY,OTC,0002098324,SHAWBROOK ADR,0
2098326,"Sany Heavy Industries Co., Ltd./ADR",SNHIY,OTC,0002098326,SANY HEAVY INDUSTRIES ADR,0
2098332,Merdeka Gold Resources Tbk PT/ADR,MDKGY,OTC,0002098332,MERDEKA GOLD RESOURCES TBK PT ADR,0
2098397,"Anjoy Foods Group Co., Ltd./ADR",ANJFY,OTC,0002098397,ANJOY FOODS ADR,0
2098710,"Fortior Technology (Shenzhen) Co., Ltd./ADR",FRTRY,OTC,0002098710,FORTIOR TECHNOLOGY SHENZHEN ADR,0
2098860,"SICC Co., Ltd./ADR",SICCY,OTC,0002098860,SICC ADR,0
2099103,iShares Staked Ethereum Trust ETF,ETHB,Nasdaq,0002099103,ISHARES STAKED ETHEREUM ETF,1
2099326,"Seres Group Co., Ltd./ADR",SGPIY,OTC,0002099326,SERES ADR,0
2099681,MetaOptics Ltd,MOT,,0002099681,METAOPTICS,0
2099767,NewHold Investment Corp IV,NHIV,,0002099767,NEWHOLD INVESTMENT IV,0
2099818,Pirate Gold Corp.,YARRF,OTC,0002099818,PIRATE GOLD,0
2100161,Blackstone Digital Infrastructure Trust Inc.,BXDC,NYSE,0002100161,BLACKSTONE DIGITAL INFRASTRUCTURE,1
2100603,Metaplanet Inc.,MPJPY,OTC,0002100603,METAPLANET,0
2100704,East West Ave Acquisition Corp.,EWAV,,0002100704,EAST WEST AVE ACQUISITION,0
2100835,NYB Holdings Ltd,NYB,,0002100835,NYB,0
2101240,SunScout Holding Ltd,SNSC,,0002101240,SUNSCOUT,0
2101393,AmperCap Acquisition Co,APMC,,0002101393,AMPERCAP ACQUISITION,0
2101973,Allfunds Group PLC./ADR,AFNDY,OTC,0002101973,ALLFUNDS ADR,0
2101996,Nuclea Energy Inc.,NCLA,,0002101996,NUCLEA ENERGY,0
2102041,Inflection Point Acquisition Corp. VI,IPFX,Nasdaq,0002102041,INFLECTION POINT ACQUISITION VI,1
2102123,Apogee Acquisition Corp,AACP,,0002102123,APOGEE ACQUISITION,0
2102155,Quantum Leap Acquisition Corp,QLEP,,0002102155,QUANTUM LEAP ACQUISITION,0
2102593,AE Fuels Corp,NRGFF,OTC,0002102593,AE FUELS,0
2102713,Kensington Capital Acquisition Corp. VI,KCAC-UN,NYSE,0002102713,KENSINGTON CAPITAL ACQUISITION VI,1
2102720,Tarsier Pharma Ltd.,TARX,,0002102720,TARSIER PHARMA,0
2102771,Keystone Acquisition Corp.,KEYY,,0002102771,KEYSTONE ACQUISITION,0
2102972,FF Global Holdings Ltd,FFGG,,0002102972,FF GLOBAL,0
2103029,Sky Acquisition Group,SKAI,,0002103029,SKY ACQUISITION,0
2103596,Grafton Resources Inc.,GFTFF,OTC,0002103596,GRAFTON RESOURCES,0
2103612,Morgan Stanley Bitcoin Trust,MSBT,NYSE,0002103612,MORGAN STANLEY BITCOIN,1
2104032,Suchness Tech Ltd,SUCH,,0002104032,SUCHNESS TECH,0
2104177,Long Table Growth Corp.,LTGR,,0002104177,LONG TABLE GROWTH,0
2104260,West Enclave Merger Corp.,WENC,NYSE,0002104260,WEST ENCLAVE MERGER,1
2104882,"EagleRock Land, LLC",EROK,NYSE,0002104882,EAGLEROCK LAND,1
2105139,ADI GLOBAL DISTRIBUTION INC.,ADIG,,0002105139,ADI GLOBAL DISTRIBUTION,0
2106436,Mercator Acquisition Corp.,MRCO,,0002106436,MERCATOR ACQUISITION,0
2106762,Grayscale BNB ETF,GBNB,,0002106762,GRAYSCALE BNB ETF,0
2107375,"SBI Shinsei Bank, Limited/ADR",SSHBY,OTC,0002107375,SBI SHINSEI ADR,0
2107730,Grayscale HYPE ETF,GHYP,,0002107730,GRAYSCALE HYPE ETF,0
2107946,Yamato Kogyo Co. Ltd/ADR,YKCLY,OTC,0002107946,YAMATO KOGYO ADR,0
2107989,Keisei Electric Railway Co. Ltd/ADR,KERCY,OTC,0002107989,KEISEI ELECTRIC RAILWAY ADR,0
2108124,"Odakyu Electric Railway Co., Ltd./ADR",ODKUY,OTC,0002108124,ODAKYU ELECTRIC RAILWAY ADR,0
2108164,"Pono Capital Four, Inc.",PONO,Nasdaq,0002108164,PONO CAPITAL FOUR,1
2108185,Azbil Corporation/ADR,AZBLY,OTC,0002108185,AZBIL ADR,0
2108383,Sprott Physical Copper Trust,SCOP,NYSE,0002108383,SPROTT PHYSICAL COPPER,1
2108962,General Catalyst Global Resilience Merger Corp.,GCGR,,0002108962,GENERAL CATALYST GLOBAL RESILIENCE MERGER,0
2109082,AI STRATEGY INC.,AIST,,0002109082,AI STRATEGY,0
2109150,INNIO Holding GmbH,INIO,,0002109150,INNIO GMBH,0
2109545,Knowledge Atlas Technology Joint Stock Co Limited/ADR,KNWAY,OTC,0002109545,KNOWLEDGE ATLAS TECHNOLOGY JOINT STOCK ADR,0
2109556,Minimax Group Inc./ADR,MMXGY,OTC,0002109556,MINIMAX ADR,0
2109559,"Jingdong Industrials, Inc./ADR",JNGDY,OTC,0002109559,JINGDONG INDUSTRIALS ADR,0
2109876,Mountain Crest Acquisition 6 Corp.,MCAH,,0002109876,MOUNTAIN CREST ACQUISITION 6,0
2110105,Quantinuum Inc.,QNT,,0002110105,QUANTINUUM,0
2110583,ASELSAN Elektronik Sanayi ve Ticaret Anonim Sirketi/ADR,AELKY,OTC,0002110583,ASELSAN ELEKTRONIK SANAYI VE TICARET ANONIM SIRKETI ADR,0
2111038,DISCIPLINED GROWTH ACQUISITION Corp,DGAC,,0002111038,DISCIPLINED GROWTH ACQUISITION,0
2111542,ACP Holdings Acquisition Corp.,ACGC,,0002111542,ACP ACQUISITION,0
2111762,GSR V Acquisition Corp.,GSRV,,0002111762,GSR V ACQUISITION,0
2111790,Shanghai Iluvatar CoreX Semiconductor Co Ltd/ADR,SHILY,OTC,0002111790,SHANGHAI ILUVATAR COREX SEMICONDUCTOR ADR,0
2111860,"Xtend AI Robotics, Inc.",XTND,,0002111860,XTEND AI ROBOTICS,0
2112457,Amanat Acquisition Corp.,AMAN,,0002112457,AMANAT ACQUISITION,0
2113060,IQM Finland Oy,IQMX,,0002113060,IQM FINLAND OY,0
2114227,Churchill Capital Corp XII,CXII,,0002114227,CHURCHILL CAPITAL XII,0
2115027,Cryptex Digital Market Cap ETF,BAGZ,,0002115027,CRYPTEX DIGITAL MARKET CAP ETF,0
2115404,Collective Acquisition Corp. II,CAII,,0002115404,COLLECTIVE ACQUISITION II,0
2115899,Lithium Africa Corp.,LTAFF,OTC,0002115899,LITHIUM AFRICA,0
2117197,Com7 PCL/ADR,CMPLY,OTC,0002117197,COM7 PCL ADR,0
2117702,Silverco Mining Ltd.,SICOF,OTC,0002117702,SILVERCO MINING,0
2118032,Research Alliance Corp III,RACC,,0002118032,RESEARCH ALLIANCE III,0
2118195,"Applied Aerospace & Defense, Inc.",AADX,,0002118195,APPLIED AEROSPACE DEFENSE,0
2120046,CVC Capital Partners plc/ADR,CVCPY,OTC,0002120046,CVC CAPITAL PARTNERS ADR,0
2120422,Pfisterer Holdings SE/ADR,PFSTY,OTC,0002120422,PFISTERER SE ADR,0
2121703,FortuneX Acquisition Corp,FXAC,,0002121703,FORTUNEX ACQUISITION,0
2122505,Irenic Acquisition Corp.,IACQ,,0002122505,IRENIC ACQUISITION,0
2123346,"Montage Technology Co., Ltd./ADR",MNTGY,OTC,0002123346,MONTAGE TECHNOLOGY ADR,0
2123372,"Wuxi Lead Intelligent Equipment Co., Ltd./ADR",WXILY,OTC,0002123372,WUXI LEAD INTELLIGENT EQUIPMENT ADR,0
2123524,Muyuan Foods Co. Ltd/ADR,MUYNY,OTC,0002123524,MUYUAN FOODS ADR,0
2123531,Eastroc Beverage Group Co. Ltd/ADR,EBGCY,OTC,0002123531,EASTROC BEVERAGE ADR,0
2123553,ICG Silver & Gold Ltd.,ICGSF,OTC,0002123553,ICG SILVER GOLD,0
2123969,RRE Ventures Acquisition Corp.,RREV,,0002123969,RRE VENTURES ACQUISITION,0
2125750,Clinch Resources Ltd.,CLCHF,OTC,0002125750,CLINCH RESOURCES,0
2125904,"Sichuan Kelun-Biotech Biopharmaceutical Co., Ltd./ADR",SKBBY,OTC,0002125904,SICHUAN KELUN BIOTECH BIOPHARMACEUTICAL ADR,0
2125951,"Beijing Haizhi Technology Group Co., Ltd./ADR",BHTGY,OTC,0002125951,BEIJING HAIZHI TECHNOLOGY ADR,0
2126620,Natura Cosmeticos S.A./ADR,NTCMY,OTC,0002126620,NATURA COSMETICOS S ADR,0
2127653,American Tungsten & Antimony Ltd,ATAYY,OTC,0002127653,AMERICAN TUNGSTEN ANTIMONY,0
2127839,Bellevue Gold Ltd./ADR,BVGLY,OTC,0002127839,BELLEVUE GOLD ADR,0
2127859,EUROPEAN LITHIUM LTD/ADR,EULLY,OTC,0002127859,EUROPEAN LITHIUM ADR,0
2127860,DATELINE RESOURCES LTD/ADR,DTRSY,OTC,0002127860,DATELINE RESOURCES ADR,0
2127862,BALTIC CLASSIFIEDS GROUP PLC/ADR,BCLGY,OTC,0002127862,BALTIC CLASSIFIEDS ADR,0
2128448,Mininglamp Technology Group Limited/ADR,MTGLY,OTC,0002128448,MININGLAMP TECHNOLOGY ADR,0
2128458,Jiaxin International Resources Investment Limited/ADR,JXIRY,OTC,0002128458,JIAXIN INTERNATIONAL RESOURCES INVESTMENT ADR,0
2128597,"Shenzhen Xunce Technology Co., Ltd./ADR",SXTEY,OTC,0002128597,SHENZHEN XUNCE TECHNOLOGY ADR,0
2128619,Toyo Engineering Corporation/ADR,TYOEY,OTC,0002128619,TOYO ENGINEERING ADR,0
2128813,"Hangzhou Diagens Biotechnology Co., Ltd./ADR",HGZDY,OTC,0002128813,HANGZHOU DIAGENS BIOTECHNOLOGY ADR,0
2129595,Tidewise Acquisition Corp,TEAC,,0002129595,TIDEWISE ACQUISITION,0
2130219,Hall Chadwick Acquisition Corp II,HCAX,,0002130219,HALL CHADWICK ACQUISITION II,0
2130386,Yorkville International Capital Corp.,YICC,,0002130386,YORKVILLE INTERNATIONAL CAPITAL,0
2130606,"Gazelle Parent, Inc.",OBX,,0002130606,GAZELLE PARENT,0
2131322,"Victory Giant Technology (HuiZhou) Co., Ltd./ADR",VGTHY,OTC,0002131322,VICTORY GIANT TECHNOLOGY HUIZHOU ADR,0
2131812,Open House Group Co. Ltd/ADR,OPNHY,OTC,0002131812,OPEN HOUSE ADR,0
2131882,"McCarthy Finney, Inc.",MCFN,,0002131882,MCCARTHY FINNEY,0
1652044,Alphabet Inc.,GOOG,Nasdaq,0001652044,ALPHABET,1
36104,US BANCORP DE,USB-PA,NYSE,0000036104,US DE,1
1067983,BERKSHIRE HATHAWAY INC,BRK-A,NYSE,0001067983,BERKSHIRE HATHAWAY,1
937966,ASML HOLDING NV,ASMLF,OTC,0000937966,ASML NV,0
1046179,TAIWAN SEMICONDUCTOR MANUFACTURING CO LTD,TSMWF,OTC,0001046179,TAIWAN SEMICONDUCTOR MANUFACTURING,0
1577552,Alibaba Group Holding Ltd,BABAF,OTC,0001577552,ALIBABA,0
1108329,PETROCHINA CO LTD,PCCYF,OTC,0001108329,PETROCHINA,0
19617,JPMORGAN CHASE & CO,JPM-PC,NYSE,0000019617,JPMORGAN CHASE,1
70858,BANK OF AMERICA CORP /DE/,BML-PG,NYSE,0000070858,OF AMERICA DE,1
1114448,NOVARTIS AG,NVSEF,OTC,0001114448,NOVARTIS AG,0
70858,BANK OF AMERICA CORP /DE/,BML-PL,NYSE,0000070858,OF AMERICA DE,1
70858,BANK OF AMERICA CORP /DE/,BAC-PB,NYSE,0000070858,OF AMERICA DE,1
1094517,TOYOTA MOTOR CORP/,TOYOF,OTC,0001094517,TOYOTA MOTOR,0
1268896,CHINA LIFE INSURANCE CO LTD,CILJF,OTC,0001268896,CHINA LIFE INSURANCE,0
70858,BANK OF AMERICA CORP /DE/,BAC-PK,NYSE,0000070858,OF AMERICA DE,1
1306965,Shell plc,RYDAF,OTC,0001306965,SHELL,0
811809,BHP Group Ltd,BHPLF,OTC,0000811809,BHP,0
67088,MITSUBISHI UFJ FINANCIAL GROUP INC,MBFJF,OTC,0000067088,MITSUBISHI UFJ,0
353278,NOVO NORDISK A S,NONOF,OTC,0000353278,NOVO NORDISK S,0
1089113,HSBC HOLDINGS PLC,HBCYF,OTC,0001089113,HSBC,0
72971,WELLS FARGO & COMPANY/MN,WFC-PY,NYSE,0000072971,WELLS FARGO MN,1
1000184,SAP SE,SAPGF,OTC,0001000184,SAP SE,0
1091587,ABB LTD,ABLZF,OTC,0001091587,ABB,0
1091587,ABB LTD,ABBNY,OTC,0001091587,ABB,0
72971,WELLS FARGO & COMPANY/MN,WFC-PL,NYSE,0000072971,WELLS FARGO MN,1
891478,"Banco Santander, S.A.",BCDRF,OTC,0000891478,BANCO SANTANDER S,0
313838,Sony Group Corp,SNEJF,OTC,0000313838,SONY,0
1303523,British American Tobacco p.l.c.,BTAFF,OTC,0001303523,BRITISH AMERICAN TOBACCO P L C,0
732717,AT&T INC.,TBB,NYSE,0000732717,AT T,1
1121404,Sanofi,SNYNF,OTC,0001121404,SANOFI,0
217410,UNILEVER PLC,UNLYF,OTC,0000217410,UNILEVER,0
1668717,Anheuser-Busch InBev SA/NV,BUDFF,OTC,0001668717,ANHEUSER BUSCH INBEV SA NV,0
72971,WELLS FARGO & COMPANY/MN,WFC-PC,NYSE,0000072971,WELLS FARGO MN,1
946770,DEUTSCHE TELEKOM AG,DTEGF,OTC,0000946770,DEUTSCHE TELEKOM AG,0
1131399,GSK plc,GLAXF,OTC,0001131399,GSK,0
313807,BP PLC,BPAQF,OTC,0000313807,BP,0
863064,RIO TINTO PLC,RTPPF,OTC,0000863064,RIO TINTO,0
1022837,"SUMITOMO MITSUI FINANCIAL GROUP, INC.",SMFNF,OTC,0001022837,SUMITOMO MITSUI,0
1438656,Industria de Diseno Textil Inditex SA / ADR,IDEXF,OTC,0001438656,INDUSTRIA DE DISENO TEXTIL INDITEX SA ADR,0
1445162,BYD CO LTD,BYDDF,OTC,0001445162,BYD,0
70866,NCR Voyix Corp,NCRRP,OTC,0000070866,NCR VOYIX,0
1274152,CSL LTD,CMXHF,OTC,0001274152,CSL,0
1161167,L AIR LIQUIDE SA /FI,AIQUF,OTC,0001161167,L AIR LIQUIDE SA FI,0
1123658,CHINA PETROLEUM & CHEMICAL CORP,SNPMF,OTC,0001123658,CHINA PETROLEUM CHEMICAL,0
1067318,DAIMLER AG,MBGAF,OTC,0001067318,DAIMLER AG,0
1110646,"NetEase, Inc.",NETTF,OTC,0001110646,NETEASE,0
36104,US BANCORP DE,USB-PH,NYSE,0000036104,US DE,1
895728,ENBRIDGE INC,EBBNF,OTC,0000895728,ENBRIDGE,0
769594,NIPPON TELEGRAPH & TELEPHONE CORP,NTTYY,OTC,0000769594,NIPPON TELEGRAPH TELEPHONE,0
30554,"EIDP, Inc.",CTA-PB,NYSE,0000030554,EIDP,1
36104,US BANCORP DE,USB-PP,NYSE,0000036104,US DE,1
924613,NOKIA CORP,NOKBF,OTC,0000924613,NOKIA,0
895564,BAE SYSTEMS PLC /FI/,BAESF,OTC,0000895564,BAE SYSTEMS FI,0
1445465,Kering,PPRUF,OTC,0001445465,KERING,0
1129137,AMERICA MOVIL SAB DE CV/,AMXOF,OTC,0001129137,AMERICA MOVIL SAB DE CV,0
1524684,Glencore plc/ADR,GLCNF,OTC,0001524684,GLENCORE ADR,0
895421,MORGAN STANLEY,MS-PK,NYSE,0000895421,MORGAN STANLEY,1
1119639,PETROBRAS - PETROLEO BRASILEIRO SA,PBR-A,NYSE,0001119639,PETROBRAS PETROLEO BRASILEIRO SA,1
1106215,KDDI CORP,KDDIF,OTC,0001106215,KDDI,0
1140625,EQUINOR ASA,STOHF,OTC,0001140625,EQUINOR ASA,0
895421,MORGAN STANLEY,MS-PE,NYSE,0000895421,MORGAN STANLEY,1
929869,RELX PLC,RLXXF,OTC,0000929869,RELX,0
1329099,"Baidu, Inc.",BAIDF,OTC,0001329099,BAIDU,0
835403,DIAGEO PLC,DGEAF,OTC,0000835403,DIAGEO,0
1002242,ENI SPA,EIPAF,OTC,0001002242,ENI SPA,0
1446250,Bayerische Motoren Werke AG/ADR,BAMXF,OTC,0001446250,BAYERISCHE MOTOREN WERKE AG ADR,0
1166691,COMCAST CORP,CCZ,NYSE,0001166691,COMCAST,1
1446250,Bayerische Motoren Werke AG/ADR,BYMOF,OTC,0001446250,BAYERISCHE MOTOREN WERKE AG ADR,0
719245,WESTPAC BANKING CORP,WEBNF,OTC,0000719245,WESTPAC BANKING,0
1107457,INFINEON TECHNOLOGIES AG,IFNNF,OTC,0001107457,INFINEON TECHNOLOGIES AG,0
1335730,MIZUHO FINANCIAL GROUP INC,MZHOF,OTC,0001335730,MIZUHO,0
47710,HITACHI LTD,HTHIF,OTC,0000047710,HITACHI,0
1004315,NATIONAL GRID PLC,NGGTF,OTC,0001004315,GRID,0
1395064,TAKEDA PHARMACEUTICAL CO LTD,TKPHF,OTC,0001395064,TAKEDA PHARMACEUTICAL,0
1446519,Daikin Industries Ltd,DKILF,OTC,0001446519,DAIKIN INDUSTRIES,0
718940,BCE INC,BECEF,OTC,0000718940,BCE,0
1063761,SIMON PROPERTY GROUP INC.,SPG-PJ,NYSE,0001063761,SIMON PROPERTY,1
1512673,"Block, Inc.",BSQKZ,OTC,0001512673,BLOCK,0
30554,"EIDP, Inc.",CTA-PA,NYSE,0000030554,EIDP,1
1232384,TC ENERGY CORP,TNCAF,OTC,0001232384,TC ENERGY,0
1039765,ING GROEP NV,INGVF,OTC,0001039765,ING GROEP NV,0
1099219,METLIFE INC,MET-PA,NYSE,0001099219,METLIFE,1
1269238,Trip.com Group Ltd,TRPCF,OTC,0001269238,TRIP COM,0
355363,ITOCHU CORP,ITOCF,OTC,0000355363,ITOCHU,0
1099219,METLIFE INC,MET-PE,NYSE,0001099219,METLIFE,1
1160106,Lloyds Banking Group plc,LLDTF,OTC,0001160106,LLOYDS BANKING,0
842180,"BANCO BILBAO VIZCAYA ARGENTARIA, S.A.",BBVXF,OTC,0000842180,BANCO BILBAO VIZCAYA ARGENTARIA S,0
1900304,Haleon plc,HLNCF,OTC,0001900304,HALEON,0
1232384,TC ENERGY CORP,TCANF,OTC,0001232384,TC ENERGY,0
1393311,Public Storage,PSA-PH,NYSE,0001393311,PUBLIC STORAGE,1
1549802,"JD.com, Inc.",JDCMF,OTC,0001549802,JD COM,0
715153,HONDA MOTOR CO LTD,HNDAF,OTC,0000715153,HONDA MOTOR,0
1001085,BROOKFIELD Corp /ON/,BAMGF,OTC,0001001085,BROOKFIELD ON,0
1569964,People's Insurance Co (Group) of China Limited/ADR,PINXF,OTC,0001569964,PEOPLE S INSURANCE OF CHINA ADR,0
886986,TECK RESOURCES LTD,TCKRF,OTC,0000886986,TECK RESOURCES,0
1279967,CREDIT AGRICOLE S A,CRARF,OTC,0001279967,CREDIT AGRICOLE S,0
1136808,E.ON SE,ENAKF,OTC,0001136808,E ON SE,0
1002788,BANCA MONTE DEI PASCHI DI SIENA SPA,BMDPF,OTC,0001002788,BANCA MONTE DEI PASCHI DI SIENA SPA,0
844150,NatWest Group plc,RBSPF,OTC,0000844150,NATWEST,0
717826,ERICSSON LM TELEPHONE CO,ERIXF,OTC,0000717826,ERICSSON LM TELEPHONE,0
1116578,PRUDENTIAL PLC,PUKPF,OTC,0001116578,PRUDENTIAL,0
844551,WOODSIDE ENERGY GROUP LTD,WOPEF,OTC,0000844551,WOODSIDE ENERGY,0
1038143,ORANGE,FNCTF,OTC,0001038143,ORANGE,0
899051,ALLSTATE CORP,ALL-PH,NYSE,0000899051,ALLSTATE,1
46619,HEICO CORP,HEI-A,NYSE,0000046619,HEICO,1
920760,LENNAR CORP /NEW/,LEN-B,NYSE,0000920760,LENNAR NEW,1
1535628,CaixaBank/ADR,CIXPF,OTC,0001535628,CAIXABANK ADR,0
312069,BARCLAYS PLC,BCLYF,OTC,0000312069,BARCLAYS,0
943819,RESMED INC,RSMDF,OTC,0000943819,RESMED,0
1012037,COMPAGNIE DE SAINT GOBAIN,CODGF,OTC,0001012037,COMPAGNIE DE SAINT GOBAIN,0
1791706,Li Auto Inc.,LAAOF,OTC,0001791706,LI AUTO,0
1070304,ORIX CORP,ORXCF,OTC,0001070304,ORIX,0
814052,TELEFONICA S A,TEFOF,OTC,0000814052,TELEFONICA S,0
839923,VODAFONE GROUP PUBLIC LTD CO,VODPF,OTC,0000839923,VODAFONE PUBLIC,0
1160330,BANK BRADESCO,BBDO,NYSE,0001160330,BRADESCO,1
1434265,GENMAB A/S,GNMSF,OTC,0001434265,GENMAB S,0
1712356,Hydro One Ltd,HRNNF,OTC,0001712356,HYDRO ONE,0
1700171,Aena S.A./ADR,ANNSF,OTC,0001700171,AENA S ADR,0
1297996,"DIGITAL REALTY TRUST, INC.",DLR-PK,NYSE,0001297996,DIGITAL REALTY,1
932787,STMicroelectronics N.V.,STMEF,OTC,0000932787,STMICROELECTRONICS V,0
1754301,Fox Corp,FOX,Nasdaq,0001754301,FOX,1
1142231,HEINEKEN HOLDING N V,HKHHF,OTC,0001142231,HEINEKEN V,0
1243429,ArcelorMittal,AMSYF,OTC,0001243429,ARCELORMITTAL,0
1436778,Sampo OYJ,SAXPF,OTC,0001436778,SAMPO OYJ,0
1038683,RYANAIR HOLDINGS PLC,RYAOF,OTC,0001038683,RYANAIR,0
16988,CANON INC,CAJPY,OTC,0000016988,CANON,0
63754,MCCORMICK & CO INC,MKC-V,NYSE,0000063754,MCCORMICK,1
1190723,TENARIS SA,TNRSF,OTC,0001190723,TENARIS SA,0
1618755,Restaurant Brands International Limited Partnership,RSTRF,OTC,0001618755,RESTAURANT BRANDS INTERNATIONAL PARTNERSHIP,0
92122,SOUTHERN CO,SOJC,NYSE,0000092122,SOUTHERN,1
16988,CANON INC,CAJFF,OTC,0000016988,CANON,0
1396282,H&M HENNES & MAURITZ AB,HMRZF,OTC,0001396282,H M HENNES MAURITZ AB,0
1560385,Liberty Media Corp,FWONK,Nasdaq,0001560385,LIBERTY MEDIA,1
910631,COCA COLA FEMSA SAB DE CV,COCSF,OTC,0000910631,COCA COLA FEMSA SAB DE CV,0
858446,INTERCONTINENTAL HOTELS GROUP PLC /NEW/,ICHGF,OTC,0000858446,INTERCONTINENTAL HOTELS NEW,0
1126113,TELENOR ASA,TELNF,OTC,0001126113,TELENOR ASA,0
733099,ROGERS COMMUNICATIONS INC,RCIAF,OTC,0000733099,ROGERS COMMUNICATIONS,0
1810997,XPENG INC.,XPNGF,OTC,0001810997,XPENG,0
1617640,"ZILLOW GROUP, INC.",Z,Nasdaq,0001617640,ZILLOW,1
93751,STATE STREET CORP,STT-PG,NYSE,0000093751,STATE STREET,1
57083,KYOCERA CORP,KYOCF,OTC,0000057083,KYOCERA,0
57083,KYOCERA CORP,KYOCY,OTC,0000057083,KYOCERA,0
1560385,Liberty Media Corp,FWONB,OTC,0001560385,LIBERTY MEDIA,0
798941,FIRST CITIZENS BANCSHARES INC /DE/,FCNCB,OTC,0000798941,FIRST CITIZENS BANCSHARES DE,0
1450346,Porsche Automobil Holding SE / ADR,POAHF,OTC,0001450346,PORSCHE AUTOMOBIL SE ADR,0
1163653,NOMURA HOLDINGS INC,NRSCF,OTC,0001163653,NOMURA,0
1459334,Santander Bank Polska SA/ADR,BKZHY,OTC,0001459334,SANTANDER POLSKA SA ADR,0
1159152,James Hardie Industries plc,JHIUF,OTC,0001159152,JAMES HARDIE INDUSTRIES,0
1715801,Sartorius AG/ADR,SOAGY,OTC,0001715801,SARTORIUS AG ADR,0
1518542,Spirax-Sarco Engineering PLC/ADR,SPXSF,OTC,0001518542,SPIRAX SARCO ENGINEERING ADR,0
1564708,NEWS CORP,NWS,Nasdaq,0001564708,NEWS,1
313216,KONINKLIJKE PHILIPS NV,RYLPF,OTC,0000313216,KONINKLIJKE PHILIPS NV,0
1748790,Amcor plc,AMCCF,OTC,0001748790,AMCOR,0
1450159,"Sumitomo Realty & Development Co., Ltd./ADR",SURDF,OTC,0001450159,SUMITOMO REALTY DEVELOPMENT ADR,0
12208,"BIO-RAD LABORATORIES, INC.",BIO-B,NYSE,0000012208,BIO RAD LABORATORIES,1
1041668,CHINA SOUTHERN AIRLINES CO LTD,CHKIF,OTC,0001041668,CHINA SOUTHERN AIRLINES,0
1158838,ADVANTEST CORP,ADTTF,OTC,0001158838,ADVANTEST,0
91576,KEYCORP /NEW/,KEY-PK,NYSE,0000091576,KEYCORP NEW,1
904868,Fresenius SE & Co. KGaA,FSNUF,OTC,0000904868,FRESENIUS SE KGAA,0
818686,TEVA PHARMACEUTICAL INDUSTRIES LTD,TEVJF,OTC,0000818686,TEVA PHARMACEUTICAL INDUSTRIES,0
1078642,CARREFOUR SA,CRERF,OTC,0001078642,CARREFOUR SA,0
1281721,SHIONOGI & CO LTD,SGIOF,OTC,0001281721,SHIONOGI,0
915191,FAIRFAX FINANCIAL HOLDINGS LTD/ CAN,FRFFF,OTC,0000915191,FAIRFAX CAN,0
1547873,PT Chandra Asri Petrochemical Tbk/ADR,PTPIF,OTC,0001547873,PT CHANDRA ASRI PETROCHEMICAL TBK ADR,0
1858681,"Apollo Global Management, Inc.",APO-PA,NYSE,0001858681,APOLLO GLOBAL MANAGEMENT,1
91576,KEYCORP /NEW/,KEY-PI,NYSE,0000091576,KEYCORP NEW,1
1736541,NIO Inc.,NIOIF,OTC,0001736541,NIO,0
927971,BANK OF MONTREAL /CAN/,FNGD,NYSE,0000927971,OF MONTREAL CAN,1
1172724,GOLD FIELDS LTD,GFIOF,OTC,0001172724,GOLD FIELDS,0
1003935,NICE Ltd.,NCSYF,OTC,0001003935,NICE,0
930157,RENTOKIL INITIAL PLC /FI,RKLIF,OTC,0000930157,RENTOKIL INITIAL FI,0
930826,SOLVAY S A /ADR/,SVYSF,OTC,0000930826,SOLVAY S ADR,0
1474968,Geely Automobile Holdings Limited/ADR,GELYF,OTC,0001474968,GEELY AUTOMOBILE ADR,0
1333172,Navios Maritime Holdings Inc.,NMPGY,OTC,0001333172,NAVIOS MARITIME,0
105016,WATSCO INC,WSO-B,NYSE,0000105016,WATSCO,1
1333141,Fresenius Medical Care AG,FMCQF,OTC,0001333141,FRESENIUS MEDICAL CARE AG,0
912595,MID AMERICA APARTMENT COMMUNITIES INC.,MAA-PI,NYSE,0000912595,MID AMERICA APARTMENT COMMUNITIES,1
1611983,Liberty Broadband Corp,LBRDB,OTC,0001611983,LIBERTY BROADBAND,0
1281761,REGIONS FINANCIAL CORP,RF-PC,NYSE,0001281761,REGIONS,1
845982,SMITH & NEPHEW PLC,SNNUF,OTC,0000845982,SMITH NEPHEW,0
14693,BROWN FORMAN CORP,BF-B,NYSE,0000014693,BROWN FORMAN,1
1442651,"Shin-Etsu Chemical Co., Ltd.",SHECF,OTC,0001442651,SHIN ETSU CHEMICAL,0
1611983,Liberty Broadband Corp,LBRDK,Nasdaq,0001611983,LIBERTY BROADBAND,1
1072397,BUNZL PLC,BZLFF,OTC,0001072397,BUNZL,0
1161611,ALUMINUM CORP OF CHINA LTD,ALMMF,OTC,0001161611,ALUMINUM OF CHINA,0
1127248,EMERA INC,ERRAF,OTC,0001127248,EMERA,0
1437441,Piraeus Bank S.A.,PIRBF,OTC,0001437441,PIRAEUS S,0
4457,U-Haul Holding Co /NV/,UHAL-B,NYSE,0000004457,U HAUL NV,1
1786909,Sibanye Stillwater Ltd,SBYSF,OTC,0001786909,SIBANYE STILLWATER,0
24545,MOLSON COORS BEVERAGE CO,TAP-A,NYSE,0000024545,MOLSON COORS BEVERAGE,1
1446597,Don Quijote Holdings Co Ltd,DQJCF,OTC,0001446597,DON QUIJOTE,0
1504122,PT Bank Negara Indonesia (Persero) Tbk/ADR,PBNNF,OTC,0001504122,PT NEGARA INDONESIA PERSERO TBK ADR,0
806968,WPP plc,WPPGF,OTC,0000806968,WPP,0
1437672,Prysmian S.p.A.,PRYMF,OTC,0001437672,PRYSMIAN S P,0
1347557,Pacific Airport Group,GPAEF,OTC,0001347557,PACIFIC AIRPORT,0
1034983,MINEBEA MITSUMI Inc.,MNBEF,OTC,0001034983,MINEBEA MITSUMI,0
769218,AEGON LTD.,AEGOF,OTC,0000769218,AEGON,0
1026214,FEDERAL HOME LOAN MORTGAGE CORP,FREJO,OTC,0001026214,FEDERAL HOME LOAN MORTGAGE,0
1447100,"Yamaha Motor Co., Ltd.",YAMHF,OTC,0001447100,YAMAHA MOTOR,0
2057463,"GCI Liberty, Inc.",GLIBB,OTC,0002057463,GCI LIBERTY,0
353991,NITTO DENKO CORP / ADR/,NDEKF,OTC,0000353991,NITTO DENKO ADR,0
1123452,SOUTHEAST AIRPORT GROUP,ASRMF,OTC,0001123452,SOUTHEAST AIRPORT,0
1604982,Sino Biopharmaceutical Limited/ADR,SBMFF,OTC,0001604982,SINO BIOPHARMACEUTICAL ADR,0
1567172,"JG Summit Holdings, Inc./ADR",JGSHF,OTC,0001567172,JG SUMMIT ADR,0
1570585,Liberty Global Ltd.,LBTYB,Nasdaq,0001570585,LIBERTY GLOBAL,1
100826,UNION ELECTRIC CO,UEPCN,OTC,0000100826,UNION ELECTRIC,0
1076378,CEMEX SAB DE CV,CXMSF,OTC,0001076378,CEMEX SAB DE CV,0
2072563,Saputo Inc./ADR,SAPIF,OTC,0002072563,SAPUTO ADR,0
1157557,ENERGY CO OF MINAS GERAIS,CIG-C,NYSE,0001157557,ENERGY OF MINAS GERAIS,1
1544379,"SCREEN Holdings Co., Ltd./ADR",DINRF,OTC,0001544379,SCREEN ADR,0
938323,PEARSON PLC,PSORF,OTC,0000938323,PEARSON,0
100826,UNION ELECTRIC CO,UEPEO,OTC,0000100826,UNION ELECTRIC,0
100826,UNION ELECTRIC CO,UEPEP,OTC,0000100826,UNION ELECTRIC,0
1884082,Polestar Automotive Holding UK PLC,PSNYW,Nasdaq,0001884082,POLESTAR AUTOMOTIVE UK,1
314590,SASOL LTD,SASOF,OTC,0000314590,SASOL,0
899689,VORNADO REALTY TRUST,VNORP,OTC,0000899689,VORNADO REALTY,0
1600520,"Japan Exchange Group, Inc./ADR",OSCUF,OTC,0001600520,JAPAN EXCHANGE ADR,0
1372920,New Oriental Education & Technology Group Inc.,NWOEF,OTC,0001372920,NEW ORIENTAL EDUCATION TECHNOLOGY,0
899689,VORNADO REALTY TRUST,VNO-PL,NYSE,0000899689,VORNADO REALTY,1
1447100,"Yamaha Motor Co., Ltd.",YMHAY,OTC,0001447100,YAMAHA MOTOR,0
100826,UNION ELECTRIC CO,UEPCP,OTC,0000100826,UNION ELECTRIC,0
899689,VORNADO REALTY TRUST,VNO-PM,NYSE,0000899689,VORNADO REALTY,1
1453932,Unibail-Rodamco SE/ADR,UNBLF,OTC,0001453932,UNIBAIL RODAMCO SE ADR,0
100826,UNION ELECTRIC CO,UEPEN,OTC,0000100826,UNION ELECTRIC,0
1723690,Bilibili Inc.,BLBLF,OTC,0001723690,BILIBILI,0
1535929,"Voya Financial, Inc.",VOYA-PB,NYSE,0001535929,VOYA,1
1562805,Mitsui Kinzoku Co Ltd./ADR,XZJCF,OTC,0001562805,MITSUI KINZOKU ADR,0
1438569,Grifols SA,GIFLF,OTC,0001438569,GRIFOLS SA,0
1668501,Kose Corporation/ADR,KOSCF,OTC,0001668501,KOSE ADR,0
1489079,Adaro Energy PT/ADR/,PADEF,OTC,0001489079,ADARO ENERGY PT ADR,0
1438569,Grifols SA,GIFOF,OTC,0001438569,GRIFOLS SA,0
1710864,Misumi Group Inc./ADR,MSUXF,OTC,0001710864,MISUMI ADR,0
1647435,Auto Trader Group plc/ADR,ATDRF,OTC,0001647435,AUTO TRADER ADR,0
1481045,Daiwa Securities Group Inc.,DSECF,OTC,0001481045,DAIWA SECURITIES,0
811156,CMS ENERGY CORP,CMSA,NYSE,0000811156,CMS ENERGY,1
1040971,SL GREEN REALTY CORP,SLG-PI,NYSE,0001040971,SL GREEN REALTY,1
1581285,Brunello Cucinelli S.p.A./ADR,BCUCF,OTC,0001581285,BRUNELLO CUCINELLI S P ADR,0
2084022,Sony Financial Group Inc./ADR,SFGRF,OTC,0002084022,SONY ADR,0
1671235,B&M European Value Retail S.A./ADR,BMRPF,OTC,0001671235,B M EUROPEAN VALUE RETAIL S ADR,0
1581760,"Life360, Inc.",LIFX,OTC,0001581760,LIFE360,0
1438569,Grifols SA,GIKLY,OTC,0001438569,GRIFOLS SA,0
793742,HACHIJUNI BANK LTD,HACBY,OTC,0000793742,HACHIJUNI,0
1506721,Balfour Beatty plc/ADR,BLFBY,OTC,0001506721,BALFOUR BEATTY ADR,0
1642365,Alpine Auto Brokers Inc.,ALTB,OTC,0001642365,ALPINE AUTO BROKERS,0
5513,Unum Group,UNMA,NYSE,0000005513,UNUM,1
1492422,"Apellis Pharmaceuticals, Inc.",APLS,Nasdaq,0001492422,APELLIS PHARMACEUTICALS,1
1370418,STANDARD LIFE PLC,SLFPF,OTC,0001370418,STANDARD LIFE,0
1516536,Rightmove PLC/ADR,RTMVF,OTC,0001516536,RIGHTMOVE ADR,0
1446420,Mitsui Chemicals Inc,MITUF,OTC,0001446420,MITSUI CHEMICALS,0
763901,"POPULAR, INC.",BPOPO,OTC,0000763901,POPULAR,0
1023514,HARMONY GOLD MINING CO LTD,HGMCF,OTC,0001023514,HARMONY GOLD MINING,0
1012019,RUSH ENTERPRISES INC \TX\,RUSHB,Nasdaq,0001012019,RUSH ENTERPRISES TX,1
921638,SSR MINING INC.,SSRGF,OTC,0000921638,SSR MINING,0
2068427,Zealand Pharma A/S/ADR,ZLDPF,OTC,0002068427,ZEALAND PHARMA S ADR,0
78150,PLDT Inc.,PHTCF,OTC,0000078150,PLDT,0
1004980,PG&E Corp,PCG-PE,NYSE,0001004980,PG E,1
1469395,Pampa Energy Inc.,PPENF,OTC,0001469395,PAMPA ENERGY,0
1004980,PG&E Corp,PCG-PD,NYSE,0001004980,PG E,1
1004980,PG&E Corp,PCG-PC,NYSE,0001004980,PG E,1
310522,FEDERAL NATIONAL MORTGAGE ASSOCIATION FANNIE MAE,FNMFN,OTC,0000310522,FEDERAL MORTGAGE FANNIE MAE,0
1004980,PG&E Corp,PCG-PH,NYSE,0001004980,PG E,1
925261,ANDINA BOTTLING CO INC,AKO-B,NYSE,0000925261,ANDINA BOTTLING,1
1004980,PG&E Corp,PCG-PG,NYSE,0001004980,PG E,1
1378239,Central North Airport Group,GAERF,OTC,0001378239,CENTRAL NORTH AIRPORT,0
1214816,AXIS CAPITAL HOLDINGS LTD,AXS-PE,NYSE,0001214816,AXIS CAPITAL,1
936340,DTE ENERGY CO,DTW,NYSE,0000936340,DTE ENERGY,1
908732,SINOPEC SHANGHAI PETROCHEMICAL CO LTD,SPTJF,OTC,0000908732,SINOPEC SHANGHAI PETROCHEMICAL,0
1445211,"Indofood Sukses Makmur, Tbk",PIFMF,OTC,0001445211,INDOFOOD SUKSES MAKMUR TBK,0
1004980,PG&E Corp,PCG-PI,NYSE,0001004980,PG E,1
1561680,"Tri Pointe Homes, Inc.",TPH,NYSE,0001561680,TRI POINTE HOMES,1
1671750,Disco Corporation/ADR,DISPF,OTC,0001671750,DISCO ADR,0
932470,TELECOM ARGENTINA SA,TCMFF,OTC,0000932470,TELECOM ARGENTINA SA,0
1032033,SLM Corp,SLMBP,Nasdaq,0001032033,SLM,1
1570585,Liberty Global Ltd.,LBTYK,Nasdaq,0001570585,LIBERTY GLOBAL,1
1049724,DEUTSCHE LUFTHANSA A G /FI,DLAKF,OTC,0001049724,DEUTSCHE LUFTHANSA G FI,0
720672,STIFEL FINANCIAL CORP,SF-PB,NYSE,0000720672,STIFEL,1
1465740,TWO HARBORS INVESTMENT CORP.,TWO-PC,NYSE,0001465740,TWO HARBORS INVESTMENT,1
729580,BEL FUSE INC /NJ,BELFB,Nasdaq,0000729580,BEL FUSE NJ,1
1958140,"Atlanta Braves Holdings, Inc.",BATRK,Nasdaq,0001958140,ATLANTA BRAVES,1
1447101,Tokyo Tatemono Co Ltd,TYTMF,OTC,0001447101,TOKYO TATEMONO,0
67887,MOOG INC.,MOG-B,NYSE,0000067887,MOOG,1
714310,VALLEY NATIONAL BANCORP,VLYPP,Nasdaq,0000714310,VALLEY,1
1592049,Ryohin Keikaku Co/ADR,RYKKF,OTC,0001592049,RYOHIN KEIKAKU ADR,0
1465740,TWO HARBORS INVESTMENT CORP.,TWO-PB,NYSE,0001465740,TWO HARBORS INVESTMENT,1
1465740,TWO HARBORS INVESTMENT CORP.,TWO-PA,NYSE,0001465740,TWO HARBORS INVESTMENT,1
43920,"GREIF, INC",GEF-B,NYSE,0000043920,GREIF,1
11544,BERKLEY W R CORP,WRB-PE,NYSE,0000011544,BERKLEY W R,1
1536787,ALSOK Co Ltd./ADR,SOHGY,OTC,0001536787,ALSOK ADR,0
801337,WEBSTER FINANCIAL CORP,WBS-PF,NYSE,0000801337,WEBSTER,1
8063,ASTRONICS CORP,ATROB,OTC,0000008063,ASTRONICS,0
714310,VALLEY NATIONAL BANCORP,VLYPO,Nasdaq,0000714310,VALLEY,1
1511337,RLJ Lodging Trust,RLJ-PA,NYSE,0001511337,RLJ LODGING,1
1474098,Pebblebrook Hotel Trust,PEB-PF,NYSE,0001474098,PEBBLEBROOK HOTEL,1
1474098,Pebblebrook Hotel Trust,PEB-PE,NYSE,0001474098,PEBBLEBROOK HOTEL,1
1826836,Aya Gold & Silver Inc.,AYASF,OTC,0001826836,AYA GOLD SILVER,0
1409493,CHIMERA INVESTMENT CORP,CIM-PA,NYSE,0001409493,CHIMERA INVESTMENT,1
99614,TRI-CONTINENTAL Corp,TY-P,NYSE,0000099614,TRI CONTINENTAL,1
1545057,PT XLSMART Telecom Sejahtera Tbk/ADR,PTXAF,OTC,0001545057,PT XLSMART TELECOM SEJAHTERA TBK ADR,0
1648257,HUTCHMED (China) Ltd,HMDCF,OTC,0001648257,HUTCHMED CHINA,0
1026214,FEDERAL HOME LOAN MORTGAGE CORP,FMCCG,OTC,0001026214,FEDERAL HOME LOAN MORTGAGE,0
310522,FEDERAL NATIONAL MORTGAGE ASSOCIATION FANNIE MAE,FNMAM,OTC,0000310522,FEDERAL MORTGAGE FANNIE MAE,0
18654,Ameren Illinois Co,AILLI,OTC,0000018654,AMEREN ILLINOIS,0
1660734,Triton International Ltd,TRTN-PA,NYSE,0001660734,TRITON INTERNATIONAL,1
1618563,National Storage Affiliates Trust,NSA-PA,NYSE,0001618563,STORAGE AFFILIATES,1
1958140,"Atlanta Braves Holdings, Inc.",BATRB,OTC,0001958140,ATLANTA BRAVES,0
107815,WISCONSIN ELECTRIC POWER CO,WELPP,OTC,0000107815,WISCONSIN ELECTRIC POWER,0
18654,Ameren Illinois Co,AILLM,OTC,0000018654,AMEREN ILLINOIS,0
18654,Ameren Illinois Co,AILLN,OTC,0000018654,AMEREN ILLINOIS,0
1174511,ANADOLU EFES BIRACILIK VE MALT SANAYI A S/ADR,AEBZY,OTC,0001174511,ANADOLU EFES BIRACILIK VE MALT SANAYI S ADR,0
1005757,CSG SYSTEMS INTERNATIONAL INC,CSGS,Nasdaq,0001005757,CSG SYSTEMS INTERNATIONAL,1
1448611,ComfortDelGro Corp Ltd,CDGLF,OTC,0001448611,COMFORTDELGRO,0
310522,FEDERAL NATIONAL MORTGAGE ASSOCIATION FANNIE MAE,FNMAN,OTC,0000310522,FEDERAL MORTGAGE FANNIE MAE,0
1628063,Seritage Growth Properties,SRG-PA,NYSE,0001628063,SERITAGE GROWTH PROPERTIES,1
98677,TOOTSIE ROLL INDUSTRIES INC,TROLB,OTC,0000098677,TOOTSIE ROLL INDUSTRIES,0
18654,Ameren Illinois Co,AILIM,OTC,0000018654,AMEREN ILLINOIS,0
1026214,FEDERAL HOME LOAN MORTGAGE CORP,FMCCJ,OTC,0001026214,FEDERAL HOME LOAN MORTGAGE,0
310522,FEDERAL NATIONAL MORTGAGE ASSOCIATION FANNIE MAE,FNMAI,OTC,0000310522,FEDERAL MORTGAGE FANNIE MAE,0
1543726,Nihon Kohden Corporation/ADR,NHNKF,OTC,0001543726,NIHON KOHDEN ADR,0
1770561,Coronado Global Resources Inc.,CODQL,OTC,0001770561,CORONADO GLOBAL RESOURCES,0
1336917,"Under Armour, Inc.",UA,NYSE,0001336917,UNDER ARMOUR,1
885275,WILSON BANK HOLDING CO,WBHC,OTC,0000885275,WILSON,0
1421876,Lakefront Biotherapeutics NV,GLPGF,OTC,0001421876,LAKEFRONT BIOTHERAPEUTICS NV,0
1489088,PT Bukit Asam Tbk/ADR,TBNGY,OTC,0001489088,PT BUKIT ASAM TBK ADR,0
887733,CENTRAL GARDEN & PET CO,CENTA,Nasdaq,0000887733,CENTRAL GARDEN PET,1
18654,Ameren Illinois Co,AILLO,OTC,0000018654,AMEREN ILLINOIS,0
1671541,DroneShield Ltd,DRSHF,OTC,0001671541,DRONESHIELD,0
910108,LXP Industrial Trust,LXP-PC,NYSE,0000910108,LXP INDUSTRIAL,1
310522,FEDERAL NATIONAL MORTGAGE ASSOCIATION FANNIE MAE,FNMAT,OTC,0000310522,FEDERAL MORTGAGE FANNIE MAE,0
18654,Ameren Illinois Co,AILIN,OTC,0000018654,AMEREN ILLINOIS,0
310522,FEDERAL NATIONAL MORTGAGE ASSOCIATION FANNIE MAE,FNMAK,OTC,0000310522,FEDERAL MORTGAGE FANNIE MAE,0
2035057,Inficon Holding AG/ADR,IFCNF,OTC,0002035057,INFICON AG ADR,0
310522,FEDERAL NATIONAL MORTGAGE ASSOCIATION FANNIE MAE,FNMAL,OTC,0000310522,FEDERAL MORTGAGE FANNIE MAE,0
310522,FEDERAL NATIONAL MORTGAGE ASSOCIATION FANNIE MAE,FNMFM,OTC,0000310522,FEDERAL MORTGAGE FANNIE MAE,0
18654,Ameren Illinois Co,AILLP,OTC,0000018654,AMEREN ILLINOIS,0
107140,"JOHN WILEY & SONS, INC.",WLYB,NYSE,0000107140,JOHN WILEY SONS,1
310522,FEDERAL NATIONAL MORTGAGE ASSOCIATION FANNIE MAE,FNMAO,OTC,0000310522,FEDERAL MORTGAGE FANNIE MAE,0
1562296,Thai Union Group Public Co Limited/ADR,TUFBY,OTC,0001562296,THAI UNION PUBLIC ADR,0
1421876,Lakefront Biotherapeutics NV,GLPG,,0001421876,LAKEFRONT BIOTHERAPEUTICS NV,0
310522,FEDERAL NATIONAL MORTGAGE ASSOCIATION FANNIE MAE,FNMAG,OTC,0000310522,FEDERAL MORTGAGE FANNIE MAE,0
310522,FEDERAL NATIONAL MORTGAGE ASSOCIATION FANNIE MAE,FNMFO,OTC,0000310522,FEDERAL MORTGAGE FANNIE MAE,0
1636639,Pelagos Insurance Capital Ltd,FIHL,NYSE,0001636639,PELAGOS INSURANCE CAPITAL,1
1423210,ARYZTA AG (fka IAWS GROUP PLC),ARZTF,OTC,0001423210,ARYZTA AG FKA IAWS,0
1260729,GABELLI DIVIDEND & INCOME TRUST,GDV-PH,NYSE,0001260729,GABELLI DIVIDEND INCOME,1
1553079,"Empire State Realty OP, L.P.",FISK,NYSE,0001553079,EMPIRE STATE REALTY OP L P,1
912892,"GRUPO TELEVISA, S.A.B.",GRPFF,OTC,0000912892,GRUPO TELEVISA S B,0
1412558,Evotec SE,EVOTF,OTC,0001412558,EVOTEC SE,0
1504461,NGL Energy Partners LP,NGL-PC,NYSE,0001504461,NGL ENERGY PARTNERS,1
907254,"SAUL CENTERS, INC.",BFS-PD,NYSE,0000907254,SAUL CENTERS,1
1026214,FEDERAL HOME LOAN MORTGAGE CORP,FMCCL,OTC,0001026214,FEDERAL HOME LOAN MORTGAGE,0
1553079,"Empire State Realty OP, L.P.",OGCP,NYSE,0001553079,EMPIRE STATE REALTY OP L P,1
845877,FEDERAL AGRICULTURAL MORTGAGE CORP,AGM-A,NYSE,0000845877,FEDERAL AGRICULTURAL MORTGAGE,1
1026214,FEDERAL HOME LOAN MORTGAGE CORP,FMCKL,OTC,0001026214,FEDERAL HOME LOAN MORTGAGE,0
1712184,Liberty Latin America Ltd.,LILAK,Nasdaq,0001712184,LIBERTY LATIN AMERICA,1
1569963,Life Healthcare Group Holdings Limited/ADR,LTGHF,OTC,0001569963,LIFE HEALTHCARE ADR,0
1464423,PennyMac Mortgage Investment Trust,PMT-PA,NYSE,0001464423,PENNYMAC MORTGAGE INVESTMENT,1
1464423,PennyMac Mortgage Investment Trust,PMT-PB,NYSE,0001464423,PENNYMAC MORTGAGE INVESTMENT,1
1578955,SBO AG/ADR,SBOEF,OTC,0001578955,SBO AG ADR,0
1712184,Liberty Latin America Ltd.,LILAB,OTC,0001712184,LIBERTY LATIN AMERICA,0
1026214,FEDERAL HOME LOAN MORTGAGE CORP,FMCCS,OTC,0001026214,FEDERAL HOME LOAN MORTGAGE,0
1412100,"Maiden Holdings, Ltd.",MHLA,NYSE,0001412100,MAIDEN,1
1026214,FEDERAL HOME LOAN MORTGAGE CORP,FMCCO,OTC,0001026214,FEDERAL HOME LOAN MORTGAGE,0
1345126,Compass Diversified Holdings,CODI-PB,NYSE,0001345126,COMPASS DIVERSIFIED,1
1026214,FEDERAL HOME LOAN MORTGAGE CORP,FMCKN,OTC,0001026214,FEDERAL HOME LOAN MORTGAGE,0
1026214,FEDERAL HOME LOAN MORTGAGE CORP,FREJN,OTC,0001026214,FEDERAL HOME LOAN MORTGAGE,0
1503154,Chemring Group PLC/ADR,CMGMF,OTC,0001503154,CHEMRING ADR,0
1026214,FEDERAL HOME LOAN MORTGAGE CORP,FMCCN,OTC,0001026214,FEDERAL HOME LOAN MORTGAGE,0
1026214,FEDERAL HOME LOAN MORTGAGE CORP,FMCKO,OTC,0001026214,FEDERAL HOME LOAN MORTGAGE,0
1026214,FEDERAL HOME LOAN MORTGAGE CORP,FMCKJ,OTC,0001026214,FEDERAL HOME LOAN MORTGAGE,0
1026214,FEDERAL HOME LOAN MORTGAGE CORP,FMCKM,OTC,0001026214,FEDERAL HOME LOAN MORTGAGE,0
1495932,"eXp World Holdings, Inc.",EXPI,,0001495932,EXP WORLD,0
1026214,FEDERAL HOME LOAN MORTGAGE CORP,FREGP,OTC,0001026214,FEDERAL HOME LOAN MORTGAGE,0
1598655,GasLog Partners LP,GLOP-PA,NYSE,0001598655,GASLOG PARTNERS,1
1026214,FEDERAL HOME LOAN MORTGAGE CORP,FMCCH,OTC,0001026214,FEDERAL HOME LOAN MORTGAGE,0
1026214,FEDERAL HOME LOAN MORTGAGE CORP,FMCCK,OTC,0001026214,FEDERAL HOME LOAN MORTGAGE,0
719413,HECLA MINING CO/DE/,HL-PB,NYSE,0000719413,HECLA MINING DE,1
1026214,FEDERAL HOME LOAN MORTGAGE CORP,FMCCP,OTC,0001026214,FEDERAL HOME LOAN MORTGAGE,0
1026214,FEDERAL HOME LOAN MORTGAGE CORP,FMCCM,OTC,0001026214,FEDERAL HOME LOAN MORTGAGE,0
1026214,FEDERAL HOME LOAN MORTGAGE CORP,FMCKP,OTC,0001026214,FEDERAL HOME LOAN MORTGAGE,0
1868917,Saturn Oil & Gas Inc.,OILSF,OTC,0001868917,SATURN OIL GAS,0
88948,Seneca Foods Corp,SENEA,Nasdaq,0000088948,SENECA FOODS,1
1897463,Graf Global Corp.,GRAF-UN,NYSE,0001897463,GRAF GLOBAL,1
1164009,FIH Mobile Ltd,FXCNF,OTC,0001164009,FIH MOBILE,0
2079013,Hall Chadwick Acquisition Corp,HCACU,Nasdaq,0002079013,HALL CHADWICK ACQUISITION,1
1743907,"Sun Country Airlines Holdings, LLC",SNCY,Nasdaq,0001743907,SUN COUNTRY AIRLINES,1
1726173,Biglari Holdings Inc.,BH,NYSE,0001726173,BIGLARI,1
896429,"CANTALOUPE, INC.",CTLP,Nasdaq,0000896429,CANTALOUPE,1
43196,"GRAY MEDIA, INC",GTN-A,NYSE,0000043196,GRAY MEDIA,1
1072725,GOLD RESERVE LTD,GDRZF,OTC,0001072725,GOLD RESERVE,0
1803737,"Enhabit, Inc.",EHAB,NYSE,0001803737,ENHABIT,1
800457,DONEGAL GROUP INC,DGICB,Nasdaq,0000800457,DONEGAL,1
1345099,MESOBLAST LTD,MEOBF,OTC,0001345099,MESOBLAST,0
1023512,DRDGOLD LTD,DRDGF,OTC,0001023512,DRDGOLD,0
1607939,"Udemy, Inc.",UDMY,Nasdaq,0001607939,UDEMY,1
357294,HOVNANIAN ENTERPRISES INC,HOVVB,OTC,0000357294,HOVNANIAN ENTERPRISES,0
1503584,Costamare Inc.,CMRE-PC,NYSE,0001503584,COSTAMARE,1
1561032,"National Healthcare Properties, Inc.",HLTC,OTC,0001561032,HEALTHCARE PROPERTIES,0
216085,HAVERTY FURNITURE COMPANIES INC,HVT-A,NYSE,0000216085,HAVERTY FURNITURE COMPANIES,1
921671,GABELLI MULTIMEDIA TRUST INC.,GGT-PE,NYSE,0000921671,GABELLI MULTIMEDIA,1
55135,KELLY SERVICES INC,KELYB,Nasdaq,0000055135,KELLY,1
2034268,"Cantor Equity Partners III, Inc.",CAEP,Nasdaq,0002034268,CANTOR EQUITY PARTNERS III,1
1505065,Brainsway Ltd.,BRSYF,OTC,0001505065,BRAINSWAY,0
752642,"UMH PROPERTIES, INC.",UMH-PD,NYSE,0000752642,UMH PROPERTIES,1
1495222,Oxford Lane Capital Corp.,OXLCM,Nasdaq,0001495222,OXFORD LANE CAPITAL,1
1537543,MGX Resources Limited/ADR,MTGRF,OTC,0001537543,MGX RESOURCES ADR,0
1587987,"NewtekOne, Inc.",NEWTI,Nasdaq,0001587987,NEWTEKONE,1
1782999,PureTech Health plc,PTCHF,OTC,0001782999,PURETECH HEALTH,0
1782999,PureTech Health plc,PRTC,Nasdaq,0001782999,PURETECH HEALTH,1
1495222,Oxford Lane Capital Corp.,OXLCO,Nasdaq,0001495222,OXFORD LANE CAPITAL,1
25475,CRAWFORD & CO,CRD-B,NYSE,0000025475,CRAWFORD,1
1271554,Entree Resources Ltd.,ERLFF,OTC,0001271554,ENTREE RESOURCES,0
1762303,"AVITA Medical, Inc.",AVHHL,OTC,0001762303,AVITA MEDICAL,0
1762506,"Vista Energy, S.A.B. de C.V.",VSOGF,OTC,0001762506,VISTA ENERGY S B DE C V,0
863110,ARTESIAN RESOURCES CORP,ARTNB,OTC,0000863110,ARTESIAN RESOURCES,0
1896084,ioneer Ltd,GSCCF,OTC,0001896084,IONEER,0
1815620,Opthea Ltd,CKDXF,OTC,0001815620,OPTHEA,0
23426,CONNECTICUT LIGHT & POWER CO,CNTHP,OTC,0000023426,CONNECTICUT LIGHT POWER,0
1400891,"iHeartMedia, Inc.",IHRTB,OTC,0001400891,IHEARTMEDIA,0
23426,CONNECTICUT LIGHT & POWER CO,CNLPL,OTC,0000023426,CONNECTICUT LIGHT POWER,0
2032379,Willow Lane Acquisition Corp.,WLAC,Nasdaq,0002032379,WILLOW LANE ACQUISITION,1
1227857,Virtus Convertible & Income Fund II,NCZ-PA,NYSE,0001227857,VIRTUS CONVERTIBLE INCOME FUND II,1
1856236,"European Wax Center, Inc.",EWCZ,Nasdaq,0001856236,EUROPEAN WAX CENTER,1
1799191,"Oncology Institute, Inc.",DFPH,OTC,0001799191,ONCOLOGY INSTITUTE,0
1318885,DIANA SHIPPING INC.,DSX-PB,NYSE,0001318885,DIANA SHIPPING,1
23426,CONNECTICUT LIGHT & POWER CO,CNTHO,OTC,0000023426,CONNECTICUT LIGHT POWER,0
1407582,Cambria Gold Mines Inc.,AOTVF,OTC,0001407582,CAMBRIA GOLD MINES,0
1641601,River Financial Corp,RVRF,OTC,0001641601,RIVER,0
1393044,Motomova Inc,MTMV,OTC,0001393044,MOTOMOVA,0
1571776,Cherry Hill Mortgage Investment Corp,CHMI-PB,NYSE,0001571776,CHERRY HILL MORTGAGE INVESTMENT,1
1854078,MindMaze Therapeutics Holding SA,RLFTY,OTC,0001854078,MINDMAZE THERAPEUTICS SA,0
1129155,"MARINE PRODUCTS GROUP, LLC",MPX,NYSE,0001129155,MARINE PRODUCTS,1
1506184,IMMUTEP Ltd,PRRUF,OTC,0001506184,IMMUTEP,0
23426,CONNECTICUT LIGHT & POWER CO,CNTHN,OTC,0000023426,CONNECTICUT LIGHT POWER,0
1479615,Silence Therapeutics plc,SLNCF,OTC,0001479615,SILENCE THERAPEUTICS,0
1944885,Apollomics Inc.,APLMW,Nasdaq,0001944885,APOLLOMICS,1
23426,CONNECTICUT LIGHT & POWER CO,CNLHP,OTC,0000023426,CONNECTICUT LIGHT POWER,0
1243429,ArcelorMittal,ARCXF,OTC,0001243429,ARCELORMITTAL,0
23426,CONNECTICUT LIGHT & POWER CO,CNLTP,OTC,0000023426,CONNECTICUT LIGHT POWER,0
1577568,Euronext Athens Holding S.A./ADR,HEXEY,OTC,0001577568,EURONEXT ATHENS S ADR,0
23426,CONNECTICUT LIGHT & POWER CO,CNLTL,OTC,0000023426,CONNECTICUT LIGHT POWER,0
1598599,Innate Pharma SA,IPHYF,OTC,0001598599,INNATE PHARMA SA,0
23426,CONNECTICUT LIGHT & POWER CO,CNPWM,OTC,0000023426,CONNECTICUT LIGHT POWER,0
1653558,"Priority Technology Holdings, Inc.",PRTHU,OTC,0001653558,PRIORITY TECHNOLOGY,0
1571776,Cherry Hill Mortgage Investment Corp,CHMI-PA,NYSE,0001571776,CHERRY HILL MORTGAGE INVESTMENT,1
23426,CONNECTICUT LIGHT & POWER CO,CNLHO,OTC,0000023426,CONNECTICUT LIGHT POWER,0
23426,CONNECTICUT LIGHT & POWER CO,CNPWP,OTC,0000023426,CONNECTICUT LIGHT POWER,0
1495240,GLADSTONE LAND Corp,LANDP,Nasdaq,0001495240,GLADSTONE LAND,1
23426,CONNECTICUT LIGHT & POWER CO,CNLPM,OTC,0000023426,CONNECTICUT LIGHT POWER,0
23426,CONNECTICUT LIGHT & POWER CO,CNLTN,OTC,0000023426,CONNECTICUT LIGHT POWER,0
1956439,Enhanced Group Inc.,APAD,Nasdaq,0001956439,ENHANCED,1
71508,"ENTERGY NEW ORLEANS, LLC",ENO,NYSE,0000071508,ENTERGY NEW ORLEANS,1
23426,CONNECTICUT LIGHT & POWER CO,CNLHN,OTC,0000023426,CONNECTICUT LIGHT POWER,0
1851651,Beroni Group Ltd,BNIGF,OTC,0001851651,BERONI,0
1756594,Inventiva S.A.,IVEVF,OTC,0001756594,INVENTIVA S,0
1823635,"CXJ GROUP CO., Ltd",ECXJ,OTC,0001823635,CXJ,0
1434754,"SAFE BULKERS, INC.",SB-PC,NYSE,0001434754,SAFE BULKERS,1
1347123,"EBR Systems, Inc.",EBRCZ,OTC,0001347123,EBR SYSTEMS,0
1882839,WonderFi Technologies Inc.,WONDF,OTC,0001882839,WONDERFI TECHNOLOGIES,0
1394189,Chesapeake Gold Corp,CHPGF,OTC,0001394189,CHESAPEAKE GOLD,0
1726079,"Lucent, Inc.",LUCN,OTC,0001726079,LUCENT,0
1859795,NOVONIX Ltd,NVNXF,OTC,0001859795,NOVONIX,0
1814974,"BBX Capital, Inc.",BBXIB,OTC,0001814974,BBX CAPITAL,0
1526475,NICOLA MINING INC.,HUSIF,OTC,0001526475,NICOLA MINING,0
1804583,Cloopen Group Holding Ltd,RAASY,OTC,0001804583,CLOOPEN,0
942149,Outcrop Silver & Gold Corp,OCGSF,OTC,0000942149,OUTCROP SILVER GOLD,0
1357671,"Creatd, Inc.",CRTD,OTC,0001357671,CREATD,0
2042320,Alpha One Inc.,AOAO,OTC,0002042320,ALPHA ONE,0
716634,READING INTERNATIONAL INC,RDIB,Nasdaq,0000716634,READING INTERNATIONAL,1
1301236,Sotherly Hotels Inc.,SOHOO,OTC,0001301236,SOTHERLY HOTELS,0
818677,SECURITY FEDERAL CORP,SFDL,OTC,0000818677,SECURITY FEDERAL,0
1552800,"TILE SHOP HOLDINGS, INC.",TTSH,OTC,0001552800,TILE SHOP,0
1908984,ENDI Corp.,ENDI,OTC,0001908984,ENDI,0
9521,BANCROFT FUND LTD,BCV-PA,NYSE,0000009521,BANCROFT FUND,1
1668340,"Bancorp 34, Inc.",BCTF,OTC,0001668340,34,0
1589150,Regen BioPharma Inc,RGBPP,OTC,0001589150,REGEN BIOPHARMA,0
1282957,GABELLI GLOBAL UTILITY & INCOME TRUST,GLU-PB,NYSE,0001282957,GABELLI GLOBAL UTILITY INCOME,1
1882198,Athena Technology Acquisition Corp. II,ATEK,OTC,0001882198,ATHENA TECHNOLOGY ACQUISITION II,0
1854078,MindMaze Therapeutics Holding SA,RLFTF,OTC,0001854078,MINDMAZE THERAPEUTICS SA,0
202947,CAPITAL PROPERTIES INC /RI/,CPTP,OTC,0000202947,CAPITAL PROPERTIES RI,0
1855743,ARRAS MINERALS CORP.,ARRKF,OTC,0001855743,ARRAS MINERALS,0
1007273,BANK OF SOUTH CAROLINA CORP,BKSC,OTC,0001007273,OF SOUTH CAROLINA,0
1430725,"Global Ship Lease, Inc.",GSL-PB,NYSE,0001430725,GLOBAL SHIP LEASE,1
1482430,"KBS Real Estate Investment Trust III, Inc.",KBSR,OTC,0001482430,KBS REAL ESTATE INVESTMENT III,0
1845799,"Cullman Bancorp, Inc. /MD/",CULL,OTC,0001845799,CULLMAN MD,0
1865248,Piermont Valley Acquisition Corp,CMCAF,OTC,0001865248,PIERMONT VALLEY ACQUISITION,0
1907425,JOCOM HOLDINGS CORP.,JOCM,OTC,0001907425,JOCOM,0
1489874,Golden Growers Cooperative,GGROU,OTC,0001489874,GOLDEN GROWERS COOPERATIVE,0
1845149,Chain Bridge I,CBRRF,OTC,0001845149,CHAIN BRIDGE I,0
1703118,F3 Uranium Corp.,FUUFF,OTC,0001703118,F3 URANIUM,0
1301236,Sotherly Hotels Inc.,SOHON,OTC,0001301236,SOTHERLY HOTELS,0
797564,"HST Global, Inc.",HSTC,OTC,0000797564,HST GLOBAL,0
1163560,GRUPO TMM SAB,GTMAY,OTC,0001163560,GRUPO TMM SAB,0
1779474,"WM TECHNOLOGY, INC.",MAPS,OTC,0001779474,WM TECHNOLOGY,0
1086303,"Hongchang International Co., Ltd",HCIL,OTC,0001086303,HONGCHANG INTERNATIONAL,0
1829280,Forian Inc.,FORA,Nasdaq,0001829280,FORIAN,1
1876716,ASPAC II Acquisition Corp.,ASCBF,OTC,0001876716,ASPAC II ACQUISITION,0
1850059,Flag Ship Acquisition Corp,FSHPU,Nasdaq,0001850059,FLAG SHIP ACQUISITION,1
1302084,NextSource Materials Inc.,NSRCF,OTC,0001302084,NEXTSOURCE MATERIALS,0
1593549,"Livento Group, Inc.",LIVG,OTC,0001593549,LIVENTO,0
1050446,Strategy Inc,STRC,Nasdaq,0001050446,STRATEGY,1
1087456,UNITED BANCSHARES INC/OH,UBOH,OTC,0001087456,UNITED BANCSHARES OH,0
1075706,CITIZENS HOLDING CO /MS/,CIZN,OTC,0001075706,CITIZENS MS,0
1847360,"1895 Bancorp of Wisconsin, Inc. /MD/",BCOW,OTC,0001847360,1895 OF WISCONSIN MD,0
1550453,TriLinc Global Impact Fund LLC,TRLC,OTC,0001550453,TRILINC GLOBAL IMPACT FUND,0
1645666,"Kezar Life Sciences, Inc.",KZR,Nasdaq,0001645666,KEZAR LIFE SCIENCES,1
1816723,Graphex Group Ltd,GRFXF,OTC,0001816723,GRAPHEX,0
1807983,Medicenna Therapeutics Corp.,MDNAF,OTC,0001807983,MEDICENNA THERAPEUTICS,0
1901336,Alchemy Investments Acquisition Corp 1,ALCY,Nasdaq,0001901336,ALCHEMY INVESTMENTS ACQUISITION 1,1
1468639,"Vicapsys Life Sciences, Inc.",VICP,OTC,0001468639,VICAPSYS LIFE SCIENCES,0
1445654,New Zealand Oil & Gas Ltd/ADR,NZEOF,OTC,0001445654,NEW ZEALAND OIL GAS ADR,0
1846084,Global Crossing Airlines Group Inc.,JETBF,OTC,0001846084,GLOBAL CROSSING AIRLINES,0
1814974,"BBX Capital, Inc.",BBXIA,OTC,0001814974,BBX CAPITAL,0
1041657,"URBAN ONE, INC.",UONEK,Nasdaq,0001041657,URBAN ONE,1
1452804,"Retrieve Medical Holdings, Inc.",RMHI,OTC,0001452804,RETRIEVE MEDICAL,0
1854463,WinVest Acquisition Corp.,WINV,OTC,0001854463,WINVEST ACQUISITION,0
1099234,"FrankSpeech Network, Inc.",MLMC,OTC,0001099234,FRANKSPEECH NETWORK,0
1408146,SCANDIUM INTERNATIONAL MINING CORP.,SCYYF,OTC,0001408146,SCANDIUM INTERNATIONAL MINING,0
1738699,Wisekey International Holding S.A.,WSKEF,OTC,0001738699,WISEKEY INTERNATIONAL S,0
1362898,Avalon Advanced Materials Inc.,AVLNF,OTC,0001362898,AVALON ADVANCED MATERIALS,0
1389207,Gafisa S.A.,GFASY,OTC,0001389207,GAFISA S,0
1823365,"Generations Bancorp NY, Inc.",GBNY,OTC,0001823365,GENERATIONS NY,0
1723059,Bio Essence Corp,BIOE,OTC,0001723059,BIO ESSENCE,0
1620678,ANGLE plc,ANPCF,OTC,0001620678,ANGLE,0
943034,AUTOSCOPE TECHNOLOGIES CORP,AATC,OTC,0000943034,AUTOSCOPE TECHNOLOGIES,0
1050606,"SALEM MEDIA GROUP, INC. /DE/",SALM,OTC,0001050606,SALEM MEDIA DE,0
1861233,illumin Holdings Inc.,ILLMF,OTC,0001861233,ILLUMIN,0
1619312,"Lightstone Value Plus REIT IV, Inc.",LTSV,OTC,0001619312,LIGHTSTONE VALUE PLUS REIT IV,0
1569340,"Cell Source, Inc.",CLCS,OTC,0001569340,CELL SOURCE,0
1365388,"High Sierra Technologies, Inc.",HSTI,OTC,0001365388,HIGH SIERRA TECHNOLOGIES,0
1800373,"GOLDENWELL BIOTECH, INC.",GWLL,OTC,0001800373,GOLDENWELL BIOTECH,0
1000045,OLD MARKET CAPITAL Corp,OMCC,OTC,0001000045,OLD MARKET CAPITAL,0
1076691,OCONEE FINANCIAL CORP,OSBK,OTC,0001076691,OCONEE,0
1891512,Adastra Holdings Ltd.,XTXXF,OTC,0001891512,ADASTRA,0
838875,WILLAMETTE VALLEY VINEYARDS INC,WVVIP,Nasdaq,0000838875,WILLAMETTE VALLEY VINEYARDS,1
1358654,"RED METAL RESOURCES, LTD.",RMESF,OTC,0001358654,RED METAL RESOURCES,0
1826000,"Latch, Inc.",LTCH,OTC,0001826000,LATCH,0
1331421,"HALLMARK VENTURE GROUP, INC.",HLLK,OTC,0001331421,HALLMARK VENTURE,0
1913838,"VWF Bancorp, Inc.",VWFB,OTC,0001913838,VWF,0
1301854,Mirasol Resources Ltd,MRZLF,OTC,0001301854,MIRASOL RESOURCES,0
1815974,"Anebulo Pharmaceuticals, Inc.",ANEB,OTC,0001815974,ANEBULO PHARMACEUTICALS,0
1528188,Worldwide NFT Inc.,WNFT,OTC,0001528188,WORLDWIDE NFT,0
1765826,"Blubuzzard, Inc.",BZRD,OTC,0001765826,BLUBUZZARD,0
1158399,Burcon NutraScience Corp,BRCNF,OTC,0001158399,BURCON NUTRASCIENCE,0
1013706,"Wilhelmina International, Inc.",WHLM,OTC,0001013706,WILHELMINA INTERNATIONAL,0
86115,SAFEGUARD SCIENTIFICS INC,SFES,OTC,0000086115,SAFEGUARD SCIENTIFICS,0
1497649,Graphene & Solar Technologies Ltd,GSTX,OTC,0001497649,GRAPHENE SOLAR TECHNOLOGIES,0
1101026,"Zivo Bioscience, Inc.",ZIVO,OTC,0001101026,ZIVO BIOSCIENCE,0
1568628,Bioquest Corp,BQST,OTC,0001568628,BIOQUEST,0
1760542,HOOKIPA Pharma Inc.,HOOK,OTC,0001760542,HOOKIPA PHARMA,0
1895251,"Sustainable Green Team, Ltd.",SGTM,OTC,0001895251,SUSTAINABLE GREEN TEAM,0
1527541,"Wheeler Real Estate Investment Trust, Inc.",WHLRD,Nasdaq,0001527541,WHEELER REAL ESTATE INVESTMENT,1
890066,GLEN BURNIE BANCORP,GLBZ,OTC,0000890066,GLEN BURNIE,0
1131343,ALTERITY THERAPEUTICS LTD,PRNAF,OTC,0001131343,ALTERITY THERAPEUTICS,0
2123346,"Montage Technology Co., Ltd./ADR",MNTCF,OTC,0002123346,MONTAGE TECHNOLOGY ADR,0
1905688,AERO ENERGY Ltd,AAUGF,OTC,0001905688,AERO ENERGY,0
1376986,Tennessee Valley Authority,TVE,NYSE,0001376986,TENNESSEE VALLEY AUTHORITY,1
1827855,Medicale Corp.,MCLE,OTC,0001827855,MEDICALE,0
846546,BONSO ELECTRONICS INTERNATIONAL INC,BNSOF,OTC,0000846546,BONSO ELECTRONICS INTERNATIONAL,0
1771755,Sekur Private Data Ltd.,SWISF,OTC,0001771755,SEKUR PRIVATE DATA,0
1539680,HAMMER TECHNOLOGY HOLDINGS CORP.,HMMR,OTC,0001539680,HAMMER TECHNOLOGY,0
1376986,Tennessee Valley Authority,TVC,NYSE,0001376986,TENNESSEE VALLEY AUTHORITY,1
1001601,"MGT CAPITAL INVESTMENTS, INC.",MGTI,OTC,0001001601,MGT CAPITAL INVESTMENTS,0
1400271,Curative Biotechnology Inc,CUBT,OTC,0001400271,CURATIVE BIOTECHNOLOGY,0
1673504,Atlantis Glory Inc.,AGLY,OTC,0001673504,ATLANTIS GLORY,0
1419275,RYVYL Inc.,RVYL,Nasdaq,0001419275,RYVYL,1
1605057,"Vemanti Group, Inc.",VMNT,OTC,0001605057,VEMANTI,0
1468978,"SOUTHERN ITS INTERNATIONAL, INC.",SITS,OTC,0001468978,SOUTHERN ITS INTERNATIONAL,0
1654672,"PINEAPPLE, INC.",PNPL,OTC,0001654672,PINEAPPLE,0
1816554,EVENTIKO INC.,EVTK,OTC,0001816554,EVENTIKO,0
806517,PSYCHEMEDICS CORP,PMDI,OTC,0000806517,PSYCHEMEDICS,0
1868079,Predictmedix Inc.,PMEDF,OTC,0001868079,PREDICTMEDIX,0
942126,TAITRON COMPONENTS INC,TAIT,OTC,0000942126,TAITRON COMPONENTS,0
1490054,"VERDE BIO HOLDINGS, INC.",APHD,OTC,0001490054,VERDE BIO,0
1763925,CoJax Oil & Gas Corp,CJAX,OTC,0001763925,COJAX OIL GAS,0
936801,OCEANIC IRON ORE CORP,FEOVF,OTC,0000936801,OCEANIC IRON ORE,0
1016178,CARVER BANCORP INC,CARV,OTC,0001016178,CARVER,0
1420108,"Glucose Health, Inc.",GLUC,OTC,0001420108,GLUCOSE HEALTH,0
1737270,Nextech3D.AI Corp.,NEXCF,OTC,0001737270,NEXTECH3D AI,0
1996210,"BLUM HOLDINGS, INC.",BLMH,OTC,0001996210,BLUM,0
1565228,"Vislink Technologies, Inc.",VISL,OTC,0001565228,VISLINK TECHNOLOGIES,0
1092570,FULLNET COMMUNICATIONS INC,FULO,OTC,0001092570,FULLNET COMMUNICATIONS,0
1574676,"Galenfeha, Inc.",NGHI,OTC,0001574676,GALENFEHA,0
1777765,VIQ Solutions Inc.,VQSSF,OTC,0001777765,VIQ SOLUTIONS,0
1545224,Silver Elephant Mining Corp.,SILEF,OTC,0001545224,SILVER ELEPHANT MINING,0
727346,"SELECTIS HEALTH, INC.",GBCS,OTC,0000727346,SELECTIS HEALTH,0
1138867,"EESTech, Inc.",EESH,OTC,0001138867,EESTECH,0
1397795,Bryn Inc.,BRRN,OTC,0001397795,BRYN,0
924095,"Metavesco, Inc.",MVCO,OTC,0000924095,METAVESCO,0
1508786,"SILVERTON ENERGY, INC.",SLTN,OTC,0001508786,SILVERTON ENERGY,0
1976923,"YOUNEEQAI TECHNICAL SERVICES, INC.",YQAI,OTC,0001976923,YOUNEEQAI TECHNICAL,0
1816723,Graphex Group Ltd,GRFXY,OTC,0001816723,GRAPHEX,0
1115864,ECOMINAS CORP.,ILXP,OTC,0001115864,ECOMINAS,0
1548958,Brixton Metals Corp,BBBXF,OTC,0001548958,BRIXTON METALS,0
1715433,Leader Capital Holdings Corp.,LCHD,OTC,0001715433,LEADER CAPITAL,0
1377167,"Financial Gravity Companies, Inc.",FGCO,OTC,0001377167,GRAVITY COMPANIES,0
1854233,Enthusiast Gaming Holdings Inc. / Canada,EGLXF,OTC,0001854233,ENTHUSIAST GAMING CANADA,0
1498710,"Spirit Aviation Holdings, Inc.",FLYYQ,OTC,0001498710,SPIRIT AVIATION,0
1394108,SUIC Worldwide Holdings Ltd.,SUIC,OTC,0001394108,SUIC WORLDWIDE,0
1811530,"Next Meats Holdings, Inc.",NXMH,OTC,0001811530,NEXT MEATS,0
1103090,"REFLECT SCIENTIFIC, INC.",RSCF,OTC,0001103090,REFLECT SCIENTIFIC,0
1629632,Eguana Technologies Inc.,EGTYF,OTC,0001629632,EGUANA TECHNOLOGIES,0
1815632,"Tego Cyber, Inc.",TGCB,OTC,0001815632,TEGO CYBER,0
1014052,"Digerati Technologies, Inc.",DTGI,OTC,0001014052,DIGERATI TECHNOLOGIES,0
891417,Nano Magic Inc.,NMGX,OTC,0000891417,NANO MAGIC,0
1693687,GREENLIT VENTURES INC.,GLVT,OTC,0001693687,GREENLIT VENTURES,0
1828098,Steakholder Foods Ltd.,MTTCF,OTC,0001828098,STEAKHOLDER FOODS,0
1281984,"Decentral Life, Inc.",WDLF,OTC,0001281984,DECENTRAL LIFE,0
319016,"Fuse Medical, Inc.",FZMD,OTC,0000319016,FUSE MEDICAL,0
1166708,"Brownie's Marine Group, Inc",BWMG,OTC,0001166708,BROWNIE S MARINE,0
1205922,"VACCINEX, INC.",VCNX,OTC,0001205922,VACCINEX,0
2040753,"Xtreme One Entertainment, Inc.",XONI,OTC,0002040753,XTREME ONE ENTERTAINMENT,0
1584618,"Atacama Resources International, Inc.",ACRL,OTC,0001584618,ATACAMA RESOURCES INTERNATIONAL,0
1384365,"Telvantis, Inc.",RDAR,OTC,0001384365,TELVANTIS,0
1723517,UC Asset LP,UCASU,OTC,0001723517,UC ASSET,0
1435064,CEMTREX INC,CETXP,OTC,0001435064,CEMTREX,0
1883083,"GPL Holdings, Inc.",GPLL,OTC,0001883083,GPL,0
1477009,TREES Corp (Colorado),CANN,OTC,0001477009,TREES COLORADO,0
1543623,US NUCLEAR CORP.,UCLE,OTC,0001543623,US NUCLEAR,0
1514946,"AXIM BIOTECHNOLOGIES, INC.",AXIM,OTC,0001514946,AXIM BIOTECHNOLOGIES,0
1498372,iWallet Corp,IWAL,OTC,0001498372,IWALLET,0
724742,Trinity Place Holdings Inc.,TPHS,OTC,0000724742,TRINITY PLACE,0
1108248,KRONOS ADVANCED TECHNOLOGIES INC,KNOS,OTC,0001108248,KRONOS ADVANCED TECHNOLOGIES,0
1597892,JRSIS HEALTH CARE Corp,JRSS,OTC,0001597892,JRSIS HEALTH CARE,0
1556801,"My City Builders, Inc.",MYCB,OTC,0001556801,MY CITY BUILDERS,0
1730869,"Everything Blockchain, Inc.",EBZT,OTC,0001730869,EVERYTHING BLOCKCHAIN,0
1975222,SSHT S&T Group Ltd.,SSHT,OTC,0001975222,SSHT S T,0
1378866,Go Green Global Technologies Corp.,GOGR,OTC,0001378866,GO GREEN GLOBAL TECHNOLOGIES,0
1608092,Kisses From Italy Inc.,KITL,OTC,0001608092,KISSES FROM ITALY,0
1539029,"Clearside Biomedical, Inc.",CLSDQ,OTC,0001539029,CLEARSIDE BIOMEDICAL,0
1434740,Ranger Gold Corp.,RNGC,OTC,0001434740,RANGER GOLD,0
1292490,"Synbio International, Inc.",SYIN,OTC,0001292490,SYNBIO INTERNATIONAL,0
1338929,"Authentic Holdings, Inc.",AHRO,OTC,0001338929,AUTHENTIC,0
1452011,Tanke Biosciences Corp,TNBI,OTC,0001452011,TANKE BIOSCIENCES,0
841533,"SADDLE RANCH MEDIA, INC.",SRMX,OTC,0000841533,SADDLE RANCH MEDIA,0
1527541,"Wheeler Real Estate Investment Trust, Inc.",WHLRP,Nasdaq,0001527541,WHEELER REAL ESTATE INVESTMENT,1
1144392,MEGOLA INC,BKTH,OTC,0001144392,MEGOLA,0
1327273,"Lyra Therapeutics, Inc.",LYRA,OTC,0001327273,LYRA THERAPEUTICS,0
1919847,"Software Effective Solutions, Corp.",SFWJ,OTC,0001919847,SOFTWARE EFFECTIVE SOLUTIONS,0
803097,"SportsQuest, Inc.",SPQS,OTC,0000803097,SPORTSQUEST,0
1631463,Barrel Energy Inc.,BRLL,OTC,0001631463,BARREL ENERGY,0
1162283,MORGAN GROUP HOLDING CO,MGHL,OTC,0001162283,MORGAN,0
1435181,Pharmagreen Biotech Inc.,PHBI,OTC,0001435181,PHARMAGREEN BIOTECH,0
1898643,Mobilicom Ltd,MOBBW,Nasdaq,0001898643,MOBILICOM,1
812306,PROCYON CORP,PCYN,OTC,0000812306,PROCYON,0
1585380,"Greene Concepts, Inc",INKW,OTC,0001585380,GREENE CONCEPTS,0
1289223,"Newport Gold, Inc.",NWPG,OTC,0001289223,NEWPORT GOLD,0
827099,Ocean Thermal Energy Corp,CPWR,OTC,0000827099,OCEAN THERMAL ENERGY,0
1552189,"PANACEA LIFE SCIENCES HOLDINGS, INC.",PLSH,OTC,0001552189,PANACEA LIFE SCIENCES,0
1127007,CABO VERDE CAPITAL INC.,VYRE,OTC,0001127007,CABO VERDE CAPITAL,0
1626745,"Fortune Valley Treasures, Inc.",FVTI,OTC,0001626745,FORTUNE VALLEY TREASURES,0
890725,GELSTAT CORP,GSAC,OTC,0000890725,GELSTAT,0
1973160,GEMZ Corp. NV,GMZP,OTC,0001973160,GEMZ NV,0
1639068,Hubilu Venture Corp,HBUV,OTC,0001639068,HUBILU VENTURE,0
1051514,"STRATA Skin Sciences, Inc.",SSKN,OTC,0001051514,STRATA SKIN SCIENCES,0
1461708,"Green Star Products, Inc.",GSPI,OTC,0001461708,GREEN STAR PRODUCTS,0
946112,"China Dongsheng International, Inc.",CDSG,OTC,0000946112,CHINA DONGSHENG INTERNATIONAL,0
1492448,Nextel Medical Corp.,MAJI,OTC,0001492448,NEXTEL MEDICAL,0
1512886,NEUTRA CORP.,NTRR,OTC,0001512886,NEUTRA,0
1533357,DEFENSE TECHNOLOGIES INTERNATIONAL CORP.,DTII,OTC,0001533357,DEFENSE TECHNOLOGIES INTERNATIONAL,0
1687919,FORGE INNOVATION DEVELOPMENT CORP.,FGNV,OTC,0001687919,FORGE INNOVATION DEVELOPMENT,0
1098482,"Innovaro, Inc.",INNI,OTC,0001098482,INNOVARO,0
1318268,Madison Technologies Inc.,MDEX,OTC,0001318268,MADISON TECHNOLOGIES,0
1171008,ADAMANT DRI PROCESSING & MINERALS GROUP,ADMG,OTC,0001171008,ADAMANT DRI PROCESSING MINERALS,0
1455684,"TPI COMPOSITES, INC",TPICQ,OTC,0001455684,TPI COMPOSITES,0
1416697,"Blue Line Protection Group, Inc.",BLPG,OTC,0001416697,BLUE LINE PROTECTION,0
1865468,Kairous Acquisition Corp. Ltd,KACLF,OTC,0001865468,KAIROUS ACQUISITION,0
1653606,"Ehave, Inc.",EHVVF,OTC,0001653606,EHAVE,0
1464865,"Accredited Solutions, Inc.",ASII,OTC,0001464865,ACCREDITED SOLUTIONS,0
1580262,"Right On Brands, Inc.",RTON,OTC,0001580262,RIGHT ON BRANDS,0
1084551,Community Redevelopment Inc.,CRDV,OTC,0001084551,COMMUNITY REDEVELOPMENT,0
897078,"Resonate Blends, Inc.",KOAN,OTC,0000897078,RESONATE BLENDS,0
1117228,MASS MEGAWATTS WIND POWER INC,MMMW,OTC,0001117228,MASS MEGAWATTS WIND POWER,0
1486452,"Maison Luxe, Inc.",MASN,OTC,0001486452,MAISON LUXE,0
1874138,"Sparx Holdings Group, Inc.",SHGI,OTC,0001874138,SPARX,0
1946746,Leet INC.,LTESF,OTC,0001946746,LEET,0
1681556,"GEX MANAGEMENT, INC.",GXXM,OTC,0001681556,GEX MANAGEMENT,0
1091326,"SB Technology Holdings, Inc.",VGLS,OTC,0001091326,SB TECHNOLOGY,0
1841125,"Bolt Projects Holdings, Inc.",BSLK,OTC,0001841125,BOLT PROJECTS,0
1652958,"Edgemode, Inc.",EDGM,OTC,0001652958,EDGEMODE,0
1584831,OXBRIDGE RE HOLDINGS Ltd,OXBRW,Nasdaq,0001584831,OXBRIDGE RE,1
1624517,"Frequency Holdings, Inc",FRQN,OTC,0001624517,FREQUENCY,0
1939365,"INSPIRE VETERINARY PARTNERS, INC.",IVPR,OTC,0001939365,INSPIRE VETERINARY PARTNERS,0
1451448,"ESPORTS ENTERTAINMENT GROUP, INC.",GMBL,OTC,0001451448,ESPORTS ENTERTAINMENT,0
1715819,"Electromedical Technologies, Inc",EMED,OTC,0001715819,ELECTROMEDICAL TECHNOLOGIES,0
1729944,"IMAC Holdings, Inc.",BACK,OTC,0001729944,IMAC,0
1791929,"DISCOUNT PRINT USA, INC.",DPUI,OTC,0001791929,DISCOUNT PRINT USA,0
1528172,"ENDONOVO THERAPEUTICS, INC.",ENDV,OTC,0001528172,ENDONOVO THERAPEUTICS,0
1610682,USD Partners LP,USDP,OTC,0001610682,USD PARTNERS,0
1837774,Global Innovative Platforms Inc.,GIPL,OTC,0001837774,GLOBAL INNOVATIVE PLATFORMS,0
1407973,"Sonendo, Inc.",SONX,OTC,0001407973,SONENDO,0
819926,SHARING ECONOMY INTERNATIONAL INC.,SEII,OTC,0000819926,SHARING ECONOMY INTERNATIONAL,0
1394638,"Driveitaway Holdings, Inc.",DWAY,OTC,0001394638,DRIVEITAWAY,0
1622996,"ACRO BIOMEDICAL CO., LTD.",ACBM,OTC,0001622996,ACRO BIOMEDICAL,0
1343465,Sun Pacific Holding Corp.,SNPW,OTC,0001343465,SUN PACIFIC,0
1413909,DSG Global Inc.,DSGT,OTC,0001413909,DSG GLOBAL,0
1782037,MingZhu Logistics Holdings Ltd,YGMZF,OTC,0001782037,MINGZHU LOGISTICS,0
1420368,DLT Resolution Inc.,DLTI,OTC,0001420368,DLT RESOLUTION,0
1671132,Music Licensing Inc.,SONG,OTC,0001671132,MUSIC LICENSING,0
1485074,"Freeze Tag, Inc.",FRZT,OTC,0001485074,FREEZE TAG,0
1722969,"Nxu, Inc.",NXUR,OTC,0001722969,NXU,0
1485003,Carisma Therapeutics Inc.,CARM,OTC,0001485003,CARISMA THERAPEUTICS,0
1706509,Cosmos Group Holdings Inc.,COSG,OTC,0001706509,COSMOS,0
1534254,CION Investment Corp,CICC,NYSE,0001534254,CION INVESTMENT,1
1545236,American Heritage International Inc.,AHII,OTC,0001545236,AMERICAN HERITAGE INTERNATIONAL,0
7789,ASSOCIATED BANC-CORP,ASBA,NYSE,0000007789,ASSOCIATED BANC,1
7789,ASSOCIATED BANC-CORP,ASB-PE,NYSE,0000007789,ASSOCIATED BANC,1
7789,ASSOCIATED BANC-CORP,ASB-PF,NYSE,0000007789,ASSOCIATED BANC,1
11544,BERKLEY W R CORP,WRB-PF,NYSE,0000011544,BERKLEY W R,1
11544,BERKLEY W R CORP,WRB-PG,NYSE,0000011544,BERKLEY W R,1
11544,BERKLEY W R CORP,WRB-PH,NYSE,0000011544,BERKLEY W R,1
12927,BOEING CO,BA-PA,NYSE,0000012927,BOEING,1
13372,NSTAR ELECTRIC CO,NSARO,OTC,0000013372,NSTAR ELECTRIC,0
13372,NSTAR ELECTRIC CO,NSARP,OTC,0000013372,NSTAR ELECTRIC,0
14272,BRISTOL MYERS SQUIBB CO,CELG-RI,NYSE,0000014272,BRISTOL MYERS SQUIBB,1
14930,BRUNSWICK CORP,BC-PC,NYSE,0000014930,BRUNSWICK,1
18654,Ameren Illinois Co,AILIO,OTC,0000018654,AMEREN ILLINOIS,0
18654,Ameren Illinois Co,AILIP,OTC,0000018654,AMEREN ILLINOIS,0
19617,JPMORGAN CHASE & CO,AMJB,NYSE,0000019617,JPMORGAN CHASE,1
19617,JPMORGAN CHASE & CO,JPM-PD,NYSE,0000019617,JPMORGAN CHASE,1
19617,JPMORGAN CHASE & CO,JPM-PJ,NYSE,0000019617,JPMORGAN CHASE,1
19617,JPMORGAN CHASE & CO,JPM-PK,NYSE,0000019617,JPMORGAN CHASE,1
19617,JPMORGAN CHASE & CO,JPM-PL,NYSE,0000019617,JPMORGAN CHASE,1
19617,JPMORGAN CHASE & CO,JPM-PM,NYSE,0000019617,JPMORGAN CHASE,1
19617,JPMORGAN CHASE & CO,VYLD,NYSE,0000019617,JPMORGAN CHASE,1
23795,"CTO Realty Growth, Inc.",CTO-PA,NYSE,0000023795,CTO REALTY GROWTH,1
28917,"DILLARD'S, INC.",DDT,NYSE,0000028917,DILLARD S,1
34903,FEDERAL REALTY INVESTMENT TRUST,FRT-PC,NYSE,0000034903,FEDERAL REALTY INVESTMENT,1
35527,FIFTH THIRD BANCORP,FITBI,Nasdaq,0000035527,FIFTH THIRD,1
35527,FIFTH THIRD BANCORP,FITBM,Nasdaq,0000035527,FIFTH THIRD,1
35527,FIFTH THIRD BANCORP,FITBO,Nasdaq,0000035527,FIFTH THIRD,1
35527,FIFTH THIRD BANCORP,FITBP,Nasdaq,0000035527,FIFTH THIRD,1
36104,US BANCORP DE,USB-PQ,NYSE,0000036104,US DE,1
36104,US BANCORP DE,USB-PR,NYSE,0000036104,US DE,1
36104,US BANCORP DE,USB-PS,NYSE,0000036104,US DE,1
36270,M&T BANK CORP,MTB-PH,NYSE,0000036270,M T,1
36270,M&T BANK CORP,MTB-PJ,NYSE,0000036270,M T,1
36270,M&T BANK CORP,MTB-PK,NYSE,0000036270,M T,1
36966,FIRST HORIZON CORP,FHN-PE,NYSE,0000036966,FIRST HORIZON,1
36966,FIRST HORIZON CORP,FHN-PF,NYSE,0000036966,FIRST HORIZON,1
36966,FIRST HORIZON CORP,FHN-PH,NYSE,0000036966,FIRST HORIZON,1
37996,FORD MOTOR CO,F-PB,NYSE,0000037996,FORD MOTOR,1
37996,FORD MOTOR CO,F-PC,NYSE,0000037996,FORD MOTOR,1
37996,FORD MOTOR CO,F-PD,NYSE,0000037996,FORD MOTOR,1
39263,"CULLEN/FROST BANKERS, INC.",CFR-PB,NYSE,0000039263,CULLEN FROST BANKERS,1
40417,GENERAL AMERICAN INVESTORS CO INC,GAM-PB,NYSE,0000040417,GENERAL AMERICAN INVESTORS,1
46195,BANK OF HAWAII CORP,BOH-PA,NYSE,0000046195,OF HAWAII,1
46195,BANK OF HAWAII CORP,BOH-PB,NYSE,0000046195,OF HAWAII,1
49196,HUNTINGTON BANCSHARES INC /MD/,HBANL,Nasdaq,0000049196,HUNTINGTON BANCSHARES MD,1
49196,HUNTINGTON BANCSHARES INC /MD/,HBANM,Nasdaq,0000049196,HUNTINGTON BANCSHARES MD,1
49196,HUNTINGTON BANCSHARES INC /MD/,HBANP,Nasdaq,0000049196,HUNTINGTON BANCSHARES MD,1
49196,HUNTINGTON BANCSHARES INC /MD/,HBANZ,Nasdaq,0000049196,HUNTINGTON BANCSHARES MD,1
51434,INTERNATIONAL PAPER CO /NEW/,INPAP,OTC,0000051434,INTERNATIONAL PAPER NEW,0
59558,LINCOLN NATIONAL CORP,LNC-PD,NYSE,0000059558,LINCOLN,1
64463,"Soluna Holdings, Inc",SLNHP,Nasdaq,0000064463,SOLUNA,1
66004,MIDDLESEX WATER CO,MSEXP,OTC,0000066004,MIDDLESEX WATER,0
66570,MSA Safety Inc,MNESP,OTC,0000066570,MSA SAFETY,0
68622,QWEST CORP,CTBB,NYSE,0000068622,QWEST,1
68622,QWEST CORP,CTDD,NYSE,0000068622,QWEST,1
70858,BANK OF AMERICA CORP /DE/,BAC-PE,NYSE,0000070858,OF AMERICA DE,1
70858,BANK OF AMERICA CORP /DE/,BAC-PL,NYSE,0000070858,OF AMERICA DE,1
70858,BANK OF AMERICA CORP /DE/,BAC-PM,NYSE,0000070858,OF AMERICA DE,1
70858,BANK OF AMERICA CORP /DE/,BAC-PN,NYSE,0000070858,OF AMERICA DE,1
70858,BANK OF AMERICA CORP /DE/,BAC-PO,NYSE,0000070858,OF AMERICA DE,1
70858,BANK OF AMERICA CORP /DE/,BAC-PP,NYSE,0000070858,OF AMERICA DE,1
70858,BANK OF AMERICA CORP /DE/,BAC-PQ,NYSE,0000070858,OF AMERICA DE,1
70858,BANK OF AMERICA CORP /DE/,BAC-PS,NYSE,0000070858,OF AMERICA DE,1
70858,BANK OF AMERICA CORP /DE/,BACRP,OTC,0000070858,OF AMERICA DE,0
70858,BANK OF AMERICA CORP /DE/,BML-PH,NYSE,0000070858,OF AMERICA DE,1
70858,BANK OF AMERICA CORP /DE/,BML-PJ,NYSE,0000070858,OF AMERICA DE,1
70858,BANK OF AMERICA CORP /DE/,MER-PK,NYSE,0000070858,OF AMERICA DE,1
72573,MOVADO GROUP INC,MOVAA,OTC,0000072573,MOVADO,0
72903,XCEL ENERGY INC,XELLL,Nasdaq,0000072903,XCEL ENERGY,1
72971,WELLS FARGO & COMPANY/MN,WFCNP,OTC,0000072971,WELLS FARGO MN,0
72971,WELLS FARGO & COMPANY/MN,WFC-PA,NYSE,0000072971,WELLS FARGO MN,1
72971,WELLS FARGO & COMPANY/MN,WFC-PD,NYSE,0000072971,WELLS FARGO MN,1
72971,WELLS FARGO & COMPANY/MN,WFC-PZ,NYSE,0000072971,WELLS FARGO MN,1
73124,NORTHERN TRUST CORP,NTRSO,Nasdaq,0000073124,NORTHERN,1
78814,PITNEY BOWES INC /DE/,PBI-PB,NYSE,0000078814,PITNEY BOWES DE,1
81023,PUBLIC SERVICE CO OF NEW MEXICO,PNMXO,OTC,0000081023,PUBLIC OF NEW MEXICO,0
88948,Seneca Foods Corp,SENEL,OTC,0000088948,SENECA FOODS,0
88948,Seneca Foods Corp,SENEM,OTC,0000088948,SENECA FOODS,0
91576,KEYCORP /NEW/,KEY-PJ,NYSE,0000091576,KEYCORP NEW,1
91576,KEYCORP /NEW/,KEY-PL,NYSE,0000091576,KEYCORP NEW,1
92103,SOUTHERN CALIFORNIA EDISON Co,SCE-PG,NYSE,0000092103,SOUTHERN CALIFORNIA EDISON,1
92103,SOUTHERN CALIFORNIA EDISON Co,SCE-PL,NYSE,0000092103,SOUTHERN CALIFORNIA EDISON,1
92103,SOUTHERN CALIFORNIA EDISON Co,SCE-PM,NYSE,0000092103,SOUTHERN CALIFORNIA EDISON,1
92103,SOUTHERN CALIFORNIA EDISON Co,SCE-PN,NYSE,0000092103,SOUTHERN CALIFORNIA EDISON,1
92108,SOUTHERN CALIFORNIA GAS CO,SOCGM,OTC,0000092108,SOUTHERN CALIFORNIA GAS,0
92108,SOUTHERN CALIFORNIA GAS CO,SOCGP,OTC,0000092108,SOUTHERN CALIFORNIA GAS,0
92122,SOUTHERN CO,SOJD,NYSE,0000092122,SOUTHERN,1
92122,SOUTHERN CO,SOJE,NYSE,0000092122,SOUTHERN,1
92122,SOUTHERN CO,SOJF,NYSE,0000092122,SOUTHERN,1
92122,SOUTHERN CO,SOMN,NYSE,0000092122,SOUTHERN,1
92230,TRUIST FINANCIAL CORP,TFC-PI,NYSE,0000092230,TRUIST,1
92230,TRUIST FINANCIAL CORP,TFC-PO,NYSE,0000092230,TRUIST,1
92230,TRUIST FINANCIAL CORP,TFC-PR,NYSE,0000092230,TRUIST,1
98222,TIDEWATER INC,TDDWW,OTC,0000098222,TIDEWATER,0
98222,TIDEWATER INC,TDGMW,OTC,0000098222,TIDEWATER,0
99070,TRANSCANADA PIPELINES LTD,TCPA,NYSE,0000099070,TRANSCANADA PIPELINES,1
100826,UNION ELECTRIC CO,UEPCO,OTC,0000100826,UNION ELECTRIC,0
100826,UNION ELECTRIC CO,UEPEM,OTC,0000100826,UNION ELECTRIC,0
101382,UMB FINANCIAL CORP,UMBFO,Nasdaq,0000101382,UMB,1
102752,VSE CORP,VSECU,Nasdaq,0000102752,VSE,1
106640,WHIRLPOOL CORP /DE/,WHR-PA,NYSE,0000106640,WHIRLPOOL DE,1
107815,WISCONSIN ELECTRIC POWER CO,WELPM,OTC,0000107815,WISCONSIN ELECTRIC POWER,0
109380,"ZIONS BANCORPORATION, NATIONAL ASSOCIATION /UT/",ZIONP,Nasdaq,0000109380,ZIONS UT,1
203596,WESBANCO INC,WSBCO,Nasdaq,0000203596,WESBANCO,1
230557,SELECTIVE INSURANCE GROUP INC,SIGIP,Nasdaq,0000230557,SELECTIVE INSURANCE,1
310522,FEDERAL NATIONAL MORTGAGE ASSOCIATION FANNIE MAE,FNMAH,OTC,0000310522,FEDERAL MORTGAGE FANNIE MAE,0
310522,FEDERAL NATIONAL MORTGAGE ASSOCIATION FANNIE MAE,FNMAJ,OTC,0000310522,FEDERAL MORTGAGE FANNIE MAE,0
310522,FEDERAL NATIONAL MORTGAGE ASSOCIATION FANNIE MAE,FNMAP,OTC,0000310522,FEDERAL MORTGAGE FANNIE MAE,0
310522,FEDERAL NATIONAL MORTGAGE ASSOCIATION FANNIE MAE,FNMAS,OTC,0000310522,FEDERAL MORTGAGE FANNIE MAE,0
312070,BARCLAYS BANK PLC,ATMP,CBOE,0000312070,BARCLAYS,0
312070,BARCLAYS BANK PLC,BWVTF,OTC,0000312070,BARCLAYS,0
312070,BARCLAYS BANK PLC,DJP,NYSE,0000312070,BARCLAYS,1
312070,BARCLAYS BANK PLC,GBUG,Nasdaq,0000312070,BARCLAYS,1
312070,BARCLAYS BANK PLC,GRN,NYSE,0000312070,BARCLAYS,1
312070,BARCLAYS BANK PLC,JJETF,OTC,0000312070,BARCLAYS,0
312070,BARCLAYS BANK PLC,TAPR,CBOE,0000312070,BARCLAYS,0
312070,BARCLAYS BANK PLC,VXX,CBOE,0000312070,BARCLAYS,0
312070,BARCLAYS BANK PLC,VXZ,CBOE,0000312070,BARCLAYS,0
313807,BP PLC,BPPFF,OTC,0000313807,BP,0
314489,FIRST BUSEY CORP /NV/,BUSEP,Nasdaq,0000314489,FIRST BUSEY NV,1
314808,Valaris Ltd,VAL-WT,NYSE,0000314808,VALARIS,1
316709,SCHWAB CHARLES CORP,SCHW-PD,NYSE,0000316709,SCHWAB CHARLES,1
316709,SCHWAB CHARLES CORP,SCHW-PJ,NYSE,0000316709,SCHWAB CHARLES,1
320335,GLOBE LIFE INC.,GL-PD,NYSE,0000320335,GLOBE LIFE,1
353184,AIR T INC,AIRTP,Nasdaq,0000353184,AIR T,1
357294,HOVNANIAN ENTERPRISES INC,HOVNP,Nasdaq,0000357294,HOVNANIAN ENTERPRISES,1
700564,FULTON FINANCIAL CORP,FULTP,Nasdaq,0000700564,FULTON,1
701818,KINROSS GOLD CORP,KGCRF,OTC,0000701818,KINROSS GOLD,0
707179,OLD NATIONAL BANCORP /IN/,ONBPO,Nasdaq,0000707179,OLD IN,1
707179,OLD NATIONAL BANCORP /IN/,ONBPP,Nasdaq,0000707179,OLD IN,1
712534,FIRST MERCHANTS CORP,FRMEP,Nasdaq,0000712534,FIRST MERCHANTS,1
712771,"ConnectOne Bancorp, Inc.",CNOBP,Nasdaq,0000712771,CONNECTONE,1
714310,VALLEY NATIONAL BANCORP,VLYPN,Nasdaq,0000714310,VALLEY,1
718940,BCE INC,BCAEF,OTC,0000718940,BCE,0
718940,BCE INC,BCEFF,OTC,0000718940,BCE,0
718940,BCE INC,BCEIF,OTC,0000718940,BCE,0
718940,BCE INC,BCENF,OTC,0000718940,BCE,0
718940,BCE INC,BCEPF,OTC,0000718940,BCE,0
718940,BCE INC,BCEXF,OTC,0000718940,BCE,0
718940,BCE INC,BCPPF,OTC,0000718940,BCE,0
719245,WESTPAC BANKING CORP,WBKCY,OTC,0000719245,WESTPAC BANKING,0
720672,STIFEL FINANCIAL CORP,SFB,NYSE,0000720672,STIFEL,1
720672,STIFEL FINANCIAL CORP,SF-PC,NYSE,0000720672,STIFEL,1
720672,STIFEL FINANCIAL CORP,SF-PD,NYSE,0000720672,STIFEL,1
725394,"Dalrada Technology Group, Inc.",DHTI,OTC,0000725394,DALRADA TECHNOLOGY,0
727273,CADIZ INC,CDZIP,Nasdaq,0000727273,CADIZ,1
732717,AT&T INC.,T-PA,NYSE,0000732717,AT T,1
732717,AT&T INC.,T-PC,NYSE,0000732717,AT T,1
736772,CNB FINANCIAL CORP/PA,CCNEP,Nasdaq,0000736772,CNB PA,1
748592,Ernexa Therapeutics Inc.,ERNAW,Nasdaq,0000748592,ERNEXA THERAPEUTICS,1
750004,"Light & Wonder, Inc.",LAWIL,OTC,0000750004,LIGHT WONDER,0
750004,"Light & Wonder, Inc.",LNWO,OTC,0000750004,LIGHT WONDER,0
750577,HANCOCK WHITNEY CORP,HWCPZ,Nasdaq,0000750577,HANCOCK WHITNEY,1
753308,NEXTERA ENERGY INC,NEE-PN,NYSE,0000753308,NEXTERA ENERGY,1
753308,NEXTERA ENERGY INC,NEE-PS,NYSE,0000753308,NEXTERA ENERGY,1
753308,NEXTERA ENERGY INC,NEE-PT,NYSE,0000753308,NEXTERA ENERGY,1
753308,NEXTERA ENERGY INC,NEE-PU,NYSE,0000753308,NEXTERA ENERGY,1
753308,NEXTERA ENERGY INC,NEE-PV,NYSE,0000753308,NEXTERA ENERGY,1
753308,NEXTERA ENERGY INC,NEE-PW,NYSE,0000753308,NEXTERA ENERGY,1
759944,CITIZENS FINANCIAL GROUP INC/RI,CFG-PE,NYSE,0000759944,CITIZENS RI,1
759944,CITIZENS FINANCIAL GROUP INC/RI,CFG-PH,NYSE,0000759944,CITIZENS RI,1
759944,CITIZENS FINANCIAL GROUP INC/RI,CFG-PI,NYSE,0000759944,CITIZENS RI,1
760498,BANCFIRST CORP /OK/,BANFP,Nasdaq,0000760498,BANCFIRST OK,1
761648,"CEDAR REALTY TRUST, INC.",CDR-PB,NYSE,0000761648,CEDAR REALTY,1
761648,"CEDAR REALTY TRUST, INC.",CDR-PC,NYSE,0000761648,CEDAR REALTY,1
763901,"POPULAR, INC.",BPOPM,Nasdaq,0000763901,POPULAR,1
769218,AEGON LTD.,AEFC,NYSE,0000769218,AEGON,1
769594,NIPPON TELEGRAPH & TELEPHONE CORP,NPPXF,OTC,0000769594,NIPPON TELEGRAPH TELEPHONE,0
771992,PAN AMERICAN SILVER CORP,PAASF,OTC,0000771992,PAN AMERICAN SILVER,0
790500,"ABRDN ASIA-PACIFIC INCOME FUND, INC.",ABAKF,OTC,0000790500,ABRDN ASIA PACIFIC INCOME FUND,0
791908,XOMA Royalty Corp,XOMAO,Nasdaq,0000791908,XOMA ROYALTY,1
791908,XOMA Royalty Corp,XOMAP,Nasdaq,0000791908,XOMA ROYALTY,1
793040,ELLSWORTH GROWTH & INCOME FUND LTD,ECF-PA,NYSE,0000793040,ELLSWORTH GROWTH INCOME FUND,1
793742,HACHIJUNI BANK LTD,HACBF,OTC,0000793742,HACHIJUNI,0
794685,GABELLI EQUITY TRUST INC,GAB-PG,NYSE,0000794685,GABELLI EQUITY,1
794685,GABELLI EQUITY TRUST INC,GAB-PH,NYSE,0000794685,GABELLI EQUITY,1
794685,GABELLI EQUITY TRUST INC,GAB-PK,NYSE,0000794685,GABELLI EQUITY,1
797468,OCCIDENTAL PETROLEUM CORP /DE/,OXY-WT,NYSE,0000797468,OCCIDENTAL PETROLEUM DE,1
798941,FIRST CITIZENS BANCSHARES INC /DE/,FCNCN,Nasdaq,0000798941,FIRST CITIZENS BANCSHARES DE,1
798941,FIRST CITIZENS BANCSHARES INC /DE/,FCNCO,Nasdaq,0000798941,FIRST CITIZENS BANCSHARES DE,1
798941,FIRST CITIZENS BANCSHARES INC /DE/,FCNCP,Nasdaq,0000798941,FIRST CITIZENS BANCSHARES DE,1
801337,WEBSTER FINANCIAL CORP,WBS-PG,NYSE,0000801337,WEBSTER,1
811156,CMS ENERGY CORP,CMSC,NYSE,0000811156,CMS ENERGY,1
811156,CMS ENERGY CORP,CMSD,NYSE,0000811156,CMS ENERGY,1
811156,CMS ENERGY CORP,CMS-PC,NYSE,0000811156,CMS ENERGY,1
814052,TELEFONICA S A,TELFY,OTC,0000814052,TELEFONICA S,0
821130,"ARRAY DIGITAL INFRASTRUCTURE, INC.",UZD,NYSE,0000821130,ARRAY DIGITAL INFRASTRUCTURE,1
821130,"ARRAY DIGITAL INFRASTRUCTURE, INC.",UZE,NYSE,0000821130,ARRAY DIGITAL INFRASTRUCTURE,1
821130,"ARRAY DIGITAL INFRASTRUCTURE, INC.",UZF,NYSE,0000821130,ARRAY DIGITAL INFRASTRUCTURE,1
823277,CHS INC,CHSCL,Nasdaq,0000823277,CHS,1
823277,CHS INC,CHSCM,Nasdaq,0000823277,CHS,1
823277,CHS INC,CHSCN,Nasdaq,0000823277,CHS,1
823277,CHS INC,CHSCO,Nasdaq,0000823277,CHS,1
826675,DYNEX CAPITAL INC,DX-PC,NYSE,0000826675,DYNEX CAPITAL,1
827054,MICROCHIP TECHNOLOGY INC,MCHPP,Nasdaq,0000827054,MICROCHIP TECHNOLOGY,1
827876,"CLEANSPARK, INC.",CLSKW,Nasdaq,0000827876,CLEANSPARK,1
831001,CITIGROUP INC,C-PN,NYSE,0000831001,CITIGROUP,1
831001,CITIGROUP INC,C-PR,NYSE,0000831001,CITIGROUP,1
831609,C21 Investments Inc.,CWLXF,OTC,0000831609,C21 INVESTMENTS,0
842622,WESTERN EXPLORATION INC.,WEXPF,OTC,0000842622,WESTERN EXPLORATION,0
845877,FEDERAL AGRICULTURAL MORTGAGE CORP,AGM-PD,NYSE,0000845877,FEDERAL AGRICULTURAL MORTGAGE,1
845877,FEDERAL AGRICULTURAL MORTGAGE CORP,AGM-PE,NYSE,0000845877,FEDERAL AGRICULTURAL MORTGAGE,1
845877,FEDERAL AGRICULTURAL MORTGAGE CORP,AGM-PF,NYSE,0000845877,FEDERAL AGRICULTURAL MORTGAGE,1
845877,FEDERAL AGRICULTURAL MORTGAGE CORP,AGM-PG,NYSE,0000845877,FEDERAL AGRICULTURAL MORTGAGE,1
845877,FEDERAL AGRICULTURAL MORTGAGE CORP,AGM-PH,NYSE,0000845877,FEDERAL AGRICULTURAL MORTGAGE,1
845877,FEDERAL AGRICULTURAL MORTGAGE CORP,FDAGV,OTC,0000845877,FEDERAL AGRICULTURAL MORTGAGE,0
846617,"Dime Community Bancshares, Inc. /NY/",DCBG,NYSE,0000846617,DIME COMMUNITY BANCSHARES NY,1
846617,"Dime Community Bancshares, Inc. /NY/",DCOM-P,NYSE,0000846617,DIME COMMUNITY BANCSHARES NY,1
849399,Gen Digital Inc.,GENVR,Nasdaq,0000849399,GEN DIGITAL,1
850918,GREAT-WEST LIFECO INC.,GRWFF,OTC,0000850918,GREAT WEST LIFECO,0
850918,GREAT-WEST LIFECO INC.,GRWLF,OTC,0000850918,GREAT WEST LIFECO,0
850918,GREAT-WEST LIFECO INC.,GRWTF,OTC,0000850918,GREAT WEST LIFECO,0
850918,GREAT-WEST LIFECO INC.,GWLPF,OTC,0000850918,GREAT WEST LIFECO,0
860748,KEMPER Corp,KMPB,NYSE,0000860748,KEMPER,1
861967,WOLTERS KLUWER N V /FI,WOLTF,OTC,0000861967,WOLTERS KLUWER V FI,0
862651,"Investview, Inc.",INVUP,OTC,0000862651,INVESTVIEW,0
862831,FINANCIAL INSTITUTIONS INC,FIISO,OTC,0000862831,INSTITUTIONS,0
862831,FINANCIAL INSTITUTIONS INC,FIISP,OTC,0000862831,INSTITUTIONS,0
874766,"HARTFORD INSURANCE GROUP, INC.",HIG-PG,NYSE,0000874766,HARTFORD INSURANCE,1
876779,MAGIC SOFTWARE ENTERPRISES LTD,RMTHF,OTC,0000876779,MAGIC SOFTWARE ENTERPRISES,0
879101,KIMCO REALTY CORP,KIM-PL,NYSE,0000879101,KIMCO REALTY,1
879101,KIMCO REALTY CORP,KIM-PM,NYSE,0000879101,KIMCO REALTY,1
879101,KIMCO REALTY CORP,KIM-PN,NYSE,0000879101,KIMCO REALTY,1
879911,"APPLIED ENERGETICS, INC.",AERGP,OTC,0000879911,APPLIED ENERGETICS,0
883948,Atlantic Union Bankshares Corp,AUB-PA,NYSE,0000883948,ATLANTIC UNION BANKSHARES,1
886128,FUELCELL ENERGY INC,FCELB,OTC,0000886128,FUELCELL ENERGY,0
886163,LIGAND PHARMACEUTICALS INC,LGNDZ,OTC,0000886163,LIGAND PHARMACEUTICALS,0
886163,LIGAND PHARMACEUTICALS INC,LGNXZ,OTC,0000886163,LIGAND PHARMACEUTICALS,0
886163,LIGAND PHARMACEUTICALS INC,LGNYZ,OTC,0000886163,LIGAND PHARMACEUTICALS,0
886163,LIGAND PHARMACEUTICALS INC,LGNZZ,OTC,0000886163,LIGAND PHARMACEUTICALS,0
886982,GOLDMAN SACHS GROUP INC,GSCE,OTC,0000886982,GOLDMAN SACHS,0
886982,GOLDMAN SACHS GROUP INC,GS-PA,NYSE,0000886982,GOLDMAN SACHS,1
886982,GOLDMAN SACHS GROUP INC,GS-PC,NYSE,0000886982,GOLDMAN SACHS,1
886982,GOLDMAN SACHS GROUP INC,GS-PD,NYSE,0000886982,GOLDMAN SACHS,1
895421,MORGAN STANLEY,MS-PA,NYSE,0000895421,MORGAN STANLEY,1
895421,MORGAN STANLEY,MS-PF,NYSE,0000895421,MORGAN STANLEY,1
895421,MORGAN STANLEY,MS-PI,NYSE,0000895421,MORGAN STANLEY,1
895421,MORGAN STANLEY,MS-PL,NYSE,0000895421,MORGAN STANLEY,1
895421,MORGAN STANLEY,MS-PO,NYSE,0000895421,MORGAN STANLEY,1
895421,MORGAN STANLEY,MS-PP,NYSE,0000895421,MORGAN STANLEY,1
895421,MORGAN STANLEY,MS-PQ,NYSE,0000895421,MORGAN STANLEY,1
895728,ENBRIDGE INC,EBBGF,OTC,0000895728,ENBRIDGE,0
895728,ENBRIDGE INC,EBGEF,OTC,0000895728,ENBRIDGE,0
895728,ENBRIDGE INC,EBRGF,OTC,0000895728,ENBRIDGE,0
895728,ENBRIDGE INC,EBRZF,OTC,0000895728,ENBRIDGE,0
895728,ENBRIDGE INC,ENBFF,OTC,0000895728,ENBRIDGE,0
895728,ENBRIDGE INC,ENBGF,OTC,0000895728,ENBRIDGE,0
895728,ENBRIDGE INC,ENBHF,OTC,0000895728,ENBRIDGE,0
895728,ENBRIDGE INC,ENBMF,OTC,0000895728,ENBRIDGE,0
895728,ENBRIDGE INC,ENBNF,OTC,0000895728,ENBRIDGE,0
895728,ENBRIDGE INC,ENBOF,OTC,0000895728,ENBRIDGE,0
895728,ENBRIDGE INC,ENBRF,OTC,0000895728,ENBRIDGE,0
895728,ENBRIDGE INC,ENBSF,OTC,0000895728,ENBRIDGE,0
895728,ENBRIDGE INC,ENFFF,OTC,0000895728,ENBRIDGE,0
895728,ENBRIDGE INC,ENNPF,OTC,0000895728,ENBRIDGE,0
896493,"Hyperscale Data, Inc.",GPUS-PD,NYSE,0000896493,HYPERSCALE DATA,1
897802,"SPECIAL OPPORTUNITIES FUND, INC.",SPE-PC,NYSE,0000897802,SPECIAL OPPORTUNITIES FUND,1
898174,REINSURANCE GROUP OF AMERICA INC,RZB,NYSE,0000898174,REINSURANCE OF AMERICA,1
898174,REINSURANCE GROUP OF AMERICA INC,RZC,NYSE,0000898174,REINSURANCE OF AMERICA,1
899051,ALLSTATE CORP,ALL-PB,NYSE,0000899051,ALLSTATE,1
899051,ALLSTATE CORP,ALL-PI,NYSE,0000899051,ALLSTATE,1
899051,ALLSTATE CORP,ALL-PJ,NYSE,0000899051,ALLSTATE,1
899689,VORNADO REALTY TRUST,VNO-PN,NYSE,0000899689,VORNADO REALTY,1
899689,VORNADO REALTY TRUST,VNO-PO,NYSE,0000899689,VORNADO REALTY,1
907254,"SAUL CENTERS, INC.",BFS-PE,NYSE,0000907254,SAUL CENTERS,1
909112,TEMPLETON EMERGING MARKETS INCOME FUND,TXEMF,OTC,0000909112,TEMPLETON EMERGING MARKETS INCOME FUND,0
910073,"FLAGSTAR BANK, NATIONAL ASSOCIATION",FLG-PA,NYSE,0000910073,FLAGSTAR,1
910073,"FLAGSTAR BANK, NATIONAL ASSOCIATION",FLG-PU,NYSE,0000910073,FLAGSTAR,1
910606,REGENCY CENTERS CORP,REGCO,Nasdaq,0000910606,REGENCY CENTERS,1
910606,REGENCY CENTERS CORP,REGCP,Nasdaq,0000910606,REGENCY CENTERS,1
911421,PARTNERRE LTD,PREJF,OTC,0000911421,PARTNERRE,0
912958,MILLICOM INTERNATIONAL CELLULAR SA,MLCMF,OTC,0000912958,MILLICOM INTERNATIONAL CELLULAR SA,0
913144,RENAISSANCERE HOLDINGS LTD,RNR-PF,NYSE,0000913144,RENAISSANCERE,1
913144,RENAISSANCERE HOLDINGS LTD,RNR-PG,NYSE,0000913144,RENAISSANCERE,1
915913,ALBEMARLE CORP,ALB-PA,NYSE,0000915913,ALBEMARLE,1
917251,AGREE REALTY CORP,ADC-PA,NYSE,0000917251,AGREE REALTY,1
921671,GABELLI MULTIMEDIA TRUST INC.,GGT-PG,NYSE,0000921671,GABELLI MULTIMEDIA,1
922224,PPL Corp,PPLC,NYSE,0000922224,PPL,1
927628,CAPITAL ONE FINANCIAL CORP,COF-PI,NYSE,0000927628,CAPITAL ONE,1
927628,CAPITAL ONE FINANCIAL CORP,COF-PJ,NYSE,0000927628,CAPITAL ONE,1
927628,CAPITAL ONE FINANCIAL CORP,COF-PK,NYSE,0000927628,CAPITAL ONE,1
927628,CAPITAL ONE FINANCIAL CORP,COF-PL,NYSE,0000927628,CAPITAL ONE,1
927628,CAPITAL ONE FINANCIAL CORP,COF-PN,NYSE,0000927628,CAPITAL ONE,1
927971,BANK OF MONTREAL /CAN/,BERZ,NYSE,0000927971,OF MONTREAL CAN,1
927971,BANK OF MONTREAL /CAN/,BNKD,NYSE,0000927971,OF MONTREAL CAN,1
927971,BANK OF MONTREAL /CAN/,BNKU,NYSE,0000927971,OF MONTREAL CAN,1
927971,BANK OF MONTREAL /CAN/,BULZ,NYSE,0000927971,OF MONTREAL CAN,1
927971,BANK OF MONTREAL /CAN/,CARD,NYSE,0000927971,OF MONTREAL CAN,1
927971,BANK OF MONTREAL /CAN/,CARU,NYSE,0000927971,OF MONTREAL CAN,1
927971,BANK OF MONTREAL /CAN/,DULL,NYSE,0000927971,OF MONTREAL CAN,1
927971,BANK OF MONTREAL /CAN/,FLYD,NYSE,0000927971,OF MONTREAL CAN,1
927971,BANK OF MONTREAL /CAN/,FLYU,NYSE,0000927971,OF MONTREAL CAN,1
927971,BANK OF MONTREAL /CAN/,FNGO,NYSE,0000927971,OF MONTREAL CAN,1
927971,BANK OF MONTREAL /CAN/,FNGS,NYSE,0000927971,OF MONTREAL CAN,1
927971,BANK OF MONTREAL /CAN/,FNGU,NYSE,0000927971,OF MONTREAL CAN,1
927971,BANK OF MONTREAL /CAN/,GDXD,NYSE,0000927971,OF MONTREAL CAN,1
927971,BANK OF MONTREAL /CAN/,GDXU,NYSE,0000927971,OF MONTREAL CAN,1
927971,BANK OF MONTREAL /CAN/,JETD,NYSE,0000927971,OF MONTREAL CAN,1
927971,BANK OF MONTREAL /CAN/,JETU,NYSE,0000927971,OF MONTREAL CAN,1
927971,BANK OF MONTREAL /CAN/,NRGD,NYSE,0000927971,OF MONTREAL CAN,1
927971,BANK OF MONTREAL /CAN/,NRGU,NYSE,0000927971,OF MONTREAL CAN,1
927971,BANK OF MONTREAL /CAN/,OILD,NYSE,0000927971,OF MONTREAL CAN,1
927971,BANK OF MONTREAL /CAN/,OILU,NYSE,0000927971,OF MONTREAL CAN,1
927971,BANK OF MONTREAL /CAN/,SHNY,NYSE,0000927971,OF MONTREAL CAN,1
927971,BANK OF MONTREAL /CAN/,WTID,NYSE,0000927971,OF MONTREAL CAN,1
927971,BANK OF MONTREAL /CAN/,WTIU,NYSE,0000927971,OF MONTREAL CAN,1
930236,REDWOOD TRUST INC,RWTN,NYSE,0000930236,REDWOOD,1
930236,REDWOOD TRUST INC,RWTO,NYSE,0000930236,REDWOOD,1
930236,REDWOOD TRUST INC,RWTP,NYSE,0000930236,REDWOOD,1
930236,REDWOOD TRUST INC,RWT-PA,NYSE,0000930236,REDWOOD,1
930236,REDWOOD TRUST INC,RWTQ,NYSE,0000930236,REDWOOD,1
936340,DTE ENERGY CO,DTB,NYSE,0000936340,DTE ENERGY,1
936340,DTE ENERGY CO,DTG,NYSE,0000936340,DTE ENERGY,1
936340,DTE ENERGY CO,DTK,NYSE,0000936340,DTE ENERGY,1
936528,WAFD INC,WAFDP,Nasdaq,0000936528,WAFD,1
947263,TORONTO DOMINION BANK,TDBCP,OTC,0000947263,TORONTO DOMINION,0
947484,ARCH CAPITAL GROUP LTD.,ACGLN,Nasdaq,0000947484,ARCH CAPITAL,1
947484,ARCH CAPITAL GROUP LTD.,ACGLO,Nasdaq,0000947484,ARCH CAPITAL,1
948320,"LifeMD, Inc.",LFMDP,Nasdaq,0000948320,LIFEMD,1
1000209,MEDALLION FINANCIAL CORP,MBNKO,Nasdaq,0001000209,MEDALLION,1
1000275,ROYAL BANK OF CANADA,RYLBF,OTC,0001000275,ROYAL OF CANADA,0
1001085,BROOKFIELD Corp /ON/,BAMKF,OTC,0001001085,BROOKFIELD ON,0
1001085,BROOKFIELD Corp /ON/,BKAMF,OTC,0001001085,BROOKFIELD ON,0
1001085,BROOKFIELD Corp /ON/,BKFAF,OTC,0001001085,BROOKFIELD ON,0
1001085,BROOKFIELD Corp /ON/,BKFDF,OTC,0001001085,BROOKFIELD ON,0
1001085,BROOKFIELD Corp /ON/,BKFOF,OTC,0001001085,BROOKFIELD ON,0
1001085,BROOKFIELD Corp /ON/,BKFPF,OTC,0001001085,BROOKFIELD ON,0
1001085,BROOKFIELD Corp /ON/,BKPA,OTC,0001001085,BROOKFIELD ON,0
1001085,BROOKFIELD Corp /ON/,BNH,NYSE,0001001085,BROOKFIELD ON,1
1001085,BROOKFIELD Corp /ON/,BNJ,NYSE,0001001085,BROOKFIELD ON,1
1001085,BROOKFIELD Corp /ON/,BRCFF,OTC,0001001085,BROOKFIELD ON,0
1001085,BROOKFIELD Corp /ON/,BRFAF,OTC,0001001085,BROOKFIELD ON,0
1001085,BROOKFIELD Corp /ON/,BRFCF,OTC,0001001085,BROOKFIELD ON,0
1001085,BROOKFIELD Corp /ON/,BROXF,OTC,0001001085,BROOKFIELD ON,0
1001085,BROOKFIELD Corp /ON/,BRPSF,OTC,0001001085,BROOKFIELD ON,0
1001085,BROOKFIELD Corp /ON/,BXDIF,OTC,0001001085,BROOKFIELD ON,0
1004315,NATIONAL GRID PLC,NEWEN,OTC,0001004315,GRID,0
1004315,NATIONAL GRID PLC,NMKBP,OTC,0001004315,GRID,0
1004315,NATIONAL GRID PLC,NMKCP,OTC,0001004315,GRID,0
1004315,NATIONAL GRID PLC,NMPWP,OTC,0001004315,GRID,0
1004434,"AFFILIATED MANAGERS GROUP, INC.",MGR,NYSE,0001004434,AFFILIATED MANAGERS,1
1004434,"AFFILIATED MANAGERS GROUP, INC.",MGRB,NYSE,0001004434,AFFILIATED MANAGERS,1
1004434,"AFFILIATED MANAGERS GROUP, INC.",MGRD,NYSE,0001004434,AFFILIATED MANAGERS,1
1004434,"AFFILIATED MANAGERS GROUP, INC.",MGRE,NYSE,0001004434,AFFILIATED MANAGERS,1
1004724,"REGIONAL HEALTH PROPERTIES, INC",RHEPA,OTC,0001004724,REGIONAL HEALTH PROPERTIES,0
1004724,"REGIONAL HEALTH PROPERTIES, INC",RHEPB,OTC,0001004724,REGIONAL HEALTH PROPERTIES,0
1004724,"REGIONAL HEALTH PROPERTIES, INC",RHEPZ,OTC,0001004724,REGIONAL HEALTH PROPERTIES,0
1004980,PG&E Corp,PCG-PA,NYSE,0001004980,PG E,1
1004980,PG&E Corp,PCG-PB,NYSE,0001004980,PG E,1
1004980,PG&E Corp,PCG-PX,NYSE,0001004980,PG E,1
1014763,"Ainos, Inc.",AIMDW,Nasdaq,0001014763,AINOS,1
1015328,WINTRUST FINANCIAL CORP,WTFCN,Nasdaq,0001015328,WINTRUST,1
1015383,Outdoor Holding Co,POWWP,Nasdaq,0001015383,OUTDOOR,1
1023458,AEI INCOME & GROWTH FUND XXII LTD PARTNERSHIP,XAEIU,OTC,0001023458,AEI INCOME GROWTH FUND XXII PARTNERSHIP,0
1025835,ENTERPRISE FINANCIAL SERVICES CORP,EFSCP,Nasdaq,0001025835,ENTERPRISE,1
1026214,FEDERAL HOME LOAN MORTGAGE CORP,FMCCI,OTC,0001026214,FEDERAL HOME LOAN MORTGAGE,0
1026214,FEDERAL HOME LOAN MORTGAGE CORP,FMCCT,OTC,0001026214,FEDERAL HOME LOAN MORTGAGE,0
1026214,FEDERAL HOME LOAN MORTGAGE CORP,FMCKI,OTC,0001026214,FEDERAL HOME LOAN MORTGAGE,0
1026214,FEDERAL HOME LOAN MORTGAGE CORP,FMCKK,OTC,0001026214,FEDERAL HOME LOAN MORTGAGE,0
1026214,FEDERAL HOME LOAN MORTGAGE CORP,FREJP,OTC,0001026214,FEDERAL HOME LOAN MORTGAGE,0
1032208,SEMPRA,SREA,NYSE,0001032208,SEMPRA,1
1038143,ORANGE,ORANY,OTC,0001038143,ORANGE,0
1039610,EDP ENERGIAS DE PORTUGAL SA,ELCPF,OTC,0001039610,EDP ENERGIAS DE PORTUGAL SA,0
1039828,American National Group Inc.,ANG-PD,NYSE,0001039828,AMERICAN,1
1042046,AMERICAN FINANCIAL GROUP INC,AFGB,NYSE,0001042046,AMERICAN,1
1042046,AMERICAN FINANCIAL GROUP INC,AFGC,NYSE,0001042046,AMERICAN,1
1042046,AMERICAN FINANCIAL GROUP INC,AFGD,NYSE,0001042046,AMERICAN,1
1042046,AMERICAN FINANCIAL GROUP INC,AFGE,NYSE,0001042046,AMERICAN,1
1043219,ANNALY CAPITAL MANAGEMENT INC,NLY-PF,NYSE,0001043219,ANNALY CAPITAL MANAGEMENT,1
1043219,ANNALY CAPITAL MANAGEMENT INC,NLY-PG,NYSE,0001043219,ANNALY CAPITAL MANAGEMENT,1
1043219,ANNALY CAPITAL MANAGEMENT INC,NLY-PI,NYSE,0001043219,ANNALY CAPITAL MANAGEMENT,1
1043219,ANNALY CAPITAL MANAGEMENT INC,NLY-PJ,NYSE,0001043219,ANNALY CAPITAL MANAGEMENT,1
1045450,EPR PROPERTIES,EPR-PC,NYSE,0001045450,EPR PROPERTIES,1
1045450,EPR PROPERTIES,EPR-PE,NYSE,0001045450,EPR PROPERTIES,1
1045450,EPR PROPERTIES,EPR-PG,NYSE,0001045450,EPR PROPERTIES,1
1045520,CANADIAN IMPERIAL BANK OF COMMERCE /CAN/,CNDIF,OTC,0001045520,CANADIAN IMPERIAL OF COMMERCE CAN,0
1045609,"Prologis, Inc.",PLDGP,OTC,0001045609,PROLOGIS,0
1050446,Strategy Inc,STRD,Nasdaq,0001050446,STRATEGY,1
1050446,Strategy Inc,STRF,Nasdaq,0001050446,STRATEGY,1
1050446,Strategy Inc,STRK,Nasdaq,0001050446,STRATEGY,1
1051512,TELEPHONE & DATA SYSTEMS INC /DE/,TDS-PU,NYSE,0001051512,TELEPHONE DATA SYSTEMS DE,1
1051512,TELEPHONE & DATA SYSTEMS INC /DE/,TDS-PV,NYSE,0001051512,TELEPHONE DATA SYSTEMS DE,1
1053092,CREDIT SUISSE AG,GLDI,Nasdaq,0001053092,CREDIT SUISSE AG,1
1053092,CREDIT SUISSE AG,SLVO,Nasdaq,0001053092,CREDIT SUISSE AG,1
1053092,CREDIT SUISSE AG,USOI,Nasdaq,0001053092,CREDIT SUISSE AG,1
1055160,"MFA FINANCIAL, INC.",MFAN,NYSE,0001055160,MFA,1
1055160,"MFA FINANCIAL, INC.",MFAO,NYSE,0001055160,MFA,1
1055160,"MFA FINANCIAL, INC.",MFA-PB,NYSE,0001055160,MFA,1
1055160,"MFA FINANCIAL, INC.",MFA-PC,NYSE,0001055160,MFA,1
1058307,NextPlat Corp,NXPLW,Nasdaq,0001058307,NEXTPLAT,1
1058623,CUMULUS MEDIA INC,CMLSQ,OTC,0001058623,CUMULUS MEDIA,0
1061219,ENTERPRISE PRODUCTS PARTNERS L.P.,EPDU,OTC,0001061219,ENTERPRISE PRODUCTS PARTNERS L P,0
1065823,FIRST NILES FINANCIAL INC,FNFPA,OTC,0001065823,FIRST NILES,0
1066764,Bimergen Energy Corp,BESS-WT,NYSE,0001066764,BIMERGEN ENERGY,1
1069336,SWISSCOM AG,SWZCF,OTC,0001069336,SWISSCOM AG,0
1070050,AppTech Payments Corp.,APCXW,OTC,0001070050,APPTECH PAYMENTS,0
1070423,PLAINS ALL AMERICAN PIPELINE LP,PAAPU,OTC,0001070423,PLAINS ALL AMERICAN PIPELINE,0
1075124,THOMSON REUTERS CORP /CAN/,TMSOF,OTC,0001075124,THOMSON REUTERS CAN,0
1075415,DIVERSIFIED HEALTHCARE TRUST,DHCNI,Nasdaq,0001075415,DIVERSIFIED HEALTHCARE,1
1075415,DIVERSIFIED HEALTHCARE TRUST,DHCNL,Nasdaq,0001075415,DIVERSIFIED HEALTHCARE,1
1076930,NOVANTA INC,NOVTU,Nasdaq,0001076930,NOVANTA,1
1077428,TEXAS CAPITAL BANCSHARES INC/TX,TCBIO,Nasdaq,0001077428,TEXAS CAPITAL BANCSHARES TX,1
1078716,3i GROUP PLC,TGOPF,OTC,0001078716,3I,0
1080657,"Presidio Property Trust, Inc.",SQFTP,Nasdaq,0001080657,PRESIDIO PROPERTY,1
1080657,"Presidio Property Trust, Inc.",SQFTW,Nasdaq,0001080657,PRESIDIO PROPERTY,1
1080720,GABELLI UTILITY TRUST,GUT-PC,NYSE,0001080720,GABELLI UTILITY,1
1084267,"Mobiquity Technologies, Inc.",MOBQW,OTC,0001084267,MOBIQUITY TECHNOLOGIES,0
1086888,MANULIFE FINANCIAL CORP,MNLCF,OTC,0001086888,MANULIFE,0
1086888,MANULIFE FINANCIAL CORP,MNQFF,OTC,0001086888,MANULIFE,0
1086888,MANULIFE FINANCIAL CORP,MNUFF,OTC,0001086888,MANULIFE,0
1086888,MANULIFE FINANCIAL CORP,MNUPF,OTC,0001086888,MANULIFE,0
1087711,Santander UK plc,SNTUF,OTC,0001087711,SANTANDER UK,0
1087711,Santander UK plc,STNDF,OTC,0001087711,SANTANDER UK,0
1089907,SWK Holdings Corp,SWKHL,Nasdaq,0001089907,SWK,1
1097362,SUN LIFE FINANCIAL INC,SLFIF,OTC,0001097362,SUN LIFE,0
1097362,SUN LIFE FINANCIAL INC,SLFQF,OTC,0001097362,SUN LIFE,0
1097362,SUN LIFE FINANCIAL INC,SUNFF,OTC,0001097362,SUN LIFE,0
1099219,METLIFE INC,MET-PF,NYSE,0001099219,METLIFE,1
1101026,"Zivo Bioscience, Inc.",ZIVOW,OTC,0001101026,ZIVO BIOSCIENCE,0
1101215,"BREAD FINANCIAL HOLDINGS, INC.",BFH-PA,NYSE,0001101215,BREAD,1
1101215,"BREAD FINANCIAL HOLDINGS, INC.",BFH-PB,NYSE,0001101215,BREAD,1
1108329,PETROCHINA CO LTD,PTCCY,OTC,0001108329,PETROCHINA,0
1109354,BRUKER CORP,BRKRP,Nasdaq,0001109354,BRUKER,1
1113423,COSCIENS Biopharma Inc.,CSCIF,OTC,0001113423,COSCIENS BIOPHARMA,0
1114446,UBS AG,AMUB,NYSE,0001114446,UBS AG,1
1114446,UBS AG,BDCX,NYSE,0001114446,UBS AG,1
1114446,UBS AG,BDCZ,NYSE,0001114446,UBS AG,1
1114446,UBS AG,CEFD,NYSE,0001114446,UBS AG,1
1114446,UBS AG,HDLB,NYSE,0001114446,UBS AG,1
1114446,UBS AG,IFED,NYSE,0001114446,UBS AG,1
1114446,UBS AG,IWDL,NYSE,0001114446,UBS AG,1
1114446,UBS AG,IWFL,NYSE,0001114446,UBS AG,1
1114446,UBS AG,IWML,NYSE,0001114446,UBS AG,1
1114446,UBS AG,MLPB,NYSE,0001114446,UBS AG,1
1114446,UBS AG,MLPR,NYSE,0001114446,UBS AG,1
1114446,UBS AG,MTUL,NYSE,0001114446,UBS AG,1
1114446,UBS AG,MVRL,NYSE,0001114446,UBS AG,1
1114446,UBS AG,PFFL,NYSE,0001114446,UBS AG,1
1114446,UBS AG,QULL,NYSE,0001114446,UBS AG,1
1114446,UBS AG,SCDL,NYSE,0001114446,UBS AG,1
1114446,UBS AG,SMHB,NYSE,0001114446,UBS AG,1
1114446,UBS AG,UCIB,NYSE,0001114446,UBS AG,1
1114446,UBS AG,USML,NYSE,0001114446,UBS AG,1
1122020,"PCS Edventures!, Inc.",PCSVD,OTC,0001122020,PCS EDVENTURES,0
1126956,SPIRE INC,SRJN,NYSE,0001126956,SPIRE,1
1127248,EMERA INC,EMICF,OTC,0001127248,EMERA,0
1127248,EMERA INC,EMRJF,OTC,0001127248,EMERA,0
1128252,"SIPP International Industries, Inc.",XAKJ,OTC,0001128252,SIPP INTERNATIONAL INDUSTRIES,0
1130166,"Bio Green Med Solution, Inc.",BGMSP,OTC,0001130166,BIO GREEN MED SOLUTION,0
1130713,"BED BATH & BEYOND, INC.",BBBY-WT,NYSE,0001130713,BED BATH BEYOND,1
1131312,ZION OIL & GAS INC,ZNOGW,OTC,0001131312,ZION OIL GAS,0
1137774,PRUDENTIAL FINANCIAL INC,PFH,NYSE,0001137774,PRUDENTIAL,1
1137774,PRUDENTIAL FINANCIAL INC,PRH,NYSE,0001137774,PRUDENTIAL,1
1137774,PRUDENTIAL FINANCIAL INC,PRS,NYSE,0001137774,PRUDENTIAL,1
1144800,TRANSALTA CORP,TACPF,OTC,0001144800,TRANSALTA,0
1144800,TRANSALTA CORP,TRNTF,OTC,0001144800,TRANSALTA,0
1144800,TRANSALTA CORP,TSLTF,OTC,0001144800,TRANSALTA,0
1145255,HENNESSY ADVISORS INC,HNNAZ,Nasdaq,0001145255,HENNESSY ADVISORS,1
1159508,DEUTSCHE BANK AKTIENGESELLSCHAFT,ADZCF,OTC,0001159508,DEUTSCHE AKTIENGESELLSCHAFT,0
1159508,DEUTSCHE BANK AKTIENGESELLSCHAFT,DEENF,OTC,0001159508,DEUTSCHE AKTIENGESELLSCHAFT,0
1159508,DEUTSCHE BANK AKTIENGESELLSCHAFT,DGP,NYSE,0001159508,DEUTSCHE AKTIENGESELLSCHAFT,1
1159508,DEUTSCHE BANK AKTIENGESELLSCHAFT,DGZ,NYSE,0001159508,DEUTSCHE AKTIENGESELLSCHAFT,1
1159508,DEUTSCHE BANK AKTIENGESELLSCHAFT,DZZ,NYSE,0001159508,DEUTSCHE AKTIENGESELLSCHAFT,1
1159508,DEUTSCHE BANK AKTIENGESELLSCHAFT,OLOXF,OTC,0001159508,DEUTSCHE AKTIENGESELLSCHAFT,0
1160106,Lloyds Banking Group plc,LLOBF,OTC,0001160106,LLOYDS BANKING,0
1163739,NABORS INDUSTRIES LTD,NBRWF,OTC,0001163739,NABORS INDUSTRIES,0
1164727,NEWMONT Corp /DE/,NEMCL,OTC,0001164727,NEWMONT DE,0
1166663,TSAKOS ENERGY NAVIGATION LTD,TEN-PE,NYSE,0001166663,TSAKOS ENERGY NAVIGATION,1
1166663,TSAKOS ENERGY NAVIGATION LTD,TEN-PF,NYSE,0001166663,TSAKOS ENERGY NAVIGATION,1
1169770,"BANC OF CALIFORNIA, INC.",BANC-PF,NYSE,0001169770,BANC OF CALIFORNIA,1
1174169,ALGONQUIN POWER & UTILITIES CORP.,AGQPF,OTC,0001174169,ALGONQUIN POWER UTILITIES,0
1174169,ALGONQUIN POWER & UTILITIES CORP.,AQNB,NYSE,0001174169,ALGONQUIN POWER UTILITIES,1
1174511,ANADOLU EFES BIRACILIK VE MALT SANAYI A S/ADR,AEBMF,OTC,0001174511,ANADOLU EFES BIRACILIK VE MALT SANAYI S ADR,0
1176948,Ares Management Corp,ARES-PB,NYSE,0001176948,ARES MANAGEMENT,1
1210708,"Star Equity Holdings, Inc.",STRRP,Nasdaq,0001210708,STAR EQUITY,1
1212545,WESTERN ALLIANCE BANCORPORATION,WAL-PA,NYSE,0001212545,WESTERN ALLIANCE,1
1214935,Virtus Convertible & Income Fund,NCV-PA,NYSE,0001214935,VIRTUS CONVERTIBLE INCOME FUND,1
1224608,"CNO Financial Group, Inc.",CNO-PA,NYSE,0001224608,CNO,1
1232384,TC ENERGY CORP,TCENF,OTC,0001232384,TC ENERGY,0
1232384,TC ENERGY CORP,TCEYF,OTC,0001232384,TC ENERGY,0
1232384,TC ENERGY CORP,TCNCF,OTC,0001232384,TC ENERGY,0
1232384,TC ENERGY CORP,TRPEF,OTC,0001232384,TC ENERGY,0
1232384,TC ENERGY CORP,TRPPF,OTC,0001232384,TC ENERGY,0
1232384,TC ENERGY CORP,TRPRF,OTC,0001232384,TC ENERGY,0
1232582,ASHFORD HOSPITALITY TRUST INC,AHT-PD,NYSE,0001232582,ASHFORD HOSPITALITY,1
1232582,ASHFORD HOSPITALITY TRUST INC,AHT-PF,NYSE,0001232582,ASHFORD HOSPITALITY,1
1232582,ASHFORD HOSPITALITY TRUST INC,AHT-PG,NYSE,0001232582,ASHFORD HOSPITALITY,1
1232582,ASHFORD HOSPITALITY TRUST INC,AHT-PH,NYSE,0001232582,ASHFORD HOSPITALITY,1
1232582,ASHFORD HOSPITALITY TRUST INC,AHT-PI,NYSE,0001232582,ASHFORD HOSPITALITY,1
1234006,GLADSTONE COMMERCIAL CORP,GOODN,Nasdaq,0001234006,GLADSTONE COMMERCIAL,1
1234006,GLADSTONE COMMERCIAL CORP,GOODO,Nasdaq,0001234006,GLADSTONE COMMERCIAL,1
1236275,"QXO, Inc.",QXO-PB,NYSE,0001236275,QXO,1
1253986,ARBOR REALTY TRUST INC,ABR-PD,NYSE,0001253986,ARBOR REALTY,1
1253986,ARBOR REALTY TRUST INC,ABR-PE,NYSE,0001253986,ARBOR REALTY,1
1253986,ARBOR REALTY TRUST INC,ABR-PF,NYSE,0001253986,ARBOR REALTY,1
1254699,QVC INC,QVCCQ,OTC,0001254699,QVC,0
1254699,QVC INC,QVCDQ,OTC,0001254699,QVC,0
1259429,Oxford Square Capital Corp.,OXSQG,Nasdaq,0001259429,OXFORD SQUARE CAPITAL,1
1259429,Oxford Square Capital Corp.,OXSQH,Nasdaq,0001259429,OXFORD SQUARE CAPITAL,1
1260729,GABELLI DIVIDEND & INCOME TRUST,GDV-PK,NYSE,0001260729,GABELLI DIVIDEND INCOME,1
1267238,"ASSURANT, INC.",AIZN,NYSE,0001267238,ASSURANT,1
1267395,ASPEN INSURANCE HOLDINGS LTD,AHL-PD,NYSE,0001267395,ASPEN INSURANCE,1
1267395,ASPEN INSURANCE HOLDINGS LTD,AHL-PE,NYSE,0001267395,ASPEN INSURANCE,1
1267395,ASPEN INSURANCE HOLDINGS LTD,AHL-PF,NYSE,0001267395,ASPEN INSURANCE,1
1268896,CHINA LIFE INSURANCE CO LTD,CILFY,OTC,0001268896,CHINA LIFE INSURANCE,0
1273685,"ADAMAS TRUST, INC.",ADAMG,Nasdaq,0001273685,ADAMAS,1
1273685,"ADAMAS TRUST, INC.",ADAMH,Nasdaq,0001273685,ADAMAS,1
1273685,"ADAMAS TRUST, INC.",ADAMI,Nasdaq,0001273685,ADAMAS,1
1273685,"ADAMAS TRUST, INC.",ADAML,Nasdaq,0001273685,ADAMAS,1
1273685,"ADAMAS TRUST, INC.",ADAMM,Nasdaq,0001273685,ADAMAS,1
1273685,"ADAMAS TRUST, INC.",ADAMN,Nasdaq,0001273685,ADAMAS,1
1273685,"ADAMAS TRUST, INC.",ADAMO,Nasdaq,0001273685,ADAMAS,1
1273685,"ADAMAS TRUST, INC.",ADAMZ,Nasdaq,0001273685,ADAMAS,1
1276187,Energy Transfer LP,ET-PI,NYSE,0001276187,ENERGY TRANSFER,1
1278752,MidCap Financial Investment Corp,MFICL,Nasdaq,0001278752,MIDCAP INVESTMENT,1
1279956,YARA INTERNATIONAL ASA,YRAIF,OTC,0001279956,YARA INTERNATIONAL ASA,0
1280784,"Hercules Capital, Inc.",HCXY,NYSE,0001280784,HERCULES CAPITAL,1
1281761,REGIONS FINANCIAL CORP,RF-PE,NYSE,0001281761,REGIONS,1
1281761,REGIONS FINANCIAL CORP,RF-PF,NYSE,0001281761,REGIONS,1
1281895,"ROCKET PHARMACEUTICALS, INC.",RCKTW,Nasdaq,0001281895,ROCKET PHARMACEUTICALS,1
1282957,GABELLI GLOBAL UTILITY & INCOME TRUST,GLU-PA,NYSE,0001282957,GABELLI GLOBAL UTILITY INCOME,1
1283699,"T-Mobile US, Inc.",TMUSI,Nasdaq,0001283699,T MOBILE US,1
1283699,"T-Mobile US, Inc.",TMUSL,Nasdaq,0001283699,T MOBILE US,1
1283699,"T-Mobile US, Inc.",TMUSZ,Nasdaq,0001283699,T MOBILE US,1
1287032,PROSPECT CAPITAL CORP,PSEC-PA,NYSE,0001287032,PROSPECT CAPITAL,1
1295810,"Sunstone Hotel Investors, Inc.",SHO-PH,NYSE,0001295810,SUNSTONE HOTEL INVESTORS,1
1295810,"Sunstone Hotel Investors, Inc.",SHO-PI,NYSE,0001295810,SUNSTONE HOTEL INVESTORS,1
1297996,"DIGITAL REALTY TRUST, INC.",DLR-PJ,NYSE,0001297996,DIGITAL REALTY,1
1297996,"DIGITAL REALTY TRUST, INC.",DLR-PL,NYSE,0001297996,DIGITAL REALTY,1
1301236,Sotherly Hotels Inc.,SOHOB,OTC,0001301236,SOTHERLY HOTELS,0
1308106,Seapeak LLC,SEAL-PA,NYSE,0001308106,SEAPEAK,1
1308106,Seapeak LLC,SEAL-PB,NYSE,0001308106,SEAPEAK,1
1311307,LANXESS AG,LNXSF,OTC,0001311307,LANXESS AG,0
1313510,"GAMCO Global Gold, Natural Resources & Income Trust",GGN-PB,NYSE,0001313510,GAMCO GLOBAL GOLD NATURAL RESOURCES INCOME,1
1317295,CHINA SHIPPING CONTAINER LINES CO LTD,CITAF,OTC,0001317295,CHINA SHIPPING CONTAINER LINES,0
1318885,DIANA SHIPPING INC.,DSX-WT,NYSE,0001318885,DIANA SHIPPING,1
1321741,GLADSTONE INVESTMENT CORPORATIONDE,GAING,Nasdaq,0001321741,GLADSTONE INVESTMENT CORPORATIONDE,1
1321741,GLADSTONE INVESTMENT CORPORATIONDE,GAINI,Nasdaq,0001321741,GLADSTONE INVESTMENT CORPORATIONDE,1
1321741,GLADSTONE INVESTMENT CORPORATIONDE,GAINZ,Nasdaq,0001321741,GLADSTONE INVESTMENT CORPORATIONDE,1
1323468,GLOBAL PARTNERS LP,GLP-PB,NYSE,0001323468,GLOBAL PARTNERS,1
1326160,Duke Energy CORP,DUKB,NYSE,0001326160,DUKE ENERGY,1
1326160,Duke Energy CORP,DUK-PA,NYSE,0001326160,DUKE ENERGY,1
1326380,GameStop Corp.,GME-WT,NYSE,0001326380,GAMESTOP,1
1327978,Ares Real Estate Income Trust Inc.,ZARE,OTC,0001327978,ARES REAL ESTATE INCOME,0
1329213,SENIOR PLC,SNIRF,OTC,0001329213,SENIOR,0
1332174,iShares S&P GSCI Commodity-Indexed Trust,ISMCF,OTC,0001332174,ISHARES S P GSCI COMMODITY INDEXED,0
1332551,ACRES Commercial Realty Corp.,ACR-PC,NYSE,0001332551,ACRES COMMERCIAL REALTY,1
1332551,ACRES Commercial Realty Corp.,ACR-PD,NYSE,0001332551,ACRES COMMERCIAL REALTY,1
1333172,Navios Maritime Holdings Inc.,NMPRY,OTC,0001333172,NAVIOS MARITIME,0
1333986,"Equitable Holdings, Inc.",EQH-PA,NYSE,0001333986,EQUITABLE,1
1333986,"Equitable Holdings, Inc.",EQH-PC,NYSE,0001333986,EQUITABLE,1
1336364,Giga Metals Corp,GIGGF,OTC,0001336364,GIGA METALS,0
1341317,Bridgewater Bancshares Inc,BWBBP,Nasdaq,0001341317,BRIDGEWATER BANCSHARES,1
1341439,ORACLE CORP,ORCL-PD,NYSE,0001341439,ORACLE,1
1345126,Compass Diversified Holdings,CODI-PA,NYSE,0001345126,COMPASS DIVERSIFIED,1
1345126,Compass Diversified Holdings,CODI-PC,NYSE,0001345126,COMPASS DIVERSIFIED,1
1347408,SES S.A.,SGBAF,OTC,0001347408,SES S,0
1349706,"TurnOnGreen, Inc.",TOGIW,OTC,0001349706,TURNONGREEN,0
1355096,"QVC Group, Inc.",QVCAQ,OTC,0001355096,QVC,0
1355096,"QVC Group, Inc.",QVCGQ,OTC,0001355096,QVC,0
1355096,"QVC Group, Inc.",QVCPQ,OTC,0001355096,QVC,0
1356115,NEXPOINT DIVERSIFIED REAL ESTATE TRUST,NXDT-PA,NYSE,0001356115,NEXPOINT DIVERSIFIED REAL ESTATE,1
1357878,"REGENEREX PHARMA, INC.",RGPX,OTC,0001357878,REGENEREX PHARMA,0
1372514,KIORA PHARMACEUTICALS INC,KPHMW,OTC,0001372514,KIORA PHARMACEUTICALS,0
1372612,BOX INC,BXCAP,OTC,0001372612,BOX,0
1373670,"Green Brick Partners, Inc.",GRBK-PA,NYSE,0001373670,GREEN BRICK PARTNERS,1
1376804,"VNUE, Inc.",RDCT,OTC,0001376804,VNUE,0
1377936,SARATOGA INVESTMENT CORP.,SAJ,NYSE,0001377936,SARATOGA INVESTMENT,1
1377936,SARATOGA INVESTMENT CORP.,SAT,NYSE,0001377936,SARATOGA INVESTMENT,1
1377936,SARATOGA INVESTMENT CORP.,SAV,NYSE,0001377936,SARATOGA INVESTMENT,1
1377936,SARATOGA INVESTMENT CORP.,SAY,NYSE,0001377936,SARATOGA INVESTMENT,1
1377936,SARATOGA INVESTMENT CORP.,SAZ,NYSE,0001377936,SARATOGA INVESTMENT,1
1389207,Gafisa S.A.,GFSAY,OTC,0001389207,GAFISA S,0
1390777,Bank of New York Mellon Corp,BK-PK,NYSE,0001390777,OF NEW YORK MELLON,1
1393311,Public Storage,PSA-PF,NYSE,0001393311,PUBLIC STORAGE,1
1393311,Public Storage,PSA-PG,NYSE,0001393311,PUBLIC STORAGE,1
1393311,Public Storage,PSA-PI,NYSE,0001393311,PUBLIC STORAGE,1
1393311,Public Storage,PSA-PJ,NYSE,0001393311,PUBLIC STORAGE,1
1393311,Public Storage,PSA-PK,NYSE,0001393311,PUBLIC STORAGE,1
1393311,Public Storage,PSA-PL,NYSE,0001393311,PUBLIC STORAGE,1
1393311,Public Storage,PSA-PM,NYSE,0001393311,PUBLIC STORAGE,1
1393311,Public Storage,PSA-PN,NYSE,0001393311,PUBLIC STORAGE,1
1393311,Public Storage,PSA-PO,NYSE,0001393311,PUBLIC STORAGE,1
1393311,Public Storage,PSA-PP,NYSE,0001393311,PUBLIC STORAGE,1
1393311,Public Storage,PSA-PQ,NYSE,0001393311,PUBLIC STORAGE,1
1393311,Public Storage,PSA-PR,NYSE,0001393311,PUBLIC STORAGE,1
1393311,Public Storage,PSA-PS,NYSE,0001393311,PUBLIC STORAGE,1
1397183,"Iveda Solutions, Inc.",IVDAW,Nasdaq,0001397183,IVEDA SOLUTIONS,1
1398453,"Xinyuan Real Estate Co., Ltd.",XINRY,OTC,0001398453,XINYUAN REAL ESTATE,0
1400810,"HCI Group, Inc.",HCIIP,OTC,0001400810,HCI,0
1400891,"iHeartMedia, Inc.",IHETW,OTC,0001400891,IHEARTMEDIA,0
1402328,Sunshine Biopharma Inc.,SBFMW,Nasdaq,0001402328,SUNSHINE BIOPHARMA,1
1403528,"Brookfield Oaktree Holdings, LLC",OAK-PB,NYSE,0001403528,BROOKFIELD OAKTREE,1
1404912,KKR & Co. Inc.,KKR-PD,NYSE,0001404912,KKR,1
1404912,KKR & Co. Inc.,KKRS,NYSE,0001404912,KKR,1
1404912,KKR & Co. Inc.,KKRT,NYSE,0001404912,KKR,1
1406234,Brookfield Infrastructure Partners L.P.,BIPH,NYSE,0001406234,BROOKFIELD INFRASTRUCTURE PARTNERS L P,1
1406234,Brookfield Infrastructure Partners L.P.,BIPI,NYSE,0001406234,BROOKFIELD INFRASTRUCTURE PARTNERS L P,1
1406234,Brookfield Infrastructure Partners L.P.,BIPJ,NYSE,0001406234,BROOKFIELD INFRASTRUCTURE PARTNERS L P,1
1406234,Brookfield Infrastructure Partners L.P.,BIP-PA,NYSE,0001406234,BROOKFIELD INFRASTRUCTURE PARTNERS L P,1
1406234,Brookfield Infrastructure Partners L.P.,BIP-PB,NYSE,0001406234,BROOKFIELD INFRASTRUCTURE PARTNERS L P,1
1406234,Brookfield Infrastructure Partners L.P.,BRIPF,OTC,0001406234,BROOKFIELD INFRASTRUCTURE PARTNERS L P,0
1408534,"First Guaranty Bancshares, Inc.",FGBIP,Nasdaq,0001408534,FIRST GUARANTY BANCSHARES,1
1409253,"Havana Roasters Coffee Companies, Inc.",THRC,OTC,0001409253,HAVANA ROASTERS COFFEE COMPANIES,0
1409493,CHIMERA INVESTMENT CORP,CIMN,NYSE,0001409493,CHIMERA INVESTMENT,1
1409493,CHIMERA INVESTMENT CORP,CIMO,NYSE,0001409493,CHIMERA INVESTMENT,1
1409493,CHIMERA INVESTMENT CORP,CIMP,NYSE,0001409493,CHIMERA INVESTMENT,1
1409493,CHIMERA INVESTMENT CORP,CIM-PB,NYSE,0001409493,CHIMERA INVESTMENT,1
1409493,CHIMERA INVESTMENT CORP,CIM-PC,NYSE,0001409493,CHIMERA INVESTMENT,1
1409493,CHIMERA INVESTMENT CORP,CIM-PD,NYSE,0001409493,CHIMERA INVESTMENT,1
1410708,Emo Capital Corp.,NUVID,OTC,0001410708,EMO CAPITAL,0
1411342,Ellington Financial Inc.,EFC-PB,NYSE,0001411342,ELLINGTON,1
1411342,Ellington Financial Inc.,EFC-PC,NYSE,0001411342,ELLINGTON,1
1411342,Ellington Financial Inc.,EFC-PD,NYSE,0001411342,ELLINGTON,1
1412100,"Maiden Holdings, Ltd.",MHNC,NYSE,0001412100,MAIDEN,1
1414767,Netcapital Inc.,NCPLW,Nasdaq,0001414767,NETCAPITAL,1
1415311,ProShares Trust II,AGQ,NYSE,0001415311,PROSHARES II,1
1415311,ProShares Trust II,BOIL,NYSE,0001415311,PROSHARES II,1
1415311,ProShares Trust II,EUO,NYSE,0001415311,PROSHARES II,1
1415311,ProShares Trust II,GLL,NYSE,0001415311,PROSHARES II,1
1415311,ProShares Trust II,KOLD,NYSE,0001415311,PROSHARES II,1
1415311,ProShares Trust II,SCO,NYSE,0001415311,PROSHARES II,1
1415311,ProShares Trust II,SVXY,CBOE,0001415311,PROSHARES II,0
1415311,ProShares Trust II,UCO,NYSE,0001415311,PROSHARES II,1
1415311,ProShares Trust II,UGL,NYSE,0001415311,PROSHARES II,1
1415311,ProShares Trust II,ULE,NYSE,0001415311,PROSHARES II,1
1415311,ProShares Trust II,UVXY,CBOE,0001415311,PROSHARES II,0
1415311,ProShares Trust II,VIXM,CBOE,0001415311,PROSHARES II,0
1415311,ProShares Trust II,VIXY,CBOE,0001415311,PROSHARES II,0
1415311,ProShares Trust II,YCL,NYSE,0001415311,PROSHARES II,1
1415311,ProShares Trust II,YCS,NYSE,0001415311,PROSHARES II,1
1415311,ProShares Trust II,ZSL,NYSE,0001415311,PROSHARES II,1
1419554,Bone Biologics Corp,BBLGW,Nasdaq,0001419554,BONE BIOLOGICS,1
1419951,Data Storage Corp,DTSTW,Nasdaq,0001419951,DATA STORAGE,1
1423689,AGNC Investment Corp.,AGNCL,Nasdaq,0001423689,AGNC INVESTMENT,1
1423689,AGNC Investment Corp.,AGNCM,Nasdaq,0001423689,AGNC INVESTMENT,1
1423689,AGNC Investment Corp.,AGNCN,Nasdaq,0001423689,AGNC INVESTMENT,1
1423689,AGNC Investment Corp.,AGNCO,Nasdaq,0001423689,AGNC INVESTMENT,1
1423689,AGNC Investment Corp.,AGNCP,Nasdaq,0001423689,AGNC INVESTMENT,1
1423689,AGNC Investment Corp.,AGNCZ,Nasdaq,0001423689,AGNC INVESTMENT,1
1424657,Cuentas Inc.,CUENW,OTC,0001424657,CUENTAS,0
1428205,"Armour Residential REIT, Inc.",ARR-PC,NYSE,0001428205,ARMOUR RESIDENTIAL REIT,1
1429260,"Fortress Biotech, Inc.",FBIOP,Nasdaq,0001429260,FORTRESS BIOTECH,1
1431852,Osisko Development Corp.,ODVWZ,Nasdaq,0001431852,OSISKO DEVELOPMENT,1
1431852,Osisko Development Corp.,OSDVF,OTC,0001431852,OSISKO DEVELOPMENT,0
1432364,AZUL SA,AZUXY,OTC,0001432364,AZUL SA,0
1434754,"SAFE BULKERS, INC.",SB-PD,NYSE,0001434754,SAFE BULKERS,1
1436741,Cargotec Corp OYJ,CYJBF,OTC,0001436741,CARGOTEC OYJ,0
1437071,Invesco Mortgage Capital Inc.,IVR-PC,NYSE,0001437071,INVESCO MORTGAGE CAPITAL,1
1437462,Greek Organisation of Football Prognostics S.A.,GRKZF,OTC,0001437462,GREEK ORGANISATION OF FOOTBALL PROGNOSTICS S,0
1437545,Embla Medical HF/ADR,OSSFF,OTC,0001437545,EMBLA MEDICAL HF ADR,0
1438893,"GAMCO Natural Resources, Gold & Income Trust",GNT-PA,NYSE,0001438893,GAMCO NATURAL RESOURCES GOLD INCOME,1
1439124,AXIA Energia S.A.,AXIA-P,NYSE,0001439124,AXIA ENERGIA S,1
1439124,AXIA Energia S.A.,AXIA-PC,NYSE,0001439124,AXIA ENERGIA S,1
1445654,New Zealand Oil & Gas Ltd/ADR,NZEOY,OTC,0001445654,NEW ZEALAND OIL GAS ADR,0
1447108,SKY Perfect JSAT Holdings Inc,SKPJF,OTC,0001447108,SKY PERFECT JSAT,0
1447391,RESONA HOLDINGS INC,RSNHF,OTC,0001447391,RESONA,0
1447956,BYD Electronic (International) Co Ltd,BYDIF,OTC,0001447956,BYD ELECTRONIC INTERNATIONAL,0
1447960,"China Molybdenum Co., Ltd.",CMCLF,OTC,0001447960,CHINA MOLYBDENUM,0
1449664,CTF Services Ltd,NWSZF,OTC,0001449664,CTF,0
1451448,"ESPORTS ENTERTAINMENT GROUP, INC.",GMBLP,OTC,0001451448,ESPORTS ENTERTAINMENT,0
1451448,"ESPORTS ENTERTAINMENT GROUP, INC.",GMBLZ,OTC,0001451448,ESPORTS ENTERTAINMENT,0
1451561,Vend Marketplaces ASA/ADR,SBBTF,OTC,0001451561,VEND MARKETPLACES ASA ADR,0
1454147,Loomis AB / ADR,LOIMF,OTC,0001454147,LOOMIS AB ADR,0
1455632,Mobico Group PLC/ADR,NXPGF,OTC,0001455632,MOBICO ADR,0
1459334,Santander Bank Polska SA/ADR,BKZHF,OTC,0001459334,SANTANDER POLSKA SA ADR,0
1460447,Mitsubishi Materials Corp / ADR,MIMTF,OTC,0001460447,MITSUBISHI MATERIALS ADR,0
1462120,"Live Oak Bancshares, Inc.",LOB-PA,NYSE,0001462120,LIVE OAK BANCSHARES,1
1462223,"Nixxy, Inc.",NIXXW,Nasdaq,0001462223,NIXXY,1
1462418,ALTISOURCE PORTFOLIO SOLUTIONS S.A.,ASPSW,Nasdaq,0001462418,ALTISOURCE PORTFOLIO SOLUTIONS S,1
1462418,ALTISOURCE PORTFOLIO SOLUTIONS S.A.,ASPSZ,Nasdaq,0001462418,ALTISOURCE PORTFOLIO SOLUTIONS S,1
1464343,Atlanticus Holdings Corp,ATLCL,Nasdaq,0001464343,ATLANTICUS,1
1464343,Atlanticus Holdings Corp,ATLCP,Nasdaq,0001464343,ATLANTICUS,1
1464343,Atlanticus Holdings Corp,ATLCZ,Nasdaq,0001464343,ATLANTICUS,1
1464423,PennyMac Mortgage Investment Trust,PMT-PC,NYSE,0001464423,PENNYMAC MORTGAGE INVESTMENT,1
1464423,PennyMac Mortgage Investment Trust,PMTU,NYSE,0001464423,PENNYMAC MORTGAGE INVESTMENT,1
1464423,PennyMac Mortgage Investment Trust,PMTV,NYSE,0001464423,PENNYMAC MORTGAGE INVESTMENT,1
1464423,PennyMac Mortgage Investment Trust,PMTW,NYSE,0001464423,PENNYMAC MORTGAGE INVESTMENT,1
1464790,"BRC Group Holdings, Inc.",RILYG,Nasdaq,0001464790,BRC,1
1464790,"BRC Group Holdings, Inc.",RILYL,Nasdaq,0001464790,BRC,1
1464790,"BRC Group Holdings, Inc.",RILYN,Nasdaq,0001464790,BRC,1
1464790,"BRC Group Holdings, Inc.",RILYP,Nasdaq,0001464790,BRC,1
1464790,"BRC Group Holdings, Inc.",RILYT,Nasdaq,0001464790,BRC,1
1464790,"BRC Group Holdings, Inc.",RILYZ,Nasdaq,0001464790,BRC,1
1465740,TWO HARBORS INVESTMENT CORP.,TWOD,NYSE,0001465740,TWO HARBORS INVESTMENT,1
1466026,"Midland States Bancorp, Inc.",MSBIP,Nasdaq,0001466026,MIDLAND STATES,1
1468492,HeartSciences Inc.,HSCSW,Nasdaq,0001468492,HEARTSCIENCES,1
1468929,"NEXGEL, INC.",NXGLW,Nasdaq,0001468929,NEXGEL,1
1470419,easyJet plc,EJTTF,OTC,0001470419,EASYJET,0
1471824,Teucrium Commodity Trust,CANE,NYSE,0001471824,TEUCRIUM COMMODITY,1
1471824,Teucrium Commodity Trust,CORN,NYSE,0001471824,TEUCRIUM COMMODITY,1
1471824,Teucrium Commodity Trust,SOYB,NYSE,0001471824,TEUCRIUM COMMODITY,1
1471824,Teucrium Commodity Trust,TAGS,NYSE,0001471824,TEUCRIUM COMMODITY,1
1471824,Teucrium Commodity Trust,WEAT,NYSE,0001471824,TEUCRIUM COMMODITY,1
1472033,"Citibank,N.A./ADR",JTGLF,OTC,0001472033,CITIBANK ADR,0
1472879,WHITECAP RESOURCES INC.,WCPRF,OTC,0001472879,WHITECAP RESOURCES,0
1474098,Pebblebrook Hotel Trust,PEB-PG,NYSE,0001474098,PEBBLEBROOK HOTEL,1
1474098,Pebblebrook Hotel Trust,PEB-PH,NYSE,0001474098,PEBBLEBROOK HOTEL,1
1476045,Chatham Lodging Trust,CLDT-PA,NYSE,0001476045,CHATHAM LODGING,1
1479247,United States Commodity Index Funds Trust,CPER,NYSE,0001479247,UNITED STATES COMMODITY INDEX FUNDS,1
1482512,"Hudson Pacific Properties, Inc.",HPP-PC,NYSE,0001482512,HUDSON PACIFIC PROPERTIES,1
1482541,CEA Industries Inc.,BNCWW,Nasdaq,0001482541,CEA INDUSTRIES,1
1482541,CEA Industries Inc.,BNCWZ,Nasdaq,0001482541,CEA INDUSTRIES,1
1483994,H World Group Ltd,HWLDF,OTC,0001483994,H WORLD,0
1487139,Seek Ltd,SKLTF,OTC,0001487139,SEEK,0
1487428,Horizon Technology Finance Corp,HTFC,NYSE,0001487428,HORIZON TECHNOLOGY FINANCE,1
1487918,OFS Capital Corp,OFSSH,Nasdaq,0001487918,OFS CAPITAL,1
1487918,OFS Capital Corp,OFSSO,Nasdaq,0001487918,OFS CAPITAL,1
1488813,"Customers Bancorp, Inc.",CUBB,NYSE,0001488813,CUSTOMERS,1
1489088,PT Bukit Asam Tbk/ADR,PBATF,OTC,0001489088,PT BUKIT ASAM TBK ADR,0
1490078,First Phosphate Corp.,FPHOY,OTC,0001490078,FIRST PHOSPHATE,0
1490078,First Phosphate Corp.,FRSPF,OTC,0001490078,FIRST PHOSPHATE,0
1490349,PhenixFIN Corp,PFXNZ,Nasdaq,0001490349,PHENIXFIN,1
1490873,"ECO SCIENCE SOLUTIONS, INC.",ESSID,OTC,0001490873,ECO SCIENCE SOLUTIONS,0
1493507,Shanghai Fudan Microelectronics Co Limited/ADR/,SFDMF,OTC,0001493507,SHANGHAI FUDAN MICROELECTRONICS ADR,0
1494191,Karoon Gas Australia Ltd /ADR/,KRNGF,OTC,0001494191,KAROON GAS AUSTRALIA ADR,0
1495222,Oxford Lane Capital Corp.,OXLCG,Nasdaq,0001495222,OXFORD LANE CAPITAL,1
1495222,Oxford Lane Capital Corp.,OXLCI,Nasdaq,0001495222,OXFORD LANE CAPITAL,1
1495222,Oxford Lane Capital Corp.,OXLCL,Nasdaq,0001495222,OXFORD LANE CAPITAL,1
1495222,Oxford Lane Capital Corp.,OXLCN,Nasdaq,0001495222,OXFORD LANE CAPITAL,1
1495222,Oxford Lane Capital Corp.,OXLCP,Nasdaq,0001495222,OXFORD LANE CAPITAL,1
1495222,Oxford Lane Capital Corp.,OXLCZ,Nasdaq,0001495222,OXFORD LANE CAPITAL,1
1495240,GLADSTONE LAND Corp,LANDO,Nasdaq,0001495240,GLADSTONE LAND,1
1496099,New Mountain Finance Corp,NMFCZ,Nasdaq,0001496099,NEW MOUNTAIN FINANCE,1
1496254,Alternative Strategies Income Fund,LTAFX,,0001496254,ALTERNATIVE STRATEGIES INCOME FUND,0
1496254,Alternative Strategies Income Fund,LTCFX,,0001496254,ALTERNATIVE STRATEGIES INCOME FUND,0
1497645,"Summit Hotel Properties, Inc.",INN-PE,NYSE,0001497645,SUMMIT HOTEL PROPERTIES,1
1497645,"Summit Hotel Properties, Inc.",INN-PF,NYSE,0001497645,SUMMIT HOTEL PROPERTIES,1
1499275,"GROOVY COMPANY, INC.",GROO,OTC,0001499275,GROOVY,0
1501072,"RIVERNORTH OPPORTUNITIES FUND, INC.",RIV-PA,NYSE,0001501072,RIVERNORTH OPPORTUNITIES FUND,1
1502292,"Presurance Holdings, Inc.",PRHIZ,Nasdaq,0001502292,PRESURANCE,1
1503290,abrdn Income Credit Strategies Fund,ACP-PA,NYSE,0001503290,ABRDN INCOME CREDIT STRATEGIES FUND,1
1503584,Costamare Inc.,CMRE-PB,NYSE,0001503584,COSTAMARE,1
1503584,Costamare Inc.,CMRE-PD,NYSE,0001503584,COSTAMARE,1
1503812,PREMIUM BRANDS HOLDINGS Corp,PRBZF,OTC,0001503812,PREMIUM BRANDS,0
1504461,NGL Energy Partners LP,NGL-PB,NYSE,0001504461,NGL ENERGY PARTNERS,1
1505880,Pandora A/S / ADR,PNDZF,OTC,0001505880,PANDORA S ADR,0
1506307,"KINDER MORGAN, INC.",EP-PC,NYSE,0001506307,KINDER MORGAN,1
1506721,Balfour Beatty plc/ADR,BAFBF,OTC,0001506721,BALFOUR BEATTY ADR,0
1509397,Lion One Metals Ltd.,LOMWF,OTC,0001509397,LION ONE METALS,0
1509470,SURO CAPITAL CORP.,SSSSL,Nasdaq,0001509470,SURO CAPITAL,1
1509957,Can B Corp,NASC,OTC,0001509957,CAN B,0
1512228,NIOCORP DEVELOPMENTS LTD,NIOBW,Nasdaq,0001512228,NIOCORP DEVELOPMENTS,1
1512922,"PetVivo Holdings, Inc.",PETVW,OTC,0001512922,PETVIVO,0
1514281,"TPG Mortgage Investment Trust, Inc.",MITN,NYSE,0001514281,TPG MORTGAGE INVESTMENT,1
1514281,"TPG Mortgage Investment Trust, Inc.",MITP,NYSE,0001514281,TPG MORTGAGE INVESTMENT,1
1514281,"TPG Mortgage Investment Trust, Inc.",MITT-PA,NYSE,0001514281,TPG MORTGAGE INVESTMENT,1
1514281,"TPG Mortgage Investment Trust, Inc.",MITT-PB,NYSE,0001514281,TPG MORTGAGE INVESTMENT,1
1514281,"TPG Mortgage Investment Trust, Inc.",MITT-PC,NYSE,0001514281,TPG MORTGAGE INVESTMENT,1
1516323,Babcock International Group PLC/ADR,BCKIF,OTC,0001516323,BABCOCK INTERNATIONAL ADR,0
1516324,Barratt Developments PLC/ADR,BTDPF,OTC,0001516324,BARRATT DEVELOPMENTS ADR,0
1516535,Melrose Industries Plc/ADR,MLSPF,OTC,0001516535,MELROSE INDUSTRIES ADR,0
1516684,SMA Solar Technology AG/ADR,SMTGF,OTC,0001516684,SMA SOLAR TECHNOLOGY AG ADR,0
1517767,Carlyle Credit Income Fund,CCID,NYSE,0001517767,CARLYLE CREDIT INCOME FUND,1
1518461,"AmpliTech Group, Inc.",AMPGR,Nasdaq,0001518461,AMPLITECH,1
1518461,"AmpliTech Group, Inc.",AMPGZ,Nasdaq,0001518461,AMPLITECH,1
1520504,"Controladora Vuela Compania de Aviacion, S.A.B. de C.V.",CTTRF,OTC,0001520504,CONTROLADORA VUELA COMPANIA DE AVIACION S B DE C V,0
1526113,"Global Net Lease, Inc.",GNL-PA,NYSE,0001526113,GLOBAL NET LEASE,1
1526113,"Global Net Lease, Inc.",GNL-PB,NYSE,0001526113,GLOBAL NET LEASE,1
1526113,"Global Net Lease, Inc.",GNL-PD,NYSE,0001526113,GLOBAL NET LEASE,1
1526113,"Global Net Lease, Inc.",GNL-PE,NYSE,0001526113,GLOBAL NET LEASE,1
1526125,GDS Holdings Ltd,GDHLF,OTC,0001526125,GDS,0
1527166,Carlyle Group Inc.,CGABL,Nasdaq,0001527166,CARLYLE,1
1527469,Athene Holding Ltd.,ATH-PA,NYSE,0001527469,ATHENE,1
1527469,Athene Holding Ltd.,ATH-PB,NYSE,0001527469,ATHENE,1
1527469,Athene Holding Ltd.,ATH-PD,NYSE,0001527469,ATHENE,1
1527469,Athene Holding Ltd.,ATH-PE,NYSE,0001527469,ATHENE,1
1527469,Athene Holding Ltd.,ATHS,NYSE,0001527469,ATHENE,1
1527541,"Wheeler Real Estate Investment Trust, Inc.",WHLRL,Nasdaq,0001527541,WHEELER REAL ESTATE INVESTMENT,1
1527590,Ready Capital Corp,RCD,NYSE,0001527590,READY CAPITAL,1
1527590,Ready Capital Corp,RC-PC,NYSE,0001527590,READY CAPITAL,1
1527590,Ready Capital Corp,RC-PE,NYSE,0001527590,READY CAPITAL,1
1529906,Diploma plc/ADR,DPLMF,OTC,0001529906,DIPLOMA ADR,0
1532619,Power REIT,PW-PA,NYSE,0001532619,POWER REIT,1
1533082,EBOS Group Limited/ADR,EBOSF,OTC,0001533082,EBOS ADR,0
1533232,Brookfield Renewable Partners L.P.,BEPH,NYSE,0001533232,BROOKFIELD RENEWABLE PARTNERS L P,1
1533232,Brookfield Renewable Partners L.P.,BEPI,NYSE,0001533232,BROOKFIELD RENEWABLE PARTNERS L P,1
1533232,Brookfield Renewable Partners L.P.,BEPJ,NYSE,0001533232,BROOKFIELD RENEWABLE PARTNERS L P,1
1533232,Brookfield Renewable Partners L.P.,BEP-PA,NYSE,0001533232,BROOKFIELD RENEWABLE PARTNERS L P,1
1533615,Chiron Real Estate Inc.,XRN-PA,NYSE,0001533615,CHIRON REAL ESTATE,1
1533615,Chiron Real Estate Inc.,XRN-PB,NYSE,0001533615,CHIRON REAL ESTATE,1
1534254,CION Investment Corp,CICB,NYSE,0001534254,CION INVESTMENT,1
1534281,"Mabuchi Motor Co., Ltd./ADR",MBUMF,OTC,0001534281,MABUCHI MOTOR ADR,0
1535759,Kongsberg Gruppen ASA/ADR,NSKFF,OTC,0001535759,KONGSBERG GRUPPEN ASA ADR,0
1536787,ALSOK Co Ltd./ADR,SOHGF,OTC,0001536787,ALSOK ADR,0
1539638,"Triumph Financial, Inc.",TFIN-P,NYSE,0001539638,TRIUMPH,1
1545772,Brookfield Property Partners L.P.,BPYPM,Nasdaq,0001545772,BROOKFIELD PROPERTY PARTNERS L P,1
1545772,Brookfield Property Partners L.P.,BPYPN,Nasdaq,0001545772,BROOKFIELD PROPERTY PARTNERS L P,1
1545772,Brookfield Property Partners L.P.,BPYPO,Nasdaq,0001545772,BROOKFIELD PROPERTY PARTNERS L P,1
1546066,PEMBINA PIPELINE CORP,PBNAF,OTC,0001546066,PEMBINA PIPELINE,0
1546066,PEMBINA PIPELINE CORP,PBPRF,OTC,0001546066,PEMBINA PIPELINE,0
1546066,PEMBINA PIPELINE CORP,PMBPF,OTC,0001546066,PEMBINA PIPELINE,0
1546066,PEMBINA PIPELINE CORP,PMMBF,OTC,0001546066,PEMBINA PIPELINE,0
1546066,PEMBINA PIPELINE CORP,PPLAF,OTC,0001546066,PEMBINA PIPELINE,0
1546066,PEMBINA PIPELINE CORP,PPLOF,OTC,0001546066,PEMBINA PIPELINE,0
1546538,BTS Group Holdings Public Co Limited/ADR,BTGRF,OTC,0001546538,BTS PUBLIC ADR,0
1546538,BTS Group Holdings Public Co Limited/ADR,BTLWF,OTC,0001546538,BTS PUBLIC ADR,0
1547546,"Lument Finance Trust, Inc.",LFT-PA,NYSE,0001547546,LUMENT FINANCE,1
1547870,Bumrungrad Hospital Public Co Limited/ADR,BUGDF,OTC,0001547870,BUMRUNGRAD HOSPITAL PUBLIC ADR,0
1547870,Bumrungrad Hospital Public Co Limited/ADR,BUHHF,OTC,0001547870,BUMRUNGRAD HOSPITAL PUBLIC ADR,0
1547870,Bumrungrad Hospital Public Co Limited/ADR,BUHPF,OTC,0001547870,BUMRUNGRAD HOSPITAL PUBLIC ADR,0
1550405,IQE PLC/ADR,IQEPF,OTC,0001550405,IQE ADR,0
1551468,Central Pattana Public Co Limited/ADR,CPNNF,OTC,0001551468,CENTRAL PATTANA PUBLIC ADR,0
1551468,Central Pattana Public Co Limited/ADR,CTPUF,OTC,0001551468,CENTRAL PATTANA PUBLIC ADR,0
1552000,MPLX LP,MPLXP,OTC,0001552000,MPLX,0
1552198,"WhiteHorse Finance, Inc.",WHFCL,Nasdaq,0001552198,WHITEHORSE FINANCE,1
1553788,"SPLASH BEVERAGE GROUP, INC.",SBEVW,OTC,0001553788,SPLASH BEVERAGE,0
1554625,"Priority Income Fund, Inc.",PRIF-PD,NYSE,0001554625,PRIORITY INCOME FUND,1
1554625,"Priority Income Fund, Inc.",PRIF-PK,NYSE,0001554625,PRIORITY INCOME FUND,1
1554625,"Priority Income Fund, Inc.",PRIF-PL,NYSE,0001554625,PRIORITY INCOME FUND,1
1556593,Rithm Capital Corp.,RITM-PA,NYSE,0001556593,RITHM CAPITAL,1
1556593,Rithm Capital Corp.,RITM-PB,NYSE,0001556593,RITHM CAPITAL,1
1556593,Rithm Capital Corp.,RITM-PC,NYSE,0001556593,RITHM CAPITAL,1
1556593,Rithm Capital Corp.,RITM-PD,NYSE,0001556593,RITHM CAPITAL,1
1556593,Rithm Capital Corp.,RITM-PE,NYSE,0001556593,RITHM CAPITAL,1
1556593,Rithm Capital Corp.,RITM-PF,NYSE,0001556593,RITHM CAPITAL,1
1560143,WYTEC INTERNATIONAL INC,WYTC,OTC,0001560143,WYTEC INTERNATIONAL,0
1560293,"Tenon Medical, Inc.",TNONW,Nasdaq,0001560293,TENON MEDICAL,1
1560672,Ellington Credit Co,ELLA,NYSE,0001560672,ELLINGTON CREDIT,1
1560968,Samsonite International SA/ADR,SMSOF,OTC,0001560968,SAMSONITE INTERNATIONAL SA ADR,0
1561032,"National Healthcare Properties, Inc.",NHPAP,Nasdaq,0001561032,HEALTHCARE PROPERTIES,1
1561032,"National Healthcare Properties, Inc.",NHPBP,Nasdaq,0001561032,HEALTHCARE PROPERTIES,1
1562294,Electricity Generating Public Co Limited/ADR,EYGPF,OTC,0001562294,ELECTRICITY GENERATING PUBLIC ADR,0
1562294,Electricity Generating Public Co Limited/ADR,EYUUF,OTC,0001562294,ELECTRICITY GENERATING PUBLIC ADR,0
1562296,Thai Union Group Public Co Limited/ADR,THFRF,OTC,0001562296,THAI UNION PUBLIC ADR,0
1562296,Thai Union Group Public Co Limited/ADR,TUFUF,OTC,0001562296,THAI UNION PUBLIC ADR,0
1562401,American Homes 4 Rent,AMH-PG,NYSE,0001562401,AMERICAN HOMES 4 RENT,1
1562401,American Homes 4 Rent,AMH-PH,NYSE,0001562401,AMERICAN HOMES 4 RENT,1
1562463,First Internet Bancorp,INBKZ,Nasdaq,0001562463,FIRST INTERNET,1
1562528,"Franklin BSP Realty Trust, Inc.",FBRT-PE,NYSE,0001562528,FRANKLIN BSP REALTY,1
1564538,GRANITE REAL ESTATE INVESTMENT TRUST,GRTUF,OTC,0001564538,GRANITE REAL ESTATE INVESTMENT,0
1564708,NEWS CORP,NWSLL,OTC,0001564708,NEWS,0
1567526,IHI Corporation/ADR,IHICF,OTC,0001567526,IHI ADR,0
1568183,AURANIA RESOURCES LTD.,AUIWF,OTC,0001568183,AURANIA RESOURCES,0
1569187,"AH Realty Trust, Inc.",AHRT-PA,NYSE,0001569187,AH REALTY,1
1569650,Bank OZK,OZKAP,Nasdaq,0001569650,OZK,1
1570299,Nichirei Corporation/ADR,NCHEF,OTC,0001570299,NICHIREI ADR,0
1571283,"Rexford Industrial Realty, Inc.",REXR-PB,NYSE,0001571283,REXFORD INDUSTRIAL REALTY,1
1571283,"Rexford Industrial Realty, Inc.",REXR-PC,NYSE,0001571283,REXFORD INDUSTRIAL REALTY,1
1574085,Braemar Hotels & Resorts Inc.,BHR-PB,NYSE,0001574085,BRAEMAR HOTELS RESORTS,1
1574085,Braemar Hotels & Resorts Inc.,BHR-PD,NYSE,0001574085,BRAEMAR HOTELS RESORTS,1
1577552,Alibaba Group Holding Ltd,BBAAY,OTC,0001577552,ALIBABA,0
1578453,Dynagas LNG Partners LP,DLNG-PA,NYSE,0001578453,DYNAGAS LNG PARTNERS,1
1580149,BIOVIE INC.,BIVIW,Nasdaq,0001580149,BIOVIE,1
1580226,Hutchison Port Holdings Trust/ADR,HCTPF,OTC,0001580226,HUTCHISON PORT ADR,0
1580864,"Vroom, Inc.",VRMWW,OTC,0001580864,VROOM,0
1582820,IPSOS/ADR,IPSOF,OTC,0001582820,IPSOS ADR,0
1582982,"CareCloud, Inc.",CCLDO,Nasdaq,0001582982,CARECLOUD,1
1583771,"Hepion Pharmaceuticals, Inc.",CTRVP,OTC,0001583771,HEPION PHARMACEUTICALS,0
1584273,"Sanrio Company, Ltd./ADR",SNROF,OTC,0001584273,SANRIO ADR,0
1585101,"HINES GLOBAL INCOME TRUST, INC.",HGIT,OTC,0001585101,HINES GLOBAL INCOME,0
1587603,"WINNERS, INC.",WNRSD,OTC,0001587603,WINNERS,0
1587987,"NewtekOne, Inc.",NEWTG,Nasdaq,0001587987,NEWTEKONE,1
1587987,"NewtekOne, Inc.",NEWTH,Nasdaq,0001587987,NEWTEKONE,1
1587987,"NewtekOne, Inc.",NEWTO,Nasdaq,0001587987,NEWTEKONE,1
1587987,"NewtekOne, Inc.",NEWTP,Nasdaq,0001587987,NEWTEKONE,1
1590364,FTAI Aviation Ltd.,FTAIM,Nasdaq,0001590364,FTAI AVIATION,1
1590364,FTAI Aviation Ltd.,FTAIN,Nasdaq,0001590364,FTAI AVIATION,1
1591890,FG Nexus Inc.,FGNXP,Nasdaq,0001591890,FG NEXUS,1
1593538,NAVIENT CORP,JSM,Nasdaq,0001593538,NAVIENT,1
1594968,Loan Artificial Intelligence Corp.,LAAI,OTC,0001594968,LOAN ARTIFICIAL INTELLIGENCE,0
1595761,WEIBO Corp,WEIBF,OTC,0001595761,WEIBO,0
1598655,GasLog Partners LP,GLOP-PB,NYSE,0001598655,GASLOG PARTNERS,1
1598655,GasLog Partners LP,GLOP-PC,NYSE,0001598655,GASLOG PARTNERS,1
1599407,1847 Holdings LLC,LBRA,OTC,0001599407,1847,0
1600928,Hamamatsu Photonics K.K./ADR,HPHTF,OTC,0001600928,HAMAMATSU PHOTONICS K K ADR,0
1601712,Synchrony Financial,SYF-PA,NYSE,0001601712,SYNCHRONY,1
1601712,Synchrony Financial,SYF-PB,NYSE,0001601712,SYNCHRONY,1
1604174,Eagle Point Credit Co Inc.,ECCC,NYSE,0001604174,EAGLE POINT CREDIT,1
1604174,Eagle Point Credit Co Inc.,ECC-PD,NYSE,0001604174,EAGLE POINT CREDIT,1
1604174,Eagle Point Credit Co Inc.,ECCU,NYSE,0001604174,EAGLE POINT CREDIT,1
1604174,Eagle Point Credit Co Inc.,ECCV,NYSE,0001604174,EAGLE POINT CREDIT,1
1605755,Moncler S.p.A./ADR,MONRF,OTC,0001605755,MONCLER S P ADR,0
1605888,ATLANTIC INTERNATIONAL CORP.,SQLLW,OTC,0001605888,ATLANTIC INTERNATIONAL,0
1606268,"Via Renewables, Inc.",VIASP,Nasdaq,0001606268,VIA RENEWABLES,1
1608401,ISS A/S / ADR,ISADY,OTC,0001608401,ISS S ADR,0
1608401,ISS A/S / ADR,ISFFF,OTC,0001608401,ISS S ADR,0
1610820,BriaCell Therapeutics Corp.,BCTXL,Nasdaq,0001610820,BRIACELL THERAPEUTICS,1
1610820,BriaCell Therapeutics Corp.,BCTXZ,Nasdaq,0001610820,BRIACELL THERAPEUTICS,1
1610940,Amplify Commodity Trust,BWET,NYSE,0001610940,AMPLIFY COMMODITY,1
1611983,Liberty Broadband Corp,LBRDP,Nasdaq,0001611983,LIBERTY BROADBAND,1
1613780,DBV Technologies S.A.,DBVTF,OTC,0001613780,DBV TECHNOLOGIES S,0
1614806,Rithm Property Trust Inc.,RPT-PC,NYSE,0001614806,RITHM PROPERTY,1
1616736,Alpha Investment Inc.,GGBY,OTC,0001616736,ALPHA INVESTMENT,0
1618563,National Storage Affiliates Trust,NSA-PB,NYSE,0001618563,STORAGE AFFILIATES,1
1628171,"Revolution Medicines, Inc.",RVMDW,Nasdaq,0001628171,REVOLUTION MEDICINES,1
1629019,Merchants Bancorp,MBINL,Nasdaq,0001629019,MERCHANTS,1
1629019,Merchants Bancorp,MBINM,Nasdaq,0001629019,MERCHANTS,1
1629019,Merchants Bancorp,MBINN,Nasdaq,0001629019,MERCHANTS,1
1630472,"TPG RE Finance Trust, Inc.",TRTX-PC,NYSE,0001630472,TPG RE FINANCE,1
1630805,"Babcock & Wilcox Enterprises, Inc.",BWNB,NYSE,0001630805,BABCOCK WILCOX ENTERPRISES,1
1630805,"Babcock & Wilcox Enterprises, Inc.",BW-PA,NYSE,0001630805,BABCOCK WILCOX ENTERPRISES,1
1631596,KKR Real Estate Finance Trust Inc.,KREF-PA,NYSE,0001631596,KKR REAL ESTATE FINANCE,1
1633336,"Crescent Capital BDC, Inc.",FCRX,NYSE,0001633336,CRESCENT CAPITAL BDC,1
1635077,"Aclarion, Inc.",ACONW,Nasdaq,0001635077,ACLARION,1
1638911,DUKE Robotics Corp.,DUKRW,Nasdaq,0001638911,DUKE ROBOTICS,1
1642122,"Associated Capital Group, Inc.",ACGP,OTC,0001642122,ASSOCIATED CAPITAL,0
1642178,Algernon Health Inc.,AGNPD,OTC,0001642178,ALGERNON HEALTH,0
1643198,JB Hi-Fi Limited/ADR,JBHIF,OTC,0001643198,JB HI FI ADR,0
1643721,"LEAFBUYER TECHNOLOGIES, INC.",LBUYD,OTC,0001643721,LEAFBUYER TECHNOLOGIES,0
1645590,Hewlett Packard Enterprise Co,HPE-PC,NYSE,0001645590,HEWLETT PACKARD ENTERPRISE,1
1645873,"MODIV INDUSTRIAL, INC.",MDV-PA,NYSE,0001645873,MODIV INDUSTRIAL,1
1648087,AMERICAN REBEL HOLDINGS INC,AREBW,OTC,0001648087,AMERICAN REBEL,0
1648512,Shimadzu Corporation/ADR,SHMZF,OTC,0001648512,SHIMADZU ADR,0
1648636,Trillion Energy International Inc.,TRLED,OTC,0001648636,TRILLION ENERGY INTERNATIONAL,0
1648960,"Myseum.AI, Inc.",MYSEW,Nasdaq,0001648960,MYSEUM AI,1
1651308,BeOne Medicines Ltd.,BEIGF,OTC,0001651308,BEONE MEDICINES,0
1651721,"GENERATION INCOME PROPERTIES, INC.",GIPRW,Nasdaq,0001651721,GENERATION INCOME PROPERTIES,1
1653384,Runway Growth Finance Corp.,RWAYI,Nasdaq,0001653384,RUNWAY GROWTH FINANCE,1
1653384,Runway Growth Finance Corp.,RWAYL,Nasdaq,0001653384,RUNWAY GROWTH FINANCE,1
1654508,"Ibiden Co., Ltd./ADR",IBIDF,OTC,0001654508,IBIDEN ADR,0
1655190,Schindler Holding AG/ADR,SHLAF,OTC,0001655190,SCHINDLER AG ADR,0
1655190,Schindler Holding AG/ADR,SHLRF,OTC,0001655190,SCHINDLER AG ADR,0
1657853,"HERTZ GLOBAL HOLDINGS, INC",HTZWW,Nasdaq,0001657853,HERTZ GLOBAL,1
1658645,Stone Ridge Trust V,LENDX,,0001658645,STONE RIDGE V,0
1659323,Iterum Therapeutics plc,ITRMF,OTC,0001659323,ITERUM THERAPEUTICS,0
1659576,"Japan Post Bank Co., Ltd.",JPSTF,OTC,0001659576,JAPAN POST,0
1660734,Triton International Ltd,TRTN-PB,NYSE,0001660734,TRITON INTERNATIONAL,1
1660734,Triton International Ltd,TRTN-PC,NYSE,0001660734,TRITON INTERNATIONAL,1
1660734,Triton International Ltd,TRTN-PD,NYSE,0001660734,TRITON INTERNATIONAL,1
1660734,Triton International Ltd,TRTN-PE,NYSE,0001660734,TRITON INTERNATIONAL,1
1660734,Triton International Ltd,TRTN-PF,NYSE,0001660734,TRITON INTERNATIONAL,1
1660734,Triton International Ltd,TRTN-PG,NYSE,0001660734,TRITON INTERNATIONAL,1
1662972,"Blackstone Real Estate Income Trust, Inc.",BSTT,OTC,0001662972,BLACKSTONE REAL ESTATE INCOME,0
1663038,Quantum Genesis AI Corp.,QGAI,OTC,0001663038,QUANTUM GENESIS AI,0
1663712,NEXPOINT REAL ESTATE STRATEGIES FUND,NRSAX,,0001663712,NEXPOINT REAL ESTATE STRATEGIES FUND,0
1666175,Fortis Inc.,FINCF,OTC,0001666175,FORTIS,0
1666175,Fortis Inc.,FORFF,OTC,0001666175,FORTIS,0
1666175,Fortis Inc.,FRTJF,OTC,0001666175,FORTIS,0
1666175,Fortis Inc.,FRTSF,OTC,0001666175,FORTIS,0
1666175,Fortis Inc.,FTPSF,OTC,0001666175,FORTIS,0
1666175,Fortis Inc.,FTRSF,OTC,0001666175,FORTIS,0
1666244,"Cantor Fitzgerald Income Trust, Inc.",CFTR-PA,NYSE,0001666244,CANTOR FITZGERALD INCOME,1
1668393,"Cosmo Energy Holdings Co., Ltd./ADR",CEHCF,OTC,0001668393,COSMO ENERGY ADR,0
1673481,Sports Entertainment Gaming Global Corp,LTRYW,Nasdaq,0001673481,SPORTS ENTERTAINMENT GAMING GLOBAL,1
1674356,"Terra Property Trust, Inc.",TPTA,NYSE,0001674356,TERRA PROPERTY,1
1675033,Great Elm Capital Corp.,GECCG,Nasdaq,0001675033,GREAT ELM CAPITAL,1
1675033,Great Elm Capital Corp.,GECCH,Nasdaq,0001675033,GREAT ELM CAPITAL,1
1675033,Great Elm Capital Corp.,GECCI,Nasdaq,0001675033,GREAT ELM CAPITAL,1
1675033,Great Elm Capital Corp.,GECCO,Nasdaq,0001675033,GREAT ELM CAPITAL,1
1676047,NutriBand Inc.,NTRBW,Nasdaq,0001676047,NUTRIBAND,1
1677250,ZTO Express (Cayman) Inc.,ZTOEF,OTC,0001677250,ZTO EXPRESS CAYMAN,0
1677576,INNOVATIVE INDUSTRIAL PROPERTIES INC,IIPR-PA,NYSE,0001677576,INNOVATIVE INDUSTRIAL PROPERTIES,1
1678130,"RiverNorth/DoubleLine Strategic Opportunity Fund, Inc.",OPP-PA,NYSE,0001678130,RIVERNORTH DOUBLELINE STRATEGIC OPPORTUNITY FUND,1
1678130,"RiverNorth/DoubleLine Strategic Opportunity Fund, Inc.",OPP-PB,NYSE,0001678130,RIVERNORTH DOUBLELINE STRATEGIC OPPORTUNITY FUND,1
1678130,"RiverNorth/DoubleLine Strategic Opportunity Fund, Inc.",OPP-PC,NYSE,0001678130,RIVERNORTH DOUBLELINE STRATEGIC OPPORTUNITY FUND,1
1679688,"DigitalBridge Group, Inc.",DBRG-PH,NYSE,0001679688,DIGITALBRIDGE,1
1679688,"DigitalBridge Group, Inc.",DBRG-PI,NYSE,0001679688,DIGITALBRIDGE,1
1679688,"DigitalBridge Group, Inc.",DBRG-PJ,NYSE,0001679688,DIGITALBRIDGE,1
1679920,"Start Today Co., Ltd./ADR",SATLF,OTC,0001679920,START TODAY ADR,0
1680513,IMPACT ANALYTICS INC.,IPTND,OTC,0001680513,IMPACT ANALYTICS,0
1682220,Sachem Capital Corp.,SACH-PA,NYSE,0001682220,SACHEM CAPITAL,1
1682220,Sachem Capital Corp.,SCCD,NYSE,0001682220,SACHEM CAPITAL,1
1682220,Sachem Capital Corp.,SCCE,NYSE,0001682220,SACHEM CAPITAL,1
1682220,Sachem Capital Corp.,SCCF,NYSE,0001682220,SACHEM CAPITAL,1
1682220,Sachem Capital Corp.,SCCG,NYSE,0001682220,SACHEM CAPITAL,1
1685040,"Brighthouse Financial, Inc.",BHFAL,Nasdaq,0001685040,BRIGHTHOUSE,1
1685040,"Brighthouse Financial, Inc.",BHFAM,Nasdaq,0001685040,BRIGHTHOUSE,1
1685040,"Brighthouse Financial, Inc.",BHFAN,Nasdaq,0001685040,BRIGHTHOUSE,1
1685040,"Brighthouse Financial, Inc.",BHFAO,Nasdaq,0001685040,BRIGHTHOUSE,1
1685040,"Brighthouse Financial, Inc.",BHFAP,Nasdaq,0001685040,BRIGHTHOUSE,1
1686009,Evolution Mining Limited/ADR,CAHPF,OTC,0001686009,EVOLUTION MINING ADR,0
1687187,"Ramaco Resources, Inc.",METCB,Nasdaq,0001687187,RAMACO RESOURCES,1
1687187,"Ramaco Resources, Inc.",METCI,Nasdaq,0001687187,RAMACO RESOURCES,1
1687187,"Ramaco Resources, Inc.",METCZ,Nasdaq,0001687187,RAMACO RESOURCES,1
1690012,"InPoint Commercial Real Estate Income, Inc.",ICRL,OTC,0001690012,INPOINT COMMERCIAL REAL ESTATE INCOME,0
1690012,"InPoint Commercial Real Estate Income, Inc.",ICRP,OTC,0001690012,INPOINT COMMERCIAL REAL ESTATE INCOME,0
1691445,FinVolution Group,FVGPY,OTC,0001691445,FINVOLUTION,0
1692345,"PROCACCIANTI HOTEL REIT, INC.",PRXA,OTC,0001692345,PROCACCIANTI HOTEL REIT,0
1693577,"MainStreet Bancshares, Inc.",MNSBP,Nasdaq,0001693577,MAINSTREET BANCSHARES,1
1698538,"Strategic Student & Senior Housing Trust, Inc.",STSR,OTC,0001698538,STRATEGIC STUDENT SENIOR HOUSING,0
1699880,American Lithium Corp.,AMLIF,OTC,0001699880,AMERICAN LITHIUM,0
1699967,Meitu Inc./ADR,MEIUF,OTC,0001699967,MEITU ADR,0
1703644,Granite Point Mortgage Trust Inc.,GPMT-PA,NYSE,0001703644,GRANITE POINT MORTGAGE,1
1705012,"Fat Brands, Inc",FABTQ,OTC,0001705012,FAT BRANDS,0
1705012,"Fat Brands, Inc",FATPQ,OTC,0001705012,FAT BRANDS,0
1705455,"ZENKOKU HOSHO Co., Ltd./ADR",ZNKUF,OTC,0001705455,ZENKOKU HOSHO ADR,0
1705969,dormakaba Holding AG,DRRKF,OTC,0001705969,DORMAKABA AG,0
1706795,Barry Callebaut AG/ADR,BYCBF,OTC,0001706795,BARRY CALLEBAUT AG ADR,0
1708160,Alset Capital Inc.,GPUSD,OTC,0001708160,ALSET CAPITAL,0
1710680,HIGHLAND OPPORTUNITIES & INCOME FUND,HFRO-PA,NYSE,0001710680,HIGHLAND OPPORTUNITIES INCOME FUND,1
1710680,HIGHLAND OPPORTUNITIES & INCOME FUND,HFRO-PB,NYSE,0001710680,HIGHLAND OPPORTUNITIES INCOME FUND,1
1711929,"Starwood Real Estate Income Trust, Inc.",SWDR,OTC,0001711929,STARWOOD REAL ESTATE INCOME,0
1712356,Hydro One Ltd,HYNLY,OTC,0001712356,HYDRO ONE,0
1712762,"bioAffinity Technologies, Inc.",BIAFW,Nasdaq,0001712762,BIOAFFINITY TECHNOLOGIES,1
1713675,Schaeffler AG/ADR,SCAFF,OTC,0001713675,SCHAEFFLER AG ADR,0
1716885,Angel Oak Strategic Credit Fund,ASCIX,,0001716885,ANGEL OAK STRATEGIC CREDIT FUND,0
1716947,"Ensysce Biosciences, Inc.",ENSCW,OTC,0001716947,ENSYSCE BIOSCIENCES,0
1716951,"OFS Credit Company, Inc.",OCCIM,Nasdaq,0001716951,OFS CREDIT,1
1716951,"OFS Credit Company, Inc.",OCCIN,Nasdaq,0001716951,OFS CREDIT,1
1718224,"BT Brands, Inc.",BTBDW,Nasdaq,0001718224,BT BRANDS,1
1718405,HYCROFT MINING HOLDING CORP,HYMCW,OTC,0001718405,HYCROFT MINING,0
1719117,ASR Nederland N.V./ADR,ASRRF,OTC,0001719117,ASR NEDERLAND V ADR,0
1719406,"NRX Pharmaceuticals, Inc.",NRXPW,Nasdaq,0001719406,NRX PHARMACEUTICALS,1
1721056,HOOPS SCOUTING USA,HSCT,OTC,0001721056,HOOPS SCOUTING USA,0
1722556,BestGofer Inc.,BGFR,OTC,0001722556,BESTGOFER,0
1723701,PIMCO Flexible Municipal Income Fund,PMFAX,,0001723701,PIMCO FLEXIBLE MUNICIPAL INCOME FUND,0
1727255,Chilean Cobalt Corp.,COBA,OTC,0001727255,CHILEAN COBALT,0
1728918,AIB Group plc/ADR,AIBRF,OTC,0001728918,AIB ADR,0
1729514,VAT Group AG/ADR,VTTGF,OTC,0001729514,VAT AG ADR,0
1733257,"Finch Therapeutics Group, Inc.",FNCHQ,OTC,0001733257,FINCH THERAPEUTICS,0
1733861,REST EZ Inc.,RTEZ,OTC,0001733861,REST EZ,0
1733968,West Red Lake Gold Mines Ltd.,WLGMF,OTC,0001733968,WEST RED LAKE GOLD MINES,0
1733968,West Red Lake Gold Mines Ltd.,WRLRF,OTC,0001733968,WEST RED LAKE GOLD MINES,0
1733968,West Red Lake Gold Mines Ltd.,WRLWF,OTC,0001733968,WEST RED LAKE GOLD MINES,0
1736510,Variant Alternative Income Fund,NICHX,,0001736510,VARIANT ALTERNATIVE INCOME FUND,0
1737995,Sharps Technology Inc.,STSSW,Nasdaq,0001737995,SHARPS TECHNOLOGY,1
1739016,Elevra Lithium Ltd,SYAXF,OTC,0001739016,ELEVRA LITHIUM,0
1741530,"Qfin Holdings, Inc.",QFNHF,OTC,0001741530,QFIN,0
1743905,Rail Vision Ltd.,RVSNW,Nasdaq,0001743905,RAIL VISION,1
1744676,Tencent Music Entertainment Group,TCMEF,OTC,0001744676,TENCENT MUSIC ENTERTAINMENT,0
1748137,NeoVolta Inc.,NEOVW,Nasdaq,0001748137,NEOVOLTA,1
1748680,1WS Credit Income Fund,OWSCX,,0001748680,1WS CREDIT INCOME FUND,0
1751162,China Tower Corp Limited/ADR,CHWRF,OTC,0001751162,CHINA TOWER ADR,0
1752564,"Mercari, Inc./ADR",MRCIF,OTC,0001752564,MERCARI ADR,0
1752828,Celularity Inc,CELUW,Nasdaq,0001752828,CELULARITY,1
1753539,BlackSky Technology Inc.,BKSY-WT,NYSE,0001753539,BLACKSKY TECHNOLOGY,1
1753712,Lord Abbett Credit Opportunities Fund,LARAX,,0001753712,LORD ABBETT CREDIT OPPORTUNITIES FUND,0
1754088,Meituan Dianping/ADR,MPNGF,OTC,0001754088,MEITUAN DIANPING ADR,0
1754836,Eagle Point Income Co Inc.,EICA,NYSE,0001754836,EAGLE POINT INCOME,1
1756404,Principal Real Asset Fund,PDSKX,,0001756404,PRINCIPAL REAL ASSET FUND,0
1758699,TRANSUITE.ORG INC.,TRSO,OTC,0001758699,TRANSUITE ORG,0
1759824,ALTA EQUIPMENT GROUP INC.,ALTG-PA,NYSE,0001759824,ALTA EQUIPMENT,1
1760689,"Microvast Holdings, Inc.",MVSTW,Nasdaq,0001760689,MICROVAST,1
1760854,Nanobiotix S.A.,NNBXF,OTC,0001760854,NANOBIOTIX S,0
1765048,GUOCHUN INTERNATIONAL INC.,GCGJ,OTC,0001765048,GUOCHUN INTERNATIONAL,0
1765651,Pacific Sports Exchange Inc.,PSPX,OTC,0001765651,PACIFIC SPORTS EXCHANGE,0
1766478,"Angel Oak Mortgage REIT, Inc.",AOMD,NYSE,0001766478,ANGEL OAK MORTGAGE REIT,1
1766478,"Angel Oak Mortgage REIT, Inc.",AOMN,NYSE,0001766478,ANGEL OAK MORTGAGE REIT,1
1766868,Addtech AB/ADR,ADDTF,OTC,0001766868,ADDTECH AB ADR,0
1769624,Triller Group Inc.,ILLRW,Nasdaq,0001769624,TRILLER,1
1770114,Saab AB/ADR,SAABF,OTC,0001770114,SAAB AB ADR,0
1770450,Xerox Holdings Corp,XRXDW,Nasdaq,0001770450,XEROX,1
1774163,Innovent Biologics Inc/ADR,IVBXF,OTC,0001774163,INNOVENT BIOLOGICS ADR,0
1774675,Skillsoft Corp.,SKILW,OTC,0001774675,SKILLSOFT,0
1775734,Beneficient,BENFW,Nasdaq,0001775734,BENEFICIENT,1
1778788,Webjet Limited/ADR,WEBJF,OTC,0001778788,WEBJET ADR,0
1779372,"HeartBeam, Inc.",BEATW,Nasdaq,0001779372,HEARTBEAM,1
1779474,"WM TECHNOLOGY, INC.",MAPSW,OTC,0001779474,WM TECHNOLOGY,0
1781162,Momentus Inc.,MNTSW,Nasdaq,0001781162,MOMENTUS,1
1781193,QUHUO Ltd,QHUOD,OTC,0001781193,QUHUO,0
1781629,"Ankam, Inc.",ANKM,OTC,0001781629,ANKAM,0
1781726,NP Life Sciences Health Industry Group Inc.,ACAT,OTC,0001781726,NP LIFE SCIENCES HEALTH INDUSTRY,0
1785424,"Katapult Holdings, Inc.",KPLTW,Nasdaq,0001785424,KATAPULT,1
1786108,Trinity Capital Inc.,TRINI,Nasdaq,0001786108,TRINITY CAPITAL,1
1786108,Trinity Capital Inc.,TRINZ,Nasdaq,0001786108,TRINITY CAPITAL,1
1786117,"Alpine Income Property Trust, Inc.",PINE-PA,NYSE,0001786117,ALPINE INCOME PROPERTY,1
1786248,"NexPoint Real Estate Finance, Inc.",NREF-PA,NYSE,0001786248,NEXPOINT REAL ESTATE FINANCE,1
1787518,T3 Defense Inc.,DFNSW,Nasdaq,0001787518,T3 DEFENSE,1
1788028,"Jasper Therapeutics, Inc.",JSPRW,Nasdaq,0001788028,JASPER THERAPEUTICS,1
1788707,Adyen N.V./ADR,ADYYF,OTC,0001788707,ADYEN V ADR,0
1788841,micromobility.com Inc.,MCOMW,OTC,0001788841,MICROMOBILITY COM,0
1789135,Plastic Omnium/ADR,PASTF,OTC,0001789135,PLASTIC OMNIUM ADR,0
1789444,Protector Forsikring/ADR,PSKRF,OTC,0001789444,PROTECTOR FORSIKRING ADR,0
1793497,VS Trust,UVIX,CBOE,0001793497,VS,0
1794363,Sartorius Stedim Biotech S.A./ADR,SDMHF,OTC,0001794363,SARTORIUS STEDIM BIOTECH S ADR,0
1794669,"Shift4 Payments, Inc.",FOUR-PA,NYSE,0001794669,SHIFT4 PAYMENTS,1
1795589,Kingsoft Cloud Holdings Ltd,KCLHF,OTC,0001795589,KINGSOFT CLOUD,0
1796026,Dino Polska S.A./ADR,DNOPF,OTC,0001796026,DINO POLSKA S ADR,0
1798562,TMC the metals Co Inc.,TMCWW,Nasdaq,0001798562,TMC METALS,1
1799191,"Oncology Institute, Inc.",TOIIW,Nasdaq,0001799191,ONCOLOGY INSTITUTE,1
1800392,MicroAlgo Inc.,VENAF,OTC,0001800392,MICROALGO,0
1801169,Opendoor Technologies Inc.,OPENL,Nasdaq,0001801169,OPENDOOR TECHNOLOGIES,1
1801169,Opendoor Technologies Inc.,OPENW,Nasdaq,0001801169,OPENDOOR TECHNOLOGIES,1
1801169,Opendoor Technologies Inc.,OPENZ,Nasdaq,0001801169,OPENDOOR TECHNOLOGIES,1
1801417,byNordic Acquisition Corp,BYNOU,OTC,0001801417,BYNORDIC ACQUISITION,0
1801417,byNordic Acquisition Corp,BYNOW,OTC,0001801417,BYNORDIC ACQUISITION,0
1801602,"SpringBig Holdings, Inc.",SBIGW,OTC,0001801602,SPRINGBIG,0
1801729,"Nitori Holdings Co., Ltd.",NCLTF,OTC,0001801729,NITORI,0
1802450,"MSP Recovery, Inc.",MSPRW,OTC,0001802450,MSP RECOVERY,0
1802450,"MSP Recovery, Inc.",MSPRZ,OTC,0001802450,MSP RECOVERY,0
1802457,"Origin Materials, Inc.",ORGNW,Nasdaq,0001802457,ORIGIN MATERIALS,1
1803901,"Talkspace, Inc.",TALKW,Nasdaq,0001803901,TALKSPACE,1
1804469,"Guardforce AI Co., Ltd.",GFAIW,Nasdaq,0001804469,GUARDFORCE AI,1
1805385,"Evolv Technologies Holdings, Inc.",EVLVW,Nasdaq,0001805385,EVOLV TECHNOLOGIES,1
1805521,FARADAY FUTURE INTELLIGENT ELECTRIC INC.,FFAIW,Nasdaq,0001805521,FARADAY FUTURE INTELLIGENT ELECTRIC,1
1805526,DeFi Development Corp.,DFDVW,Nasdaq,0001805526,DEFI DEVELOPMENT,1
1805526,DeFi Development Corp.,DFUKF,OTC,0001805526,DEFI DEVELOPMENT,0
1805833,"System1, Inc.",SSTPW,OTC,0001805833,SYSTEM1,0
1807765,PMV Consumer Acquisition Corp.,PMVCW,OTC,0001807765,PMV CONSUMER ACQUISITION,0
1808377,Innovative Eyewear Inc,LUCYW,Nasdaq,0001808377,INNOVATIVE EYEWEAR,1
1809158,Kuke Music Holding Ltd,KUKEY,OTC,0001809158,KUKE MUSIC,0
1809750,Edible Garden AG Inc,EDBLW,Nasdaq,0001809750,EDIBLE GARDEN AG,1
1810560,"REVELATION BIOSCIENCES, INC.",REVBW,Nasdaq,0001810560,REVELATION BIOSCIENCES,1
1811115,Renalytix plc,RENXF,OTC,0001811115,RENALYTIX,0
1812173,Vicarious Surgical Inc.,RBOTW,OTC,0001812173,VICARIOUS SURGICAL,0
1812360,FOXO TECHNOLOGIES INC.,FOXOW,OTC,0001812360,FOXO TECHNOLOGIES,0
1814215,"Nuburu, Inc.",BURUW,OTC,0001814215,NUBURU,0
1814287,"Abacus Global Management, Inc.",ABXL,NYSE,0001814287,ABACUS GLOBAL MANAGEMENT,1
1815620,Opthea Ltd,OPTEY,OTC,0001815620,OPTHEA,0
1815846,MINISO Group Holding Ltd,MSOGF,OTC,0001815846,MINISO,0
1816431,Quantum-Si Inc,QSIAW,Nasdaq,0001816431,QUANTUM SI,1
1816708,"Owlet, Inc.",OWLTW,OTC,0001816708,OWLET,0
1817232,Global Gas Corp,HGASW,OTC,0001817232,GLOBAL GAS,0
1818331,GeneDx Holdings Corp.,WGSWW,Nasdaq,0001818331,GENEDX,1
1818382,"Humacyte, Inc.",HUMAW,Nasdaq,0001818382,HUMACYTE,1
1818502,OppFi Inc.,OPFI-WT,NYSE,0001818502,OPPFI,1
1818643,"Phoenix Energy One, LLC",PHXE-P,NYSE,0001818643,PHOENIX ENERGY ONE,1
1818644,"AEye, Inc.",LIDRW,Nasdaq,0001818644,AEYE,1
1819142,SES AI Corp,SES-WT,NYSE,0001819142,SES AI,1
1819175,Prime Impact Acquisition I,PRIAF,OTC,0001819175,PRIME IMPACT ACQUISITION I,0
1819438,"ESS Tech, Inc.",GWH-WT,NYSE,0001819438,ESS TECH,1
1819493,"Xos, Inc.",XOSWW,Nasdaq,0001819493,XOS,1
1819516,Wheels Up Experience Inc.,WSUPW,OTC,0001819516,WHEELS UP EXPERIENCE,0
1819848,"Joby Aviation, Inc.",JOBY-WT,NYSE,0001819848,JOBY AVIATION,1
1820190,Scilex Holding Co,SCLXW,Nasdaq,0001820190,SCILEX,1
1820302,"Bakkt, Inc.",BKKT-WT,NYSE,0001820302,BAKKT,1
1820875,CXApp Inc.,CXAIW,Nasdaq,0001820875,CXAPP,1
1821159,EVgo Inc.,EVGOW,Nasdaq,0001821159,EVGO,1
1822928,Holley Inc.,HLLY-WT,NYSE,0001822928,HOLLEY,1
1822989,Lasertec Corporation/ADR,LSRCF,OTC,0001822989,LASERTEC ADR,0
1822993,Jackson Financial Inc.,JXN-PA,NYSE,0001822993,JACKSON,1
1823466,"FiscalNote Holdings, Inc.",NOTEW,OTC,0001823466,FISCALNOTE,0
1823584,ALLIANCE ENTERTAINMENT HOLDING CORP,AENTW,Nasdaq,0001823584,ALLIANCE ENTERTAINMENT,1
1823587,Sky Harbour Group Corp,SKYH-WT,NYSE,0001823587,SKY HARBOUR,1
1823593,TuSimple Holdings Inc.,TSPH,OTC,0001823593,TUSIMPLE,0
1823652,"Eve Holding, Inc.",EVEX-WT,NYSE,0001823652,EVE,1
1823878,"PLAYSTUDIOS, Inc.",MYPSW,Nasdaq,0001823878,PLAYSTUDIOS,1
1824204,Park View OZ REIT Inc,PVOZ,OTC,0001824204,PARK VIEW OZ REIT,0
1824403,"Reservoir Media, Inc.",RSVRW,Nasdaq,0001824403,RESERVOIR MEDIA,1
1824502,Archer Aviation Inc.,ACHR-WT,NYSE,0001824502,ARCHER AVIATION,1
1824893,"Surrozen, Inc./DE",SRZNW,Nasdaq,0001824893,SURROZEN DE,1
1824920,"IonQ, Inc.",IONQ-WT,NYSE,0001824920,IONQ,1
1825024,Offerpad Solutions Inc.,OPADW,OTC,0001825024,OFFERPAD SOLUTIONS,0
1825079,"Velo3D, Inc.",VLDXW,OTC,0001825079,VELO3D,0
1825248,Franklin BSP Capital Corp,FRBP,OTC,0001825248,FRANKLIN BSP CAPITAL,0
1825452,"Onfolio Holdings, Inc",ONFOP,OTC,0001825452,ONFOLIO,0
1825452,"Onfolio Holdings, Inc",ONFOW,Nasdaq,0001825452,ONFOLIO,1
1826000,"Latch, Inc.",LTCHW,OTC,0001826000,LATCH,0
1826011,"Banzai International, Inc.",BNZIW,Nasdaq,0001826011,BANZAI INTERNATIONAL,1
1826667,"TriSalus Life Sciences, Inc.",TLSIW,Nasdaq,0001826667,TRISALUS LIFE SCIENCES,1
1826681,Palladyne AI Corp.,PDYNW,Nasdaq,0001826681,PALLADYNE AI,1
1826779,Tomy Co Ltd/ADR,TOMYF,OTC,0001826779,TOMY ADR,0
1826889,"Beachbody Company, Inc.",BODYW,OTC,0001826889,BEACHBODY,0
1827899,Crown PropTech Acquisitions,CPTKW,OTC,0001827899,CROWN PROPTECH ACQUISITIONS,0
1828105,Hippo Holdings Inc.,HIPOW,OTC,0001828105,HIPPO,0
1828108,"Aurora Innovation, Inc.",AUROW,Nasdaq,0001828108,AURORA INNOVATION,1
1828972,"BuzzFeed, Inc.",BZFDW,Nasdaq,0001828972,BUZZFEED,1
1829247,"BullFrog AI Holdings, Inc.",BFRGW,Nasdaq,0001829247,BULLFROG AI,1
1830033,"PureCycle Technologies, Inc.",PCTBP,OTC,0001830033,PURECYCLE TECHNOLOGIES,0
1830033,"PureCycle Technologies, Inc.",PCTTU,Nasdaq,0001830033,PURECYCLE TECHNOLOGIES,1
1830033,"PureCycle Technologies, Inc.",PCTTW,Nasdaq,0001830033,PURECYCLE TECHNOLOGIES,1
1830056,Siemens Energy AG/ADR,SMEGF,OTC,0001830056,SIEMENS ENERGY AG ADR,0
1830081,Rumble Inc.,RUMBW,Nasdaq,0001830081,RUMBLE,1
1830214,"Ginkgo Bioworks Holdings, Inc.",DNABW,OTC,0001830214,GINKGO BIOWORKS,0
1830696,GLOBAL LEADERS CORP,GLCP,OTC,0001830696,GLOBAL LEADERS,0
1831096,"Great Elm Group, Inc.",GEGGL,Nasdaq,0001831096,GREAT ELM,1
1831283,LianBio,LIANY,OTC,0001831283,LIANBIO,0
1831359,Jaws Mustang Acquisition Corp,JWSUF,OTC,0001831359,JAWS MUSTANG ACQUISITION,0
1831359,Jaws Mustang Acquisition Corp,JWSWF,OTC,0001831359,JAWS MUSTANG ACQUISITION,0
1831868,SeaStar Medical Holding Corp,ICUCW,Nasdaq,0001831868,SEASTAR MEDICAL,1
1831979,Stardust Power Inc.,SDSTW,Nasdaq,0001831979,STARDUST POWER,1
1832511,P3 Health Partners Inc.,PIIIW,Nasdaq,0001832511,P3 HEALTH PARTNERS,1
1833214,"SAB Biotherapeutics, Inc.",SABSW,Nasdaq,0001833214,SAB BIOTHERAPEUTICS,1
1833498,"Spectral AI, Inc.",MDAIW,Nasdaq,0001833498,SPECTRAL AI,1
1834026,Gold Royalty Corp.,GROY-WT,NYSE,0001834026,GOLD ROYALTY,1
1834032,Constellation Acquisition Corp I,CSTUF,OTC,0001834032,CONSTELLATION ACQUISITION I,0
1834032,Constellation Acquisition Corp I,CSTWF,OTC,0001834032,CONSTELLATION ACQUISITION I,0
1834048,Sendas Distributor S.A.,ASAIY,OTC,0001834048,SENDAS DISTRIBUTOR S,0
1834267,Nongfu Spring Co. Ltd./ADR,NNFSF,OTC,0001834267,NONGFU SPRING ADR,0
1834526,GP-Act III Acquisition Corp.,GPATU,Nasdaq,0001834526,GP ACT III ACQUISITION,1
1834526,GP-Act III Acquisition Corp.,GPATW,Nasdaq,0001834526,GP ACT III ACQUISITION,1
1834868,Alternative Ballistics Corp,ALBC,OTC,0001834868,ALTERNATIVE BALLISTICS,0
1835724,Zhihu Inc.,ZHIHF,OTC,0001835724,ZHIHU,0
1835856,Better Home & Finance Holding Co,BETRW,Nasdaq,0001835856,BETTER HOME FINANCE,1
1836503,GIANT MINING CORP.,BFGFD,OTC,0001836503,GIANT MINING,0
1836934,Zenvia Inc.,ZENVF,OTC,0001836934,ZENVIA,0
1836981,"BigBear.ai Holdings, Inc.",BBAI-WT,NYSE,0001836981,BIGBEAR AI,1
1837493,Inspira Technologies OXY B.H.N. Ltd,IINNW,Nasdaq,0001837493,INSPIRA TECHNOLOGIES OXY B H,1
1837671,Copper Property CTL Pass Through Trust,CPPTL,OTC,0001837671,COPPER PROPERTY CTL PASS THROUGH,0
1838163,Brand Engagement Network Inc.,BNAIW,Nasdaq,0001838163,BRAND ENGAGEMENT NETWORK,1
1838359,"Rigetti Computing, Inc.",RGTIW,Nasdaq,0001838359,RIGETTI COMPUTING,1
1838987,SunPower Inc.,SPWRW,Nasdaq,0001838987,SUNPOWER,1
1839154,Nevada King Gold Corp.,NKGFD,OTC,0001839154,NEVADA KING GOLD,0
1839341,"Core Scientific, Inc./tx",CORZR,OTC,0001839341,CORE SCIENTIFIC TX,0
1839341,"Core Scientific, Inc./tx",CORZW,Nasdaq,0001839341,CORE SCIENTIFIC TX,1
1839341,"Core Scientific, Inc./tx",CORZZ,Nasdaq,0001839341,CORE SCIENTIFIC TX,1
1839530,"XBP Global Holdings, Inc.",XBPEW,Nasdaq,0001839530,XBP GLOBAL,1
1840199,Waldencast plc,WALDW,Nasdaq,0001840199,WALDENCAST,1
1840317,VEEA INC.,VEEAW,Nasdaq,0001840317,VEEA,1
1840425,"OSR Holdings, Inc.",OSRHW,Nasdaq,0001840425,OSR,1
1840502,Taboola.com Ltd.,TBLAW,Nasdaq,0001840502,TABOOLA COM,1
1840780,Local Bounti Corporation/DE,LOCLW,OTC,0001840780,LOCAL BOUNTI DE,0
1840856,"SOUNDHOUND AI, INC.",SOUNW,Nasdaq,0001840856,SOUNDHOUND AI,1
1840877,"Envoy Medical, Inc.",COCHW,Nasdaq,0001840877,ENVOY MEDICAL,1
1841125,"Bolt Projects Holdings, Inc.",BSLKW,OTC,0001841125,BOLT PROJECTS,0
1841209,MicroCloud Hologram Inc.,HOLOW,Nasdaq,0001841209,MICROCLOUD HOLOGRAM,1
1841330,Pasithea Therapeutics Corp.,KTTAW,Nasdaq,0001841330,PASITHEA THERAPEUTICS,1
1841408,Dave Inc./DE,DAVEW,Nasdaq,0001841408,DAVE DE,1
1841425,"Verde Clean Fuels, Inc.",VGASW,Nasdaq,0001841425,VERDE CLEAN FUELS,1
1841761,"Grove Collaborative Holdings, Inc.",GROVW,OTC,0001841761,GROVE COLLABORATIVE,0
1842556,EON Resources Inc.,EONR-WT,NYSE,0001842556,EON RESOURCES,1
1842566,"Airship AI Holdings, Inc.",AISPW,Nasdaq,0001842566,AIRSHIP AI,1
1842939,"Longevity Health Holdings, Inc.",XAGEW,OTC,0001842939,LONGEVITY HEALTH,0
1843656,Royalty Management Holding Corp,RMCOW,Nasdaq,0001843656,ROYALTY MANAGEMENT,1
1843714,"Zapata Quantum, Inc.",ZPTAW,OTC,0001843714,ZAPATA QUANTUM,0
1843724,"LanzaTech Global, Inc.",LNZAW,Nasdaq,0001843724,LANZATECH GLOBAL,1
1843973,FLYEXCLUSIVE INC.,FLYX-WT,NYSE,0001843973,FLYEXCLUSIVE,1
1844417,"Estrella Immunopharma, Inc.",ESLAW,Nasdaq,0001844417,ESTRELLA IMMUNOPHARMA,1
1844505,"QT IMAGING HOLDINGS, INC.",QTIWW,OTC,0001844505,QT IMAGING,0
1844862,"Solid Power, Inc.",SLDPW,Nasdaq,0001844862,SOLID POWER,1
1844971,Greenidge Generation Holdings Inc.,GREEL,Nasdaq,0001844971,GREENIDGE GENERATION,1
1845097,Ardagh Metal Packaging S.A.,AMPWF,OTC,0001845097,ARDAGH METAL PACKAGING S,0
1845123,"AleAnna, Inc.",ANNAW,Nasdaq,0001845123,ALEANNA,1
1845149,Chain Bridge I,CBGGF,OTC,0001845149,CHAIN BRIDGE I,0
1845149,Chain Bridge I,CBRGF,OTC,0001845149,CHAIN BRIDGE I,0
1845437,NET Power Inc.,NPWR-WT,NYSE,0001845437,NET POWER,1
1845550,Plum Acquisition Corp. III,PLMUF,OTC,0001845550,PLUM ACQUISITION III,0
1845550,Plum Acquisition Corp. III,PLMWF,OTC,0001845550,PLUM ACQUISITION III,0
1846235,International Media Acquisition Corp.,IMAQR,OTC,0001846235,INTERNATIONAL MEDIA ACQUISITION,0
1846235,International Media Acquisition Corp.,IMAQU,OTC,0001846235,INTERNATIONAL MEDIA ACQUISITION,0
1846235,International Media Acquisition Corp.,IMAQW,OTC,0001846235,INTERNATIONAL MEDIA ACQUISITION,0
1846253,"OmniAb, Inc.",OABIW,Nasdaq,0001846253,OMNIAB,1
1846416,Hennessy Capital Investment Corp. VII,HVIIR,Nasdaq,0001846416,HENNESSY CAPITAL INVESTMENT VII,1
1846416,Hennessy Capital Investment Corp. VII,HVIIU,Nasdaq,0001846416,HENNESSY CAPITAL INVESTMENT VII,1
1846702,"Forge Group, Inc.",FIGP,OTC,0001846702,FORGE,0
1847064,"PSQ Holdings, Inc.",PSQH-WT,NYSE,0001847064,PSQ,1
1847075,SAIHEAT Ltd,SAIHW,Nasdaq,0001847075,SAIHEAT,1
1847345,"Aspire Biopharma Holdings, Inc.",ASBPW,Nasdaq,0001847345,ASPIRE BIOPHARMA,1
1847846,EUDA Health Holdings Ltd,EUDAW,Nasdaq,0001847846,EUDA HEALTH,1
1847986,Dragonfly Energy Holdings Corp.,DFLIW,Nasdaq,0001847986,DRAGONFLY ENERGY,1
1848334,"OKMIN RESOURCES, INC.",OKMN,OTC,0001848334,OKMIN RESOURCES,0
1848672,Glidelogic Corp.,GDLG,OTC,0001848672,GLIDELOGIC,0
1848731,Glass House Brands Inc.,GHBWF,OTC,0001848731,GLASS HOUSE BRANDS,0
1848739,GDEV Inc.,GDEVW,Nasdaq,0001848739,GDEV,1
1848763,ReNew Energy Global plc,RNWWW,Nasdaq,0001848763,RENEW ENERGY GLOBAL,1
1848826,InPost S.A./ADR,INPOF,OTC,0001848826,INPOST S ADR,0
1849380,OneMedNet Corp,ONMDW,Nasdaq,0001849380,ONEMEDNET,1
1849635,Trump Media & Technology Group Corp.,DJTWW,Nasdaq,0001849635,TRUMP MEDIA TECHNOLOGY,1
1849820,"Nauticus Robotics, Inc.",KITTW,Nasdaq,0001849820,NAUTICUS ROBOTICS,1
1850059,Flag Ship Acquisition Corp,FSHPR,Nasdaq,0001850059,FLAG SHIP ACQUISITION,1
1851909,Compass Digital Acquisition Corp.,CDAUF,OTC,0001851909,COMPASS DIGITAL ACQUISITION,0
1851909,Compass Digital Acquisition Corp.,CDAWF,OTC,0001851909,COMPASS DIGITAL ACQUISITION,0
1851959,Concord Acquisition Corp II,CNDAU,OTC,0001851959,CONCORD ACQUISITION II,0
1851959,Concord Acquisition Corp II,CNDAW,OTC,0001851959,CONCORD ACQUISITION II,0
1851961,"GCT Semiconductor Holding, Inc.",GCTS-WT,NYSE,0001851961,GCT SEMICONDUCTOR,1
1852016,AltEnergy Acquisition Corp,AEAEU,OTC,0001852016,ALTENERGY ACQUISITION,0
1852016,AltEnergy Acquisition Corp,AEAEW,OTC,0001852016,ALTENERGY ACQUISITION,0
1852019,IX Acquisition Corp.,IXQUF,OTC,0001852019,IX ACQUISITION,0
1852019,IX Acquisition Corp.,IXQWF,OTC,0001852019,IX ACQUISITION,0
1852039,Grayscale Filecoin Trust (FIL),FILG,OTC,0001852039,GRAYSCALE FILECOIN FIL,0
1852207,Bold Eagle Acquisition Corp.,BEAGR,Nasdaq,0001852207,BOLD EAGLE ACQUISITION,1
1852207,Bold Eagle Acquisition Corp.,BEAGU,Nasdaq,0001852207,BOLD EAGLE ACQUISITION,1
1852551,Nova Minerals Ltd,NVAAF,OTC,0001852551,NOVA MINERALS,0
1852551,Nova Minerals Ltd,NVAWW,Nasdaq,0001852551,NOVA MINERALS,1
1852575,"Strategic Storage Trust VI, Inc.",SGST,OTC,0001852575,STRATEGIC STORAGE VI,0
1852973,Borealis Foods Inc.,BRLSW,Nasdaq,0001852973,BOREALIS FOODS,1
1853044,"Aeries Technology, Inc.",AERTW,Nasdaq,0001853044,AERIES TECHNOLOGY,1
1853070,"Volato Group, Inc.",SOARW,OTC,0001853070,VOLATO,0
1853138,"Kodiak AI, Inc.",KDKRW,Nasdaq,0001853138,KODIAK AI,1
1853630,Hold Me Ltd,HMELF,OTC,0001853630,HOLD ME,0
1853816,"Dermata Therapeutics, Inc.",DRMAW,Nasdaq,0001853816,DERMATA THERAPEUTICS,1
1853962,i-80 Gold Corp.,IAUX-WT,NYSE,0001853962,I 80 GOLD,1
1854149,Agriculture & Natural Solutions Acquisition Corp,ANSCU,Nasdaq,0001854149,AGRICULTURE NATURAL SOLUTIONS ACQUISITION,1
1854149,Agriculture & Natural Solutions Acquisition Corp,ANSCW,Nasdaq,0001854149,AGRICULTURE NATURAL SOLUTIONS ACQUISITION,1
1854275,"Zoomcar Holdings, Inc.",ZCARW,OTC,0001854275,ZOOMCAR,0
1854463,WinVest Acquisition Corp.,WINVR,OTC,0001854463,WINVEST ACQUISITION,0
1854463,WinVest Acquisition Corp.,WINVU,OTC,0001854463,WINVEST ACQUISITION,0
1854463,WinVest Acquisition Corp.,WINVW,OTC,0001854463,WINVEST ACQUISITION,0
1854816,Minerva Gold Inc.,MINR,OTC,0001854816,MINERVA GOLD,0
1854963,"SHF Holdings, Inc.",SHFSW,Nasdaq,0001854963,SHF,1
1855457,"KORE Group Holdings, Inc.",KORGW,OTC,0001855457,KORE,0
1855467,"MOBIX LABS, INC",MOBXW,Nasdaq,0001855467,MOBIX LABS,1
1855474,AirJoule Technologies Corp.,AIRJW,Nasdaq,0001855474,AIRJOULE TECHNOLOGIES,1
1855485,"Calidi Biotherapeutics, Inc.",CLDWW,OTC,0001855485,CALIDI BIOTHERAPEUTICS,0
1855612,Grab Holdings Ltd,GRABW,Nasdaq,0001855612,GRAB,1
1856031,Vivid Seats Inc.,SEATW,Nasdaq,0001856031,VIVID SEATS,1
1856488,Hensoldt AG/ADR,HNSDF,OTC,0001856488,HENSOLDT AG ADR,0
1858007,Goldenstone Acquisition Ltd.,GDSTR,OTC,0001858007,GOLDENSTONE ACQUISITION,0
1858007,Goldenstone Acquisition Ltd.,GDSTU,OTC,0001858007,GOLDENSTONE ACQUISITION,0
1858007,Goldenstone Acquisition Ltd.,GDSTW,OTC,0001858007,GOLDENSTONE ACQUISITION,0
1858681,"Apollo Global Management, Inc.",APOS,NYSE,0001858681,APOLLO GLOBAL MANAGEMENT,1
1858685,Biofrontera Inc.,BFRIW,Nasdaq,0001858685,BIOFRONTERA,1
1859035,Mountain Crest Acquisition Corp. V,MCAGR,OTC,0001859035,MOUNTAIN CREST ACQUISITION V,0
1859035,Mountain Crest Acquisition Corp. V,MCAGU,OTC,0001859035,MOUNTAIN CREST ACQUISITION V,0
1859690,Arqit Quantum Inc.,ARQQW,Nasdaq,0001859690,ARQIT QUANTUM,1
1859807,"Profusa, Inc.",NVACW,OTC,0001859807,PROFUSA,0
1860484,Relativity Acquisition Corp,ACQC,OTC,0001860484,RELATIVITY ACQUISITION,0
1860805,Algoma Steel Group Inc.,ASTLW,Nasdaq,0001860805,ALGOMA STEEL,1
1860871,Tevogen Bio Holdings Inc.,TVGNW,Nasdaq,0001860871,TEVOGEN BIO,1
1861737,Hesai Group,HSIGF,OTC,0001861737,HESAI,0
1861841,Arbe Robotics Ltd.,ARBEW,Nasdaq,0001861841,ARBE ROBOTICS,1
1861974,ECARX Holdings Inc.,ECXWW,Nasdaq,0001861974,ECARX,1
1862150,Cingulate Inc.,CINGW,Nasdaq,0001862150,CINGULATE,1
1862463,"ALPHA MODUS HOLDINGS, INC.",AMODW,Nasdaq,0001862463,ALPHA MODUS,1
1863006,Valens Semiconductor Ltd.,VLN-WT,NYSE,0001863006,VALENS SEMICONDUCTOR,1
1863990,"MultiSensor AI Holdings, Inc.",MSAIW,Nasdaq,0001863990,MULTISENSOR AI,1
1864531,"VSEE HEALTH, INC.",VSEEW,Nasdaq,0001864531,VSEE HEALTH,1
1864943,FGI Industries Ltd.,FGIWW,Nasdaq,0001864943,FGI INDUSTRIES,1
1865111,Alpha Star Acquisition Corp,ALSTF,OTC,0001865111,ALPHA STAR ACQUISITION,0
1865111,Alpha Star Acquisition Corp,ALSUF,OTC,0001865111,ALPHA STAR ACQUISITION,0
1865111,Alpha Star Acquisition Corp,ALSWF,OTC,0001865111,ALPHA STAR ACQUISITION,0
1865248,Piermont Valley Acquisition Corp,CMCUF,OTC,0001865248,PIERMONT VALLEY ACQUISITION,0
1865248,Piermont Valley Acquisition Corp,CMCWF,OTC,0001865248,PIERMONT VALLEY ACQUISITION,0
1865506,Zeo Energy Corp.,ZEOWW,Nasdaq,0001865506,ZEO ENERGY,1
1865631,NEXTNAV INC.,NNAVW,Nasdaq,0001865631,NEXTNAV,1
1865631,NEXTNAV INC.,NXNVW,OTC,0001865631,NEXTNAV,0
1865782,"BrightSpring Health Services, Inc.",BTSGU,Nasdaq,0001865782,BRIGHTSPRING HEALTH,1
1866364,Webull Corp,BULLW,Nasdaq,0001866364,WEBULL,1
1866501,Wallbox N.V.,WBXWF,OTC,0001866501,WALLBOX V,0
1866782,"Codere Online Luxembourg, S.A.",CDROW,Nasdaq,0001866782,CODERE ONLINE LUXEMBOURG S,1
1866816,"SYNTEC OPTICS HOLDINGS, INC.",OPTXW,Nasdaq,0001866816,SYNTEC OPTICS,1
1866838,Inception Growth Acquisition Ltd,IGTAR,OTC,0001866838,INCEPTION GROWTH ACQUISITION,0
1866838,Inception Growth Acquisition Ltd,IGTAU,OTC,0001866838,INCEPTION GROWTH ACQUISITION,0
1866838,Inception Growth Acquisition Ltd,IGTAW,OTC,0001866838,INCEPTION GROWTH ACQUISITION,0
1867102,Vertical Aerospace Ltd.,EVAWF,OTC,0001867102,VERTICAL AEROSPACE,0
1867102,Vertical Aerospace Ltd.,EVBWF,OTC,0001867102,VERTICAL AEROSPACE,0
1867102,Vertical Aerospace Ltd.,EVTWF,OTC,0001867102,VERTICAL AEROSPACE,0
1867729,WeRide Inc.,WRDIF,OTC,0001867729,WERIDE,0
1868419,"Cycurion, Inc.",CYCUW,Nasdaq,0001868419,CYCURION,1
1868640,Roadzen Inc.,RDZNW,Nasdaq,0001868640,ROADZEN,1
1869601,Embrace Change Acquisition Corp.,EMCRF,OTC,0001869601,EMBRACE CHANGE ACQUISITION,0
1869601,Embrace Change Acquisition Corp.,EMCWF,OTC,0001869601,EMBRACE CHANGE ACQUISITION,0
1870144,"Cardio Diagnostics Holdings, Inc.",CDIOW,Nasdaq,0001870144,CARDIO DIAGNOSTICS,1
1870404,"CERO THERAPEUTICS HOLDINGS, INC.",CEROW,OTC,0001870404,CERO THERAPEUTICS,0
1871321,Alpha Tau Medical Ltd.,DRTSW,Nasdaq,0001871321,ALPHA TAU MEDICAL,1
1871638,"Blaize Holdings, Inc.",BZAIW,Nasdaq,0001871638,BLAIZE,1
1871983,Anghami Inc,ANGHW,Nasdaq,0001871983,ANGHAMI,1
1872066,MIAMI BREEZE CAR CARE INC,MIBE,OTC,0001872066,MIAMI BREEZE CAR CARE,0
1872228,Thayer Ventures Acquisition Corp II,TVAIR,Nasdaq,0001872228,THAYER VENTURES ACQUISITION II,1
1872228,Thayer Ventures Acquisition Corp II,TVAIU,Nasdaq,0001872228,THAYER VENTURES ACQUISITION II,1
1872525,"Stran & Company, Inc.",SWAGW,Nasdaq,0001872525,STRAN,1
1872964,Maris Tech Ltd.,MTEKW,Nasdaq,0001872964,MARIS TECH,1
1874315,Satellogic Inc.,SATLW,Nasdaq,0001874315,SATELLOGIC,1
1875091,NeuroSense Therapeutics Ltd.,NRSNW,Nasdaq,0001875091,NEUROSENSE THERAPEUTICS,1
1875547,Locafy Ltd,LCFYW,Nasdaq,0001875547,LOCAFY,1
1875609,Swvl Holdings Corp,SWVLW,Nasdaq,0001875609,SWVL,1
1876431,Prenetics Global Ltd,PRENW,Nasdaq,0001876431,PRENETICS GLOBAL,1
1876581,Imperial Petroleum Inc./Marshall Islands,IMPPP,Nasdaq,0001876581,IMPERIAL PETROLEUM MARSHALL ISLANDS,1
1876716,ASPAC II Acquisition Corp.,ASCRF,OTC,0001876716,ASPAC II ACQUISITION,0
1876716,ASPAC II Acquisition Corp.,ASCWF,OTC,0001876716,ASPAC II ACQUISITION,0
1876716,ASPAC II Acquisition Corp.,ASUUF,OTC,0001876716,ASPAC II ACQUISITION,0
1879248,Ads-Tec Energy Public Ltd Co,ADSEW,Nasdaq,0001879248,ADS TEC ENERGY PUBLIC,1
1879814,TLGY ACQUISITION CORP,TLGUF,OTC,0001879814,TLGY ACQUISITION,0
1879814,TLGY ACQUISITION CORP,TLGWF,OTC,0001879814,TLGY ACQUISITION,0
1880431,Vocodia Holdings Corp,VHABW,OTC,0001880431,VOCODIA,0
1880431,Vocodia Holdings Corp,VHAIW,OTC,0001880431,VOCODIA,0
1880661,TPG Inc.,TPGXL,Nasdaq,0001880661,TPG,1
1882198,Athena Technology Acquisition Corp. II,ATEKU,OTC,0001882198,ATHENA TECHNOLOGY ACQUISITION II,0
1882198,Athena Technology Acquisition Corp. II,ATEKW,OTC,0001882198,ATHENA TECHNOLOGY ACQUISITION II,0
1882464,Metal Sky Star Acquisition Corp,MSSUF,OTC,0001882464,METAL SKY STAR ACQUISITION,0
1882464,Metal Sky Star Acquisition Corp,MSSWF,OTC,0001882464,METAL SKY STAR ACQUISITION,0
1883085,Pagaya Technologies Ltd.,PGYWW,Nasdaq,0001883085,PAGAYA TECHNOLOGIES,1
1883814,"Southland Holdings, Inc.",SLND-WT,NYSE,0001883814,SOUTHLAND,1
1884046,Spark I Acquisition Corp,SPKLU,Nasdaq,0001884046,SPARK I ACQUISITION,1
1884046,Spark I Acquisition Corp,SPKLW,Nasdaq,0001884046,SPARK I ACQUISITION,1
1884082,Polestar Automotive Holding UK PLC,PLSAY,OTC,0001884082,POLESTAR AUTOMOTIVE UK,0
1884130,PT Bukalapak.com Tbk/ADR,BKLPF,OTC,0001884130,PT BUKALAPAK COM TBK ADR,0
1885408,Nexera Technologies Ltd,NEXRW,Nasdaq,0001885408,NEXERA TECHNOLOGIES,1
1885514,Yi Po International Holdings Ltd,YBZN,OTC,0001885514,YI PO INTERNATIONAL,0
1885680,"Cordyceps Sunshine Biotech Holdings Co., Ltd.",RAJAF,OTC,0001885680,CORDYCEPS SUNSHINE BIOTECH,0
1886190,Gogoro Inc.,GGROW,Nasdaq,0001886190,GOGORO,1
1887673,Wearable Devices Ltd.,WLDSW,Nasdaq,0001887673,WEARABLE DEVICES,1
1887912,Welsis Corp.,WLSS,OTC,0001887912,WELSIS,0
1888654,"5E Advanced Materials, Inc.",FEAV,OTC,0001888654,5E ADVANCED MATERIALS,0
1888740,LSEB Creative Corp.,LSEB,OTC,0001888740,LSEB CREATIVE,0
1889112,Cartesian Growth Corp II,REEUF,OTC,0001889112,CARTESIAN GROWTH II,0
1889112,Cartesian Growth Corp II,REEWF,OTC,0001889112,CARTESIAN GROWTH II,0
1889123,"Fold Holdings, Inc.",FLDDW,Nasdaq,0001889123,FOLD,1
1889539,"Corebridge Financial, Inc.",CRBD,NYSE,0001889539,COREBRIDGE,1
1889791,INNOCAN PHARMA Corp,INNPF,OTC,0001889791,INNOCAN PHARMA,0
1889823,DEFSEC Technologies Inc.,DFSCW,Nasdaq,0001889823,DEFSEC TECHNOLOGIES,1
1889983,Keen Vision Acquisition Corp.,KVACU,Nasdaq,0001889983,KEEN VISION ACQUISITION,1
1889983,Keen Vision Acquisition Corp.,KVACW,Nasdaq,0001889983,KEEN VISION ACQUISITION,1
1890361,ASPAC III Acquisition Corp.,ASPCR,Nasdaq,0001890361,ASPAC III ACQUISITION,1
1890361,ASPAC III Acquisition Corp.,ASPCU,Nasdaq,0001890361,ASPAC III ACQUISITION,1
1892747,Valuence Merger Corp. I,VMCUF,OTC,0001892747,VALUENCE MERGER I,0
1892747,Valuence Merger Corp. I,VMCWF,OTC,0001892747,VALUENCE MERGER I,0
1893219,"Abpro Holdings, Inc.",ABPWW,OTC,0001893219,ABPRO,0
1894693,SaverOne 2014 Ltd.,SVREW,Nasdaq,0001894693,SAVERONE 2014,1
1895249,"ConnectM Technology Solutions, Inc.",CNTMD,OTC,0001895249,CONNECTM TECHNOLOGY SOLUTIONS,0
1895262,Noble Corp plc,NE-WT,NYSE,0001895262,NOBLE,1
1895262,Noble Corp plc,NE-WTA,NYSE,0001895262,NOBLE,1
1896212,CDT Equity Inc.,CDTTW,Nasdaq,0001896212,CDT EQUITY,1
1896511,ZKGC New Energy Ltd,DAZSF,OTC,0001896511,ZKGC NEW ENERGY,0
1897463,Graf Global Corp.,GRAF-WT,NYSE,0001897463,GRAF GLOBAL,1
1898416,Alvotech,ALVOW,Nasdaq,0001898416,ALVOTECH,1
1898795,"LiveWire Group, Inc.",LVWR-WT,NYSE,0001898795,LIVEWIRE,1
1899287,"Amprius Technologies, Inc.",AMPX-WT,NYSE,0001899287,AMPRIUS TECHNOLOGIES,1
1899830,Perfect Corp.,PERFF,OTC,0001899830,PERFECT,0
1900679,Technology & Telecommunication Acquisition Corp,TETUF,OTC,0001900679,TECHNOLOGY TELECOMMUNICATION ACQUISITION,0
1900679,Technology & Telecommunication Acquisition Corp,TETWF,OTC,0001900679,TECHNOLOGY TELECOMMUNICATION ACQUISITION,0
1901203,CN Healthy Food Tech Group Corp.,UCFIW,Nasdaq,0001901203,CN HEALTHY FOOD TECH,1
1901336,Alchemy Investments Acquisition Corp 1,ALCUF,OTC,0001901336,ALCHEMY INVESTMENTS ACQUISITION 1,0
1901336,Alchemy Investments Acquisition Corp 1,ALCWF,OTC,0001901336,ALCHEMY INVESTMENTS ACQUISITION 1,0
1901336,Alchemy Investments Acquisition Corp 1,ALCYU,Nasdaq,0001901336,ALCHEMY INVESTMENTS ACQUISITION 1,1
1901336,Alchemy Investments Acquisition Corp 1,ALCYW,Nasdaq,0001901336,ALCHEMY INVESTMENTS ACQUISITION 1,1
1901799,Bitcoin Depot Inc.,BTMWW,Nasdaq,0001901799,BITCOIN DEPOT,1
1903145,Gorilla Technology Group Inc.,GRRRW,Nasdaq,0001903145,GORILLA TECHNOLOGY,1
1903392,ClimateRock,CLRRF,OTC,0001903392,CLIMATEROCK,0
1903870,Forafric Global PLC,AFRIW,Nasdaq,0001903870,FORAFRIC GLOBAL,1
1904616,Baker Global Asset Management Inc.,BAKR,OTC,0001904616,BAKER GLOBAL ASSET MANAGEMENT,0
1905660,Hub Cyber Security Ltd.,HUBCW,Nasdaq,0001905660,HUB CYBER SECURITY,1
1905660,Hub Cyber Security Ltd.,HUBCZ,Nasdaq,0001905660,HUB CYBER SECURITY,1
1906364,FG Merger II Corp.,FGMCR,Nasdaq,0001906364,FG MERGER II,1
1906364,FG Merger II Corp.,FGMCU,Nasdaq,0001906364,FG MERGER II,1
1907223,Greenland Mines Ltd,GRMLW,Nasdaq,0001907223,GREENLAND MINES,1
1910975,Rapid Line Inc.,RPDL,OTC,0001910975,RAPID LINE,0
1913510,VinFast Auto Ltd.,VFSWW,Nasdaq,0001913510,VINFAST AUTO,1
1913577,"Semnur Pharmaceuticals, Inc.",SMNRW,OTC,0001913577,SEMNUR PHARMACEUTICALS,0
1913847,Coincheck Group N.V.,CNCKW,Nasdaq,0001913847,COINCHECK V,1
1915328,Israel Acquisitions Corp,ISLUF,OTC,0001915328,ISRAEL ACQUISITIONS,0
1915328,Israel Acquisitions Corp,ISLWF,OTC,0001915328,ISRAEL ACQUISITIONS,0
1915760,Hemnet Group AB/ADR,HEMNF,OTC,0001915760,HEMNET AB ADR,0
1916558,Tradewinds Universal,TRWD,OTC,0001916558,TRADEWINDS UNIVERSAL,0
1917993,Growth Stalk Holdings Corp,GSTK,OTC,0001917993,GROWTH STALK,0
1918414,Newbridge Acquisition Ltd,NBRGR,Nasdaq,0001918414,NEWBRIDGE ACQUISITION,1
1918414,Newbridge Acquisition Ltd,NBRGU,Nasdaq,0001918414,NEWBRIDGE ACQUISITION,1
1920294,REZOLVE AI PLC,RZLVW,Nasdaq,0001920294,REZOLVE AI,1
1920406,"Strive, Inc.",SATA,Nasdaq,0001920406,STRIVE,1
1921158,Bitfufu Inc.,FUFUW,Nasdaq,0001921158,BITFUFU,1
1922097,Lanvin Group Holdings Ltd,LANV-WT,NYSE,0001922097,LANVIN,1
1923734,Ark7 Properties Plus LLC,AKPPS,OTC,0001923734,ARK7 PROPERTIES PLUS,0
1924064,RoyaLand Co Ltd.,RLNDF,OTC,0001924064,ROYALAND,0
1926599,Translational Development Acquisition Corp.,TDACU,Nasdaq,0001926599,TRANSLATIONAL DEVELOPMENT ACQUISITION,1
1926599,Translational Development Acquisition Corp.,TDACW,Nasdaq,0001926599,TRANSLATIONAL DEVELOPMENT ACQUISITION,1
1927719,Freightos Ltd,CRGOW,Nasdaq,0001927719,FREIGHTOS,1
1930021,New Horizon Aircraft Ltd.,HOVRW,Nasdaq,0001930021,NEW HORIZON AIRCRAFT,1
1930147,"Sound Point Meridian Capital, Inc.",SPMA,NYSE,0001930147,SOUND POINT MERIDIAN CAPITAL,1
1930147,"Sound Point Meridian Capital, Inc.",SPME,NYSE,0001930147,SOUND POINT MERIDIAN CAPITAL,1
1930313,SBC Medical Group Holdings Inc,SBCWW,Nasdaq,0001930313,SBC MEDICAL,1
1932737,ROBO.AI INC.,AIIOW,Nasdaq,0001932737,ROBO AI,1
1933359,Natics Corp.,NTCS,OTC,0001933359,NATICS,0
1934850,"F&G Annuities & Life, Inc.",FGN,NYSE,0001934850,F G ANNUITIES LIFE,1
1934850,"F&G Annuities & Life, Inc.",FGSN,NYSE,0001934850,F G ANNUITIES LIFE,1
1935033,KEEMO Fashion Group Ltd,KMFG,OTC,0001935033,KEEMO FASHION,0
1935418,Foremost Clean Energy Ltd.,FMSTW,Nasdaq,0001935418,FOREMOST CLEAN ENERGY,1
1936258,NewAmsterdam Pharma Co N.V.,NAMSW,Nasdaq,0001936258,NEWAMSTERDAM PHARMA V,1
1936804,SunCar Technology Group Inc.,SDAWW,Nasdaq,0001936804,SUNCAR TECHNOLOGY,1
1937441,Ambipar Emergency Response,AMBWQ,OTC,0001937441,AMBIPAR EMERGENCY RESPONSE,0
1937737,Moolec Science SA,MLECW,Nasdaq,0001937737,MOOLEC SCIENCE SA,1
1937987,"Falcon's Beyond Global, Inc.",FBYDW,Nasdaq,0001937987,FALCON S BEYOND GLOBAL,1
1938338,GlobalTech Corp,GLTK,OTC,0001938338,GLOBALTECH,0
1938569,Palomino Laboratories Inc.,PALX,OTC,0001938569,PALOMINO LABORATORIES,0
1938571,"ADAPTIN BIO, INC.",APTN,OTC,0001938571,ADAPTIN BIO,0
1939937,"Exousia Bio, Inc.",LMMY,OTC,0001939937,EXOUSIA BIO,0
1940243,Global-Smart.Tech,GSMT,OTC,0001940243,GLOBAL SMART TECH,0
1940674,SMX (Security Matters) Public Ltd Co,SMXWW,Nasdaq,0001940674,SMX SECURITY MATTERS PUBLIC,1
1941189,Tian'an Technology Group Ltd,TANAF,OTC,0001941189,TIAN AN TECHNOLOGY,0
1941360,Neolara Corp.,NELR,OTC,0001941360,NEOLARA,0
1941536,"Bridger Aerospace Group Holdings, Inc.",BAERW,Nasdaq,0001941536,BRIDGER AEROSPACE,1
1945711,Lavoro Ltd,LVROF,OTC,0001945711,LAVORO,0
1945711,Lavoro Ltd,LVRWF,OTC,0001945711,LAVORO,0
1946021,Horizon Space Acquisition I Corp.,HSPUF,OTC,0001946021,HORIZON SPACE ACQUISITION I,0
1946021,Horizon Space Acquisition I Corp.,HSPWF,OTC,0001946021,HORIZON SPACE ACQUISITION I,0
1946399,"LakeShore Biopharma Co., Ltd.",LSBWF,OTC,0001946399,LAKESHORE BIOPHARMA,0
1946563,"60 DEGREES PHARMACEUTICALS, INC.",SXTPW,Nasdaq,0001946563,60 DEGREES PHARMACEUTICALS,1
1946573,Nakamoto Inc.,NAKAW,OTC,0001946573,NAKAMOTO,0
1947244,U.S. GoldMining Inc.,USGOW,Nasdaq,0001947244,U S GOLDMINING,1
1947861,Nature's Miracle Holding Inc.,NMHIW,OTC,0001947861,NATURE S MIRACLE,0
1949257,Radiopharm Theranostics Ltd,RDPTF,OTC,0001949257,RADIOPHARM THERANOSTICS,0
1951089,Critical Metals Corp.,CRMLW,Nasdaq,0001951089,CRITICAL METALS,1
1951089,Critical Metals Corp.,CRTMF,OTC,0001951089,CRITICAL METALS,0
1951378,Qilun Group Inc.,QLUNF,OTC,0001951378,QILUN,0
1953530,Oculis Holding AG,OCSAW,Nasdaq,0001953530,OCULIS AG,1
1953984,"Binah Capital Group, Inc.",BCGWW,Nasdaq,0001953984,BINAH CAPITAL,1
1956237,Almco Plumbing Inc,ALMP,OTC,0001956237,ALMCO PLUMBING,0
1956648,CO2 Energy Transition Corp.,NOEMR,Nasdaq,0001956648,CO2 ENERGY TRANSITION,1
1956648,CO2 Energy Transition Corp.,NOEMU,Nasdaq,0001956648,CO2 ENERGY TRANSITION,1
1956648,CO2 Energy Transition Corp.,NOEMW,Nasdaq,0001956648,CO2 ENERGY TRANSITION,1
1956827,Abivax S.A.,AAVXF,OTC,0001956827,ABIVAX S,0
1957489,Able View Global Inc.,ABLVW,Nasdaq,0001957489,ABLE VIEW GLOBAL,1
1957538,OIO Group,OIOWW,Nasdaq,0001957538,OIO,1
1958217,Lifezone Metals Ltd,LZM-WT,NYSE,0001958217,LIFEZONE METALS,1
1959994,Australian Oilseeds Holdings Ltd,COOTW,Nasdaq,0001959994,AUSTRALIAN OILSEEDS,1
1960355,"Exyn Technologies, Inc.",EXYNW,Nasdaq,0001960355,EXYN TECHNOLOGIES,1
1962746,Lotus Technology Inc.,LOTWW,Nasdaq,0001962746,LOTUS TECHNOLOGY,1
1963088,"AtlasClear Holdings, Inc.",ATCHW,OTC,0001963088,ATLASCLEAR,0
1964979,"ALLURION TECHNOLOGIES, INC.",ALURW,OTC,0001964979,ALLURION TECHNOLOGIES,0
1965052,Marblegate Capital Corp,MGTEW,OTC,0001965052,MARBLEGATE CAPITAL,0
1965143,Nvni Group Ltd,NVNIW,Nasdaq,0001965143,NVNI,1
1965473,Cheche Group Inc.,CCGWW,Nasdaq,0001965473,CHECHE,1
1966287,Greenfire Resources Ltd.,GFRWF,OTC,0001966287,GREENFIRE RESOURCES,0
1968385,BAWAG Group AG/ADR,BWAGF,OTC,0001968385,BAWAG AG ADR,0
1969302,Pony AI Inc.,PYAIF,OTC,0001969302,PONY AI,0
1969475,Bayview Acquisition Corp,BAYAR,Nasdaq,0001969475,BAYVIEW ACQUISITION,1
1969475,Bayview Acquisition Corp,BAYAU,Nasdaq,0001969475,BAYVIEW ACQUISITION,1
1969729,Rockwool A/S/ADR,RCWBY,OTC,0001969729,ROCKWOOL S ADR,0
1969729,Rockwool A/S/ADR,RKWAF,OTC,0001969729,ROCKWOOL S ADR,0
1969729,Rockwool A/S/ADR,RKWBF,OTC,0001969729,ROCKWOOL S ADR,0
1969766,Asep Medical Holdings Inc.,SEPSF,OTC,0001969766,ASEP MEDICAL,0
1969796,Embracer Group AB/ADR,THQQF,OTC,0001969796,EMBRACER AB ADR,0
1971387,"Liminatus Pharma, Inc.",LIMNW,Nasdaq,0001971387,LIMINATUS PHARMA,1
1973368,SRIVARU Holding Ltd,SVUWF,OTC,0001973368,SRIVARU,0
1974044,MoneyHero Ltd,MNYWW,Nasdaq,0001974044,MONEYHERO,1
1978528,Quetta Acquisition Corp,QETAR,Nasdaq,0001978528,QUETTA ACQUISITION,1
1978528,Quetta Acquisition Corp,QETAU,Nasdaq,0001978528,QUETTA ACQUISITION,1
1979005,"Aimei Health Technology Co., Ltd.",AFJKR,Nasdaq,0001979005,AIMEI HEALTH TECHNOLOGY,1
1979005,"Aimei Health Technology Co., Ltd.",AFJKU,Nasdaq,0001979005,AIMEI HEALTH TECHNOLOGY,1
1979484,Above Food Ingredients Inc.,ABVEW,Nasdaq,0001979484,ABOVE FOOD INGREDIENTS,1
1980295,IMA Tech,IMAA,OTC,0001980295,IMA TECH,0
1980845,enGene Therapeutics Inc.,ENGNW,Nasdaq,0001980845,ENGENE THERAPEUTICS,1
1981662,NewGenIvf Group Ltd,NIVFW,Nasdaq,0001981662,NEWGENIVF,1
1982444,Baird Medical Investment Holdings Ltd,BDMDW,Nasdaq,0001982444,BAIRD MEDICAL INVESTMENT,1
1983324,Real Messenger Corp,RMSGW,Nasdaq,0001983324,REAL MESSENGER,1
1985062,PSYENCE BIOMEDICAL LTD.,PBMWW,Nasdaq,0001985062,PSYENCE BIOMEDICAL,1
1985273,"TOYO Co., Ltd",TOYWF,OTC,0001985273,TOYO,0
1985406,"Nippon Express Holdings, Inc./ADR",NPEHF,OTC,0001985406,NIPPON EXPRESS ADR,0
1985554,Londax Corp.,LDXC,OTC,0001985554,LONDAX,0
1986817,"Gores Holdings X, Inc. / CI",GTENU,Nasdaq,0001986817,GORES X CI,1
1986817,"Gores Holdings X, Inc. / CI",GTENW,Nasdaq,0001986817,GORES X CI,1
1987240,SCHMID Group N.V.,SHMDW,Nasdaq,0001987240,SCHMID V,1
1988776,Murano Global Investments Plc,MRNOW,Nasdaq,0001988776,MURANO GLOBAL INVESTMENTS,1
1989788,Guru App Factory Corp,GAFC,OTC,0001989788,GURU APP FACTORY,0
1991332,MKDWELL Tech Inc.,MKDWW,Nasdaq,0001991332,MKDWELL TECH,1
1992243,T1 Energy Inc.,TE-WT,NYSE,0001992243,T1 ENERGY,1
1992818,ZOOZ Strategy Ltd.,ZOOZW,Nasdaq,0001992818,ZOOZ STRATEGY,1
1994373,Huineng Technology Corp,HNIT,OTC,0001994373,HUINENG TECHNOLOGY,0
1994582,Oyocar Group Inc.,OYCG,OTC,0001994582,OYOCAR,0
1995306,SUPER HI INTERNATIONAL HOLDING LTD.,SPHIF,OTC,0001995306,SUPER HI INTERNATIONAL,0
1995920,E-Smart Corp.,ESMR,OTC,0001995920,E SMART,0
1997296,Medicus Pharma Ltd.,MDCXW,Nasdaq,0001997296,MEDICUS PHARMA,1
1997652,Tamboran Resources Corp,TBNRL,OTC,0001997652,TAMBORAN RESOURCES,0
1998043,Pearl Diver Credit Co Inc.,PDPA,NYSE,0001998043,PEARL DIVER CREDIT,1
1998781,IB Acquisition Corp.,IBACR,Nasdaq,0001998781,IB ACQUISITION,1
1999261,StageWise Strategies Corp.,STWI,OTC,0001999261,STAGEWISE STRATEGIES,0
1999297,Big Tree Cloud Holdings Ltd,DSYWW,Nasdaq,0001999297,BIG TREE CLOUD,1
2000366,Scage Future,SCAGW,Nasdaq,0002000366,SCAGE FUTURE,1
2000410,Eureka Acquisition Corp,EURKR,Nasdaq,0002000410,EUREKA ACQUISITION,1
2000410,Eureka Acquisition Corp,EURKU,Nasdaq,0002000410,EUREKA ACQUISITION,1
2000756,K Wave Media Ltd.,KWMWW,Nasdaq,0002000756,K WAVE MEDIA,1
2000762,GMTech Inc.,GMTH,OTC,0002000762,GMTECH,0
2000775,Black Hawk Acquisition Corp,BKHAR,Nasdaq,0002000775,BLACK HAWK ACQUISITION,1
2000775,Black Hawk Acquisition Corp,BKHAU,Nasdaq,0002000775,BLACK HAWK ACQUISITION,1
2001557,"Innventure, Inc.",INVLW,OTC,0002001557,INNVENTURE,0
2001699,Helport AI Ltd,HPAIW,Nasdaq,0002001699,HELPORT AI,1
2002038,Legato Merger Corp. III,LEGT-UN,NYSE,0002002038,LEGATO MERGER III,1
2002038,Legato Merger Corp. III,LEGT-WT,NYSE,0002002038,LEGATO MERGER III,1
2002045,GCL Global Holdings Ltd,GCLWW,Nasdaq,0002002045,GCL GLOBAL,1
2003750,"Maitong Sunshine Cultural Development Co., Ltd",MGSD,OTC,0002003750,MAITONG SUNSHINE CULTURAL DEVELOPMENT,0
2006291,Churchill Capital Corp IX/Cayman,CCIXU,Nasdaq,0002006291,CHURCHILL CAPITAL IX CAYMAN,1
2006291,Churchill Capital Corp IX/Cayman,CCIXW,Nasdaq,0002006291,CHURCHILL CAPITAL IX CAYMAN,1
2006815,Voyager Acquisition Corp./Cayman Islands,VACHU,Nasdaq,0002006815,VOYAGER ACQUISITION CAYMAN ISLANDS,1
2006815,Voyager Acquisition Corp./Cayman Islands,VACHW,Nasdaq,0002006815,VOYAGER ACQUISITION CAYMAN ISLANDS,1
2007191,Telix Pharmaceuticals Ltd,TLPPF,OTC,0002007191,TELIX PHARMACEUTICALS,0
2007825,"Infleqtion, Inc.",INFQ-WT,NYSE,0002007825,INFLEQTION,1
2009183,Titan Acquisition Corp.,TACHU,Nasdaq,0002009183,TITAN ACQUISITION,1
2009183,Titan Acquisition Corp.,TACHW,Nasdaq,0002009183,TITAN ACQUISITION,1
2010653,Future Vision II Acquisition Corp.,FVNNR,Nasdaq,0002010653,FUTURE VISION II ACQUISITION,1
2010653,Future Vision II Acquisition Corp.,FVNNU,Nasdaq,0002010653,FUTURE VISION II ACQUISITION,1
2010930,Centurion Acquisition Corp.,ALFUU,Nasdaq,0002010930,CENTURION ACQUISITION,1
2010930,Centurion Acquisition Corp.,ALFUW,Nasdaq,0002010930,CENTURION ACQUISITION,1
2011674,YD Bio Ltd,YDESW,Nasdaq,0002011674,YD BIO,1
2012318,Inflection Point Acquisition Corp. III,IPCXR,Nasdaq,0002012318,INFLECTION POINT ACQUISITION III,1
2012318,Inflection Point Acquisition Corp. III,IPCXU,Nasdaq,0002012318,INFLECTION POINT ACQUISITION III,1
2012807,RF Acquisition Corp II,RFAIR,Nasdaq,0002012807,RF ACQUISITION II,1
2012807,RF Acquisition Corp II,RFAIU,Nasdaq,0002012807,RF ACQUISITION II,1
2013003,Pro Medicus Ltd./ADR,PMCUF,OTC,0002013003,PRO MEDICUS ADR,0
2013186,TNL Mediagene,TNMWF,OTC,0002013186,TNL MEDIAGENE,0
2013807,Foxx Development Holdings Inc.,FOXXW,Nasdaq,0002013807,FOXX DEVELOPMENT,1
2014254,FST Corp.,FSTWF,OTC,0002014254,FST,0
2014982,SIM Acquisition Corp. I,SIMAU,Nasdaq,0002014982,SIM ACQUISITION I,1
2014982,SIM Acquisition Corp. I,SIMAW,Nasdaq,0002014982,SIM ACQUISITION I,1
2015502,Launch One Acquisition Corp.,LPAAU,Nasdaq,0002015502,LAUNCH ONE ACQUISITION,1
2015502,Launch One Acquisition Corp.,LPAAW,Nasdaq,0002015502,LAUNCH ONE ACQUISITION,1
2015947,SilverBox Corp IV,SBXD-UN,NYSE,0002015947,SILVERBOX IV,1
2015947,SilverBox Corp IV,SBXD-WT,NYSE,0002015947,SILVERBOX IV,1
2015955,Lionheart Holdings,CUBWU,Nasdaq,0002015955,LIONHEART,1
2015955,Lionheart Holdings,CUBWW,Nasdaq,0002015955,LIONHEART,1
2016072,M3-Brigade Acquisition V Corp.,MBAVU,Nasdaq,0002016072,M3 BRIGADE ACQUISITION V,1
2016072,M3-Brigade Acquisition V Corp.,MBAVW,Nasdaq,0002016072,M3 BRIGADE ACQUISITION V,1
2016221,Melar Acquisition Corp. I/Cayman,MACIU,Nasdaq,0002016221,MELAR ACQUISITION I CAYMAN,1
2016221,Melar Acquisition Corp. I/Cayman,MACIW,Nasdaq,0002016221,MELAR ACQUISITION I CAYMAN,1
2017950,DT Cloud Star Acquisition Corp,DTSQR,Nasdaq,0002017950,DT CLOUD STAR ACQUISITION,1
2017950,DT Cloud Star Acquisition Corp,DTSQU,Nasdaq,0002017950,DT CLOUD STAR ACQUISITION,1
2018139,Toyota Tsusho Corporation/ADR,TYHOF,OTC,0002018139,TOYOTA TSUSHO ADR,0
2018145,Rising Dragon Acquisition Corp.,RDACR,Nasdaq,0002018145,RISING DRAGON ACQUISITION,1
2018145,Rising Dragon Acquisition Corp.,RDACU,Nasdaq,0002018145,RISING DRAGON ACQUISITION,1
2018463,Brazilian Rare Earths Limited/ADR,BRETF,OTC,0002018463,BRAZILIAN RARE EARTHS ADR,0
2019435,Blue Gold Ltd,BGLWW,Nasdaq,0002019435,BLUE GOLD,1
2019804,Terrestrial Energy Inc. /DE/,IMSRW,Nasdaq,0002019804,TERRESTRIAL ENERGY DE,1
2020385,Tavia Acquisition Corp.,TAVIR,Nasdaq,0002020385,TAVIA ACQUISITION,1
2020385,Tavia Acquisition Corp.,TAVIU,Nasdaq,0002020385,TAVIA ACQUISITION,1
2020987,YHN Acquisition I Ltd,YHNAR,Nasdaq,0002020987,YHN ACQUISITION I,1
2020987,YHN Acquisition I Ltd,YHNAU,Nasdaq,0002020987,YHN ACQUISITION I,1
2021390,Galderma Group AG/ADR,GDERF,OTC,0002021390,GALDERMA AG ADR,0
2021938,Sunrise Communications AG,SNNRF,OTC,0002021938,SUNRISE COMMUNICATIONS AG,0
2022059,"Silver Mountain Resources, Inc.",AGMWF,OTC,0002022059,SILVER MOUNTAIN RESOURCES,0
2022308,"Classover Holdings, Inc.",KIDZW,Nasdaq,0002022308,CLASSOVER,1
2022416,Silexion Therapeutics Corp,SLXNW,Nasdaq,0002022416,SILEXION THERAPEUTICS,1
2023676,Launch Two Acquisition Corp.,LPBBU,Nasdaq,0002023676,LAUNCH TWO ACQUISITION,1
2023676,Launch Two Acquisition Corp.,LPBBW,Nasdaq,0002023676,LAUNCH TWO ACQUISITION,1
2023730,GigCapital7 Corp.,GIGGU,Nasdaq,0002023730,GIGCAPITAL7,1
2023730,GigCapital7 Corp.,GIGGW,Nasdaq,0002023730,GIGCAPITAL7,1
2023870,Lapco Holdings Limited/ADR,LACHF,OTC,0002023870,LAPCO ADR,0
2024203,Cayson Acquisition Corp,CAPNR,Nasdaq,0002024203,CAYSON ACQUISITION,1
2024203,Cayson Acquisition Corp,CAPNU,Nasdaq,0002024203,CAYSON ACQUISITION,1
2024459,Charlton Aria Acquisition Corp,CHARR,Nasdaq,0002024459,CHARLTON ARIA ACQUISITION,1
2024459,Charlton Aria Acquisition Corp,CHARU,Nasdaq,0002024459,CHARLTON ARIA ACQUISITION,1
2024460,ChampionsGate Acquisition Corp,CHPGR,Nasdaq,0002024460,CHAMPIONSGATE ACQUISITION,1
2024460,ChampionsGate Acquisition Corp,CHPGU,Nasdaq,0002024460,CHAMPIONSGATE ACQUISITION,1
2025341,Andretti Acquisition Corp. II,POLEU,Nasdaq,0002025341,ANDRETTI ACQUISITION II,1
2025341,Andretti Acquisition Corp. II,POLEW,Nasdaq,0002025341,ANDRETTI ACQUISITION II,1
2025401,Fifth Era Acquisition Corp I,FERAR,Nasdaq,0002025401,FIFTH ERA ACQUISITION I,1
2025401,Fifth Era Acquisition Corp I,FERAU,Nasdaq,0002025401,FIFTH ERA ACQUISITION I,1
2025608,Soulpower Acquisition Corp.,SOUL-RI,NYSE,0002025608,SOULPOWER ACQUISITION,1
2025608,Soulpower Acquisition Corp.,SOUL-UN,NYSE,0002025608,SOULPOWER ACQUISITION,1
2025774,Alps Group Inc,ALPWF,OTC,0002025774,ALPS,0
2026514,Namib Minerals,NAMMW,Nasdaq,0002026514,NAMIB MINERALS,1
2026767,Calisa Acquisition Corp,ALISR,Nasdaq,0002026767,CALISA ACQUISITION,1
2026767,Calisa Acquisition Corp,ALISU,Nasdaq,0002026767,CALISA ACQUISITION,1
2027329,Optimi Health Corp.,OPTHF,OTC,0002027329,OPTIMI HEALTH,0
2027330,"Sugi Holdings Co., Ltd./ADR",SGIPF,OTC,0002027330,SUGI ADR,0
2028027,Newbury Street II Acquisition Corp,NTWOU,Nasdaq,0002028027,NEWBURY STREET II ACQUISITION,1
2028027,Newbury Street II Acquisition Corp,NTWOW,Nasdaq,0002028027,NEWBURY STREET II ACQUISITION,1
2028201,Columbus Acquisition Corp/Cayman Islands,COLAR,Nasdaq,0002028201,COLUMBUS ACQUISITION CAYMAN ISLANDS,1
2028201,Columbus Acquisition Corp/Cayman Islands,COLAU,Nasdaq,0002028201,COLUMBUS ACQUISITION CAYMAN ISLANDS,1
2028293,"Rain Enhancement Technologies Holdco, Inc.",RAINW,Nasdaq,0002028293,RAIN ENHANCEMENT TECHNOLOGIES HOLDCO,1
2028336,"New ERA Energy & Digital, Inc.",NUAIW,Nasdaq,0002028336,NEW ERA ENERGY DIGITAL,1
2028355,Inflection Point Acquisition Corp. V,IPEXR,Nasdaq,0002028355,INFLECTION POINT ACQUISITION V,1
2028355,Inflection Point Acquisition Corp. V,IPEXU,Nasdaq,0002028355,INFLECTION POINT ACQUISITION V,1
2028516,Archimedes Tech SPAC Partners II Co.,ATIIU,Nasdaq,0002028516,ARCHIMEDES TECH SPAC PARTNERS II,1
2028516,Archimedes Tech SPAC Partners II Co.,ATIIW,Nasdaq,0002028516,ARCHIMEDES TECH SPAC PARTNERS II,1
2028614,Drugs Made In America Acquisition Corp.,DMAAR,Nasdaq,0002028614,DRUGS MADE IN AMERICA ACQUISITION,1
2028614,Drugs Made In America Acquisition Corp.,DMAAU,Nasdaq,0002028614,DRUGS MADE IN AMERICA ACQUISITION,1
2028699,Dynamix Corp,DYNCU,Nasdaq,0002028699,DYNAMIX,1
2028699,Dynamix Corp,DYNCW,Nasdaq,0002028699,DYNAMIX,1
2028735,Silver Pegasus Acquisition Corp.,SPEGR,Nasdaq,0002028735,SILVER PEGASUS ACQUISITION,1
2028735,Silver Pegasus Acquisition Corp.,SPEGU,Nasdaq,0002028735,SILVER PEGASUS ACQUISITION,1
2028935,FACT II Acquisition Corp.,FACTU,Nasdaq,0002028935,FACT II ACQUISITION,1
2028935,FACT II Acquisition Corp.,FACTW,Nasdaq,0002028935,FACT II ACQUISITION,1
2029303,Tech Tonic Group Corp.,THTG,OTC,0002029303,TECH TONIC,0
2029472,Puig Brands S.A./ADR,PUIGF,OTC,0002029472,PUIG BRANDS S ADR,0
2029492,Mountain Lake Acquisition Corp.,MLACR,Nasdaq,0002029492,MOUNTAIN LAKE ACQUISITION,1
2029492,Mountain Lake Acquisition Corp.,MLACU,Nasdaq,0002029492,MOUNTAIN LAKE ACQUISITION,1
2029586,"Blue Line Holdings, Inc.",BLNH,OTC,0002029586,BLUE LINE,0
2029769,Oaktree Acquisition Corp. III Life Sciences,OACCU,Nasdaq,0002029769,OAKTREE ACQUISITION III LIFE SCIENCES,1
2029769,Oaktree Acquisition Corp. III Life Sciences,OACCW,Nasdaq,0002029769,OAKTREE ACQUISITION III LIFE SCIENCES,1
2029969,Virbac SA/ADR,VRBCF,OTC,0002029969,VIRBAC SA ADR,0
2029970,"Laboratorios Farmaceuticos Rovi, S.A./ADR",LABFF,OTC,0002029970,LABORATORIOS FARMACEUTICOS ROVI S ADR,0
2029976,K&F GROWTH ACQUISITION CORP. II,KFIIR,Nasdaq,0002029976,K F GROWTH ACQUISITION II,1
2029976,K&F GROWTH ACQUISITION CORP. II,KFIIU,Nasdaq,0002029976,K F GROWTH ACQUISITION II,1
2030482,"Plum Acquisition Corp, IV",PLMKU,Nasdaq,0002030482,PLUM ACQUISITION IV,1
2030482,"Plum Acquisition Corp, IV",PLMKW,Nasdaq,0002030482,PLUM ACQUISITION IV,1
2030663,Sizzle Acquisition Corp. II,SZZLR,Nasdaq,0002030663,SIZZLE ACQUISITION II,1
2030663,Sizzle Acquisition Corp. II,SZZLU,Nasdaq,0002030663,SIZZLE ACQUISITION II,1
2030829,PANTAGES CAPITAL ACQUISITION Corp,PGACR,Nasdaq,0002030829,PANTAGES CAPITAL ACQUISITION,1
2030829,PANTAGES CAPITAL ACQUISITION Corp,PGACU,Nasdaq,0002030829,PANTAGES CAPITAL ACQUISITION,1
2031561,Aldel Financial II Inc.,ALDFU,Nasdaq,0002031561,ALDEL II,1
2031561,Aldel Financial II Inc.,ALDFW,Nasdaq,0002031561,ALDEL II,1
2031760,Vizsla Royalties Corp.,VROYF,OTC,0002031760,VIZSLA ROYALTIES,0
2032379,Willow Lane Acquisition Corp.,WLACU,Nasdaq,0002032379,WILLOW LANE ACQUISITION,1
2032379,Willow Lane Acquisition Corp.,WLACW,Nasdaq,0002032379,WILLOW LANE ACQUISITION,1
2032399,Mycronic AB/ADR,MICLF,OTC,0002032399,MYCRONIC AB ADR,0
2032517,Sectra AB/ADR,STKTF,OTC,0002032517,SECTRA AB ADR,0
2032528,Roman DBDR Acquisition Corp. II,DRDBU,Nasdaq,0002032528,ROMAN DBDR ACQUISITION II,1
2032528,Roman DBDR Acquisition Corp. II,DRDBW,Nasdaq,0002032528,ROMAN DBDR ACQUISITION II,1
2032609,Scientist Home Future Health Ltd,SHFH,OTC,0002032609,SCIENTIST HOME FUTURE HEALTH,0
2032732,"Arrived Homes 5, LLC",AEHGS,OTC,0002032732,ARRIVED HOMES 5,0
2032732,"Arrived Homes 5, LLC",ALOIS,OTC,0002032732,ARRIVED HOMES 5,0
2032732,"Arrived Homes 5, LLC",AVPKS,OTC,0002032732,ARRIVED HOMES 5,0
2032732,"Arrived Homes 5, LLC",AVSBS,OTC,0002032732,ARRIVED HOMES 5,0
2032950,Horizon Space Acquisition II Corp.,HSPTR,Nasdaq,0002032950,HORIZON SPACE ACQUISITION II,1
2032950,Horizon Space Acquisition II Corp.,HSPTU,Nasdaq,0002032950,HORIZON SPACE ACQUISITION II,1
2032966,"TIC Solutions, Inc.",TICAW,OTC,0002032966,TIC SOLUTIONS,0
2033019,Kokusai Electric Corporation/ADR,KOKSF,OTC,0002033019,KOKUSAI ELECTRIC ADR,0
2033122,Berto Acquisition Corp.,TACOU,Nasdaq,0002033122,BERTO ACQUISITION,1
2033122,Berto Acquisition Corp.,TACOW,Nasdaq,0002033122,BERTO ACQUISITION,1
2033264,Vertical Data Inc.,VDTA,OTC,0002033264,VERTICAL DATA,0
2033383,Fusemachines Inc.,FUSEW,Nasdaq,0002033383,FUSEMACHINES,1
2033593,Stellar V Capital Corp. (Cayman Islands),SVCCU,Nasdaq,0002033593,STELLAR V CAPITAL CAYMAN ISLANDS,1
2033593,Stellar V Capital Corp. (Cayman Islands),SVCCW,Nasdaq,0002033593,STELLAR V CAPITAL CAYMAN ISLANDS,1
2033770,"CID Holdco, Inc.",DAICW,Nasdaq,0002033770,CID HOLDCO,1
2033991,Texas Ventures Acquisition III Corp,TVACU,Nasdaq,0002033991,TEXAS VENTURES ACQUISITION III,1
2033991,Texas Ventures Acquisition III Corp,TVACW,Nasdaq,0002033991,TEXAS VENTURES ACQUISITION III,1
2034037,Siddhi Acquisition Corp (Cayman Islands),SDHIR,Nasdaq,0002034037,SIDDHI ACQUISITION CAYMAN ISLANDS,1
2034037,Siddhi Acquisition Corp (Cayman Islands),SDHIU,Nasdaq,0002034037,SIDDHI ACQUISITION CAYMAN ISLANDS,1
2034288,Rocky Mountains Group Ltd,RMGL,OTC,0002034288,ROCKY MOUNTAINS,0
2034300,Digital Domain Holdings Limited/ADR,DGMDF,OTC,0002034300,DIGITAL DOMAIN ADR,0
2034313,Oxley Bridge Acquisition Ltd,OBAWU,Nasdaq,0002034313,OXLEY BRIDGE ACQUISITION,1
2034313,Oxley Bridge Acquisition Ltd,OBAWW,Nasdaq,0002034313,OXLEY BRIDGE ACQUISITION,1
2034334,Artius II Acquisition Inc.,AACBR,Nasdaq,0002034334,ARTIUS II ACQUISITION,1
2034334,Artius II Acquisition Inc.,AACBU,Nasdaq,0002034334,ARTIUS II ACQUISITION,1
2034520,GIBO HOLDINGS Ltd,GIBOW,Nasdaq,0002034520,GIBO,1
2035016,Ribbon Acquisition Corp.,RIBBR,Nasdaq,0002035016,RIBBON ACQUISITION,1
2035016,Ribbon Acquisition Corp.,RIBBU,Nasdaq,0002035016,RIBBON ACQUISITION,1
2035173,Renatus Tactical Acquisition Corp I,RTACU,Nasdaq,0002035173,RENATUS TACTICAL ACQUISITION I,1
2035173,Renatus Tactical Acquisition Corp I,RTACW,Nasdaq,0002035173,RENATUS TACTICAL ACQUISITION I,1
2035644,Range Capital Acquisition Corp.,RANGR,Nasdaq,0002035644,RANGE CAPITAL ACQUISITION,1
2035644,Range Capital Acquisition Corp.,RANGU,Nasdaq,0002035644,RANGE CAPITAL ACQUISITION,1
2036973,UY Scuti Acquisition Corp.,UYSCR,Nasdaq,0002036973,UY SCUTI ACQUISITION,1
2036973,UY Scuti Acquisition Corp.,UYSCU,Nasdaq,0002036973,UY SCUTI ACQUISITION,1
2038439,"VisionWave Holdings, Inc.",VWAVW,Nasdaq,0002038439,VISIONWAVE,1
2038958,Mandatum Oyj/ADR,MANDF,OTC,0002038958,MANDATUM OYJ ADR,0
2039058,Jackson Acquisition Co II,JACS-RI,NYSE,0002039058,JACKSON ACQUISITION II,1
2039058,Jackson Acquisition Co II,JACS-UN,NYSE,0002039058,JACKSON ACQUISITION II,1
2039784,"Midea Group Co., Ltd./ADR",MGCOF,OTC,0002039784,MIDEA ADR,0
2040381,Pioneer Acquisition I Corp,PACHU,Nasdaq,0002040381,PIONEER ACQUISITION I,1
2040381,Pioneer Acquisition I Corp,PACHW,Nasdaq,0002040381,PIONEER ACQUISITION I,1
2040475,Drugs Made In America Acquisition II Corp.,DMIIR,Nasdaq,0002040475,DRUGS MADE IN AMERICA ACQUISITION II,1
2040475,Drugs Made In America Acquisition II Corp.,DMIIU,Nasdaq,0002040475,DRUGS MADE IN AMERICA ACQUISITION II,1
2041047,COLLECTIVE ACQUISITION CORP.,IPODU,Nasdaq,0002041047,COLLECTIVE ACQUISITION,1
2041047,COLLECTIVE ACQUISITION CORP.,IPODW,Nasdaq,0002041047,COLLECTIVE ACQUISITION,1
2041493,Alussa Energy Acquisition Corp. II,ALUB-UN,NYSE,0002041493,ALUSSA ENERGY ACQUISITION II,1
2041493,Alussa Energy Acquisition Corp. II,ALUB-WT,NYSE,0002041493,ALUSSA ENERGY ACQUISITION II,1
2041531,Bodhi Tree Biotechnology Inc,BDTB,OTC,0002041531,BODHI TREE BIOTECHNOLOGY,0
2041918,Lottomatica Group S.p.A./ADR,LTMGF,OTC,0002041918,LOTTOMATICA S P ADR,0
2042182,Oyster Enterprises II Acquisition Corp,OYSER,Nasdaq,0002042182,OYSTER ENTERPRISES II ACQUISITION,1
2042182,Oyster Enterprises II Acquisition Corp,OYSEU,Nasdaq,0002042182,OYSTER ENTERPRISES II ACQUISITION,1
2042187,Kyoto Financial Group Inc/ADR,KYFGF,OTC,0002042187,KYOTO ADR,0
2042292,BTC Development Corp.,BDCIU,Nasdaq,0002042292,BTC DEVELOPMENT,1
2042292,BTC Development Corp.,BDCIW,Nasdaq,0002042292,BTC DEVELOPMENT,1
2042460,Harvard Ave Acquisition Corp,HAVAR,Nasdaq,0002042460,HARVARD AVE ACQUISITION,1
2042460,Harvard Ave Acquisition Corp,HAVAU,Nasdaq,0002042460,HARVARD AVE ACQUISITION,1
2042556,Springer Nature AG & Co. KGaA/ADR,SPGDF,OTC,0002042556,SPRINGER NATURE AG KGAA ADR,0
2042902,EQV Ventures Acquisition Corp. II,EVAC-UN,NYSE,0002042902,EQV VENTURES ACQUISITION II,1
2042902,EQV Ventures Acquisition Corp. II,EVAC-WT,NYSE,0002042902,EQV VENTURES ACQUISITION II,1
2043424,Fujikura Ltd/ADR,FKURF,OTC,0002043424,FUJIKURA ADR,0
2043508,Lake Superior Acquisition Corp,LKSPR,Nasdaq,0002043508,LAKE SUPERIOR ACQUISITION,1
2043508,Lake Superior Acquisition Corp,LKSPU,Nasdaq,0002043508,LAKE SUPERIOR ACQUISITION,1
2043630,StoneBridge Acquisition II Corp,APACR,Nasdaq,0002043630,STONEBRIDGE ACQUISITION II,1
2043630,StoneBridge Acquisition II Corp,APACU,Nasdaq,0002043630,STONEBRIDGE ACQUISITION II,1
2043699,NewHold Investment Corp. III,NHICU,Nasdaq,0002043699,NEWHOLD INVESTMENT III,1
2043699,NewHold Investment Corp. III,NHICW,Nasdaq,0002043699,NEWHOLD INVESTMENT III,1
2043766,Globa Terra Acquisition Corp,GTERR,Nasdaq,0002043766,GLOBA TERRA ACQUISITION,1
2043766,Globa Terra Acquisition Corp,GTERU,Nasdaq,0002043766,GLOBA TERRA ACQUISITION,1
2043766,Globa Terra Acquisition Corp,GTERW,Nasdaq,0002043766,GLOBA TERRA ACQUISITION,1
2044009,Armada Acquisition Corp. II,XRPNU,Nasdaq,0002044009,ARMADA ACQUISITION II,1
2044009,Armada Acquisition Corp. II,XRPNW,Nasdaq,0002044009,ARMADA ACQUISITION II,1
2044523,Origin Investment Corp I,ORIQU,Nasdaq,0002044523,ORIGIN INVESTMENT I,1
2044523,Origin Investment Corp I,ORIQW,Nasdaq,0002044523,ORIGIN INVESTMENT I,1
2044635,Gesher Acquisition Corp. II,GSHRU,Nasdaq,0002044635,GESHER ACQUISITION II,1
2044635,Gesher Acquisition Corp. II,GSHRW,Nasdaq,0002044635,GESHER ACQUISITION II,1
2044817,CH4 Natural Solutions Corp,MTNE-UN,NYSE,0002044817,CH4 NATURAL SOLUTIONS,1
2044863,"Tokyo Metro Co., Ltd./ADR",TKMEF,OTC,0002044863,TOKYO METRO ADR,0
2045473,Copley Acquisition Corp,COPL-UN,NYSE,0002045473,COPLEY ACQUISITION,1
2045473,Copley Acquisition Corp,COPL-WT,NYSE,0002045473,COPLEY ACQUISITION,1
2046098,ALLEGRO.EU SA/ADR,ALEGF,OTC,0002046098,ALLEGRO EU SA ADR,0
2047177,Chenghe Acquisition III Co.,CHECU,Nasdaq,0002047177,CHENGHE ACQUISITION III,1
2047177,Chenghe Acquisition III Co.,CHECW,Nasdaq,0002047177,CHENGHE ACQUISITION III,1
2047455,Quartzsea Acquisition Corp,QSEAR,Nasdaq,0002047455,QUARTZSEA ACQUISITION,1
2047455,Quartzsea Acquisition Corp,QSEAU,Nasdaq,0002047455,QUARTZSEA ACQUISITION,1
2047497,Rithm Acquisition Corp.,RAC-UN,NYSE,0002047497,RITHM ACQUISITION,1
2047497,Rithm Acquisition Corp.,RAC-WT,NYSE,0002047497,RITHM ACQUISITION,1
2048270,"Sumitomo Forestry Co., Ltd./ADR",SMFRF,OTC,0002048270,SUMITOMO FORESTRY ADR,0
2048948,New Providence Acquisition Corp. III/Cayman,NPACU,Nasdaq,0002048948,NEW PROVIDENCE ACQUISITION III CAYMAN,1
2048948,New Providence Acquisition Corp. III/Cayman,NPACW,Nasdaq,0002048948,NEW PROVIDENCE ACQUISITION III CAYMAN,1
2048951,Live Oak Acquisition Corp. V,LOKVU,Nasdaq,0002048951,LIVE OAK ACQUISITION V,1
2048951,Live Oak Acquisition Corp. V,LOKVW,Nasdaq,0002048951,LIVE OAK ACQUISITION V,1
2048958,Stardust Solar Energy Inc.,SUNXF,OTC,0002048958,STARDUST SOLAR ENERGY,0
2049248,Lakeshore Acquisition III Corp.,LCCCR,Nasdaq,0002049248,LAKESHORE ACQUISITION III,1
2049248,Lakeshore Acquisition III Corp.,LCCCU,Nasdaq,0002049248,LAKESHORE ACQUISITION III,1
2049662,Cartesian Growth Corp III,CGCTU,Nasdaq,0002049662,CARTESIAN GROWTH III,1
2049662,Cartesian Growth Corp III,CGCTW,Nasdaq,0002049662,CARTESIAN GROWTH III,1
2050501,Blue Water Acquisition Corp. III,BLUWU,Nasdaq,0002050501,BLUE WATER ACQUISITION III,1
2050501,Blue Water Acquisition Corp. III,BLUWW,Nasdaq,0002050501,BLUE WATER ACQUISITION III,1
2051380,GrabAGun Digital Holdings Inc.,PEW-WT,NYSE,0002051380,GRABAGUN DIGITAL,1
2051587,BEST SPAC I Acquisition Corp.,BSAAR,Nasdaq,0002051587,BEST SPAC I ACQUISITION,1
2051587,BEST SPAC I Acquisition Corp.,BSAAU,Nasdaq,0002051587,BEST SPAC I ACQUISITION,1
2051820,Mount Logan Capital Inc.,MLCIL,Nasdaq,0002051820,MOUNT LOGAN CAPITAL,1
2051985,Iron Horse Acquisition II Corp.,IRHOR,Nasdaq,0002051985,IRON HORSE ACQUISITION II,1
2051985,Iron Horse Acquisition II Corp.,IRHOU,Nasdaq,0002051985,IRON HORSE ACQUISITION II,1
2052161,Real Asset Acquisition Corp.,RAAQU,Nasdaq,0002052161,REAL ASSET ACQUISITION,1
2052161,Real Asset Acquisition Corp.,RAAQW,Nasdaq,0002052161,REAL ASSET ACQUISITION,1
2052162,Digital Asset Acquisition Corp.,DAAQU,Nasdaq,0002052162,DIGITAL ASSET ACQUISITION,1
2052162,Digital Asset Acquisition Corp.,DAAQW,Nasdaq,0002052162,DIGITAL ASSET ACQUISITION,1
2052243,Twelve Seas Investment Co III/Cayman,TWLVR,Nasdaq,0002052243,TWELVE SEAS INVESTMENT III CAYMAN,1
2052243,Twelve Seas Investment Co III/Cayman,TWLVU,Nasdaq,0002052243,TWELVE SEAS INVESTMENT III CAYMAN,1
2052547,EGH Acquisition Corp.,EGHAR,Nasdaq,0002052547,EGH ACQUISITION,1
2052547,EGH Acquisition Corp.,EGHAU,Nasdaq,0002052547,EGH ACQUISITION,1
2053383,Kioxia Holdings Corporation/ADR,KXHCF,OTC,0002053383,KIOXIA ADR,0
2053411,PC Partner Group Ltd/ADR,PCPPF,OTC,0002053411,PC PARTNER ADR,0
2053456,Generation Essentials Group,TGE-WT,NYSE,0002053456,GENERATION ESSENTIALS,1
2053799,Kochav Defense Acquisition Corp.,KCHVR,Nasdaq,0002053799,KOCHAV DEFENSE ACQUISITION,1
2053799,Kochav Defense Acquisition Corp.,KCHVU,Nasdaq,0002053799,KOCHAV DEFENSE ACQUISITION,1
2053843,Yangzijiang Shipbuilding Holdings Ltd/ADR,YSHLF,OTC,0002053843,YANGZIJIANG SHIPBUILDING ADR,0
2053927,Wintergreen Acquisition Corp.,WTGUR,Nasdaq,0002053927,WINTERGREEN ACQUISITION,1
2053927,Wintergreen Acquisition Corp.,WTGUU,Nasdaq,0002053927,WINTERGREEN ACQUISITION,1
2054272,1RT Acquisition Corp.,ONCHU,Nasdaq,0002054272,1RT ACQUISITION,1
2054272,1RT Acquisition Corp.,ONCHW,Nasdaq,0002054272,1RT ACQUISITION,1
2054876,NMP Acquisition Corp.,NMPAR,Nasdaq,0002054876,NMP ACQUISITION,1
2054876,NMP Acquisition Corp.,NMPAU,Nasdaq,0002054876,NMP ACQUISITION,1
2055337,"Asahi Group Holdings, Ltd./ADR",ASBRF,OTC,0002055337,ASAHI ADR,0
2055459,Republic Digital Acquisition Co,RDAGU,Nasdaq,0002055459,REPUBLIC DIGITAL ACQUISITION,1
2055459,Republic Digital Acquisition Co,RDAGW,Nasdaq,0002055459,REPUBLIC DIGITAL ACQUISITION,1
2055879,Vendome Acquisition Corp I,VNMEU,Nasdaq,0002055879,VENDOME ACQUISITION I,1
2055879,Vendome Acquisition Corp I,VNMEW,Nasdaq,0002055879,VENDOME ACQUISITION I,1
2056634,ProCap Acquisition Corp,PCAPU,Nasdaq,0002056634,PROCAP ACQUISITION,1
2056634,ProCap Acquisition Corp,PCAPW,Nasdaq,0002056634,PROCAP ACQUISITION,1
2056751,Recharge Resources Ltd.,UUUFD,OTC,0002056751,RECHARGE RESOURCES,0
2057030,Axiom Intelligence Acquisition Corp 1,AXINR,Nasdaq,0002057030,AXIOM INTELLIGENCE ACQUISITION 1,1
2057030,Axiom Intelligence Acquisition Corp 1,AXINU,Nasdaq,0002057030,AXIOM INTELLIGENCE ACQUISITION 1,1
2057043,WEN Acquisition Corp,WENNU,Nasdaq,0002057043,WEN ACQUISITION,1
2057043,WEN Acquisition Corp,WENNW,Nasdaq,0002057043,WEN ACQUISITION,1
2057463,"GCI Liberty, Inc.",GLIBK,Nasdaq,0002057463,GCI LIBERTY,1
2058359,Cal Redwood Acquisition Corp.,CRAQR,Nasdaq,0002058359,CAL REDWOOD ACQUISITION,1
2058359,Cal Redwood Acquisition Corp.,CRAQU,Nasdaq,0002058359,CAL REDWOOD ACQUISITION,1
2059033,FIGX Capital Acquisition Corp.,FIGXU,Nasdaq,0002059033,FIGX CAPITAL ACQUISITION,1
2059033,FIGX Capital Acquisition Corp.,FIGXW,Nasdaq,0002059033,FIGX CAPITAL ACQUISITION,1
2059165,STARRY SEA ACQUISITION CORP,SSEAR,Nasdaq,0002059165,STARRY SEA ACQUISITION,1
2059165,STARRY SEA ACQUISITION CORP,SSEAU,Nasdaq,0002059165,STARRY SEA ACQUISITION,1
2059654,Blue Acquisition Corp/Cayman,BACCR,Nasdaq,0002059654,BLUE ACQUISITION CAYMAN,1
2059654,Blue Acquisition Corp/Cayman,BACCU,Nasdaq,0002059654,BLUE ACQUISITION CAYMAN,1
2059986,Onward Medical N.V./ADR,ONWRF,OTC,0002059986,ONWARD MEDICAL V ADR,0
2060217,"Horizon Robotics, Inc./ADR",HRZRF,OTC,0002060217,HORIZON ROBOTICS ADR,0
2060337,JENA ACQUISITION Corp II,JENA-RI,NYSE,0002060337,JENA ACQUISITION II,1
2060337,JENA ACQUISITION Corp II,JENA-UN,NYSE,0002060337,JENA ACQUISITION II,1
2060863,Nightingale Health Plc,NGHLF,OTC,0002060863,NIGHTINGALE HEALTH,0
2061379,LightWave Acquisition Corp.,LWACU,Nasdaq,0002061379,LIGHTWAVE ACQUISITION,1
2061379,LightWave Acquisition Corp.,LWACW,Nasdaq,0002061379,LIGHTWAVE ACQUISITION,1
2061473,Perimeter Acquisition Corp. I,PMTRU,Nasdaq,0002061473,PERIMETER ACQUISITION I,1
2061473,Perimeter Acquisition Corp. I,PMTRW,Nasdaq,0002061473,PERIMETER ACQUISITION I,1
2061911,Mixue Bingcheng Co Ltd/ADR,MXUBY,OTC,0002061911,MIXUE BINGCHENG ADR,0
2061911,Mixue Bingcheng Co Ltd/ADR,MXUGF,OTC,0002061911,MIXUE BINGCHENG ADR,0
2062440,Kyivstar Group Ltd.,KYIVW,Nasdaq,0002062440,KYIVSTAR,1
2062522,GAMES WORKSHOP GROUP PLC/ADR,GMWKF,OTC,0002062522,GAMES WORKSHOP ADR,0
2062803,IDP Education Ltd./ADR,IDPUF,OTC,0002062803,IDP EDUCATION ADR,0
2062807,Mercury NZ Ltd./ADR,MGHTF,OTC,0002062807,MERCURY NZ ADR,0
2063413,SM Prime Holdings Inc./ADR,SPHXF,OTC,0002063413,SM PRIME ADR,0
2063417,Meridian Energy Ltd/ADR,MDDNF,OTC,0002063417,MERIDIAN ENERGY ADR,0
2063675,Louis Hachette Group/ADR,LSHGF,OTC,0002063675,LOUIS HACHETTE ADR,0
2063685,PT Sumber Alfaria Trijaya Tbk/ADR,PSBAF,OTC,0002063685,PT SUMBER ALFARIA TRIJAYA TBK ADR,0
2063816,Indigo Acquisition Corp.,INACR,Nasdaq,0002063816,INDIGO ACQUISITION,1
2063816,Indigo Acquisition Corp.,INACU,Nasdaq,0002063816,INDIGO ACQUISITION,1
2064124,"Figure Technology Solutions, Inc.",FGRS,OTC,0002064124,FIGURE TECHNOLOGY SOLUTIONS,0
2064177,Blueport Acquisition Ltd,BPACR,Nasdaq,0002064177,BLUEPORT ACQUISITION,1
2064177,Blueport Acquisition Ltd,BPACU,Nasdaq,0002064177,BLUEPORT ACQUISITION,1
2064355,Bain Capital GSS Investment Corp.,BCSS-UN,NYSE,0002064355,BAIN CAPITAL GSS INVESTMENT,1
2064355,Bain Capital GSS Investment Corp.,BCSS-WT,NYSE,0002064355,BAIN CAPITAL GSS INVESTMENT,1
2064658,Yorkville Acquisition Corp.,MCGAU,Nasdaq,0002064658,YORKVILLE ACQUISITION,1
2064658,Yorkville Acquisition Corp.,MCGAW,Nasdaq,0002064658,YORKVILLE ACQUISITION,1
2064683,Cohen Circle Acquisition Corp. II,CCIIU,Nasdaq,0002064683,COHEN CIRCLE ACQUISITION II,1
2064683,Cohen Circle Acquisition Corp. II,CCIIW,Nasdaq,0002064683,COHEN CIRCLE ACQUISITION II,1
2065485,JX Advanced Metals Corporation/ADR,JXADF,OTC,0002065485,JX ADVANCED METALS ADR,0
2065660,"DeNA Co., Ltd./ADR",DNACF,OTC,0002065660,DENA ADR,0
2065661,Plutonian Acquisition Corp. II,PLUN-UN,NYSE,0002065661,PLUTONIAN ACQUISITION II,1
2065779,D. Boral ARC Acquisition I Corp.,BCARU,Nasdaq,0002065779,D BORAL ARC ACQUISITION I,1
2065779,D. Boral ARC Acquisition I Corp.,BCARW,Nasdaq,0002065779,D BORAL ARC ACQUISITION I,1
2065932,Freelancer Ltd,FLNCF,OTC,0002065932,FREELANCER,0
2065948,Solarius Capital Acquisition Corp.,SOCAU,Nasdaq,0002065948,SOLARIUS CAPITAL ACQUISITION,1
2065948,Solarius Capital Acquisition Corp.,SOCAW,Nasdaq,0002065948,SOLARIUS CAPITAL ACQUISITION,1
2066600,SCB X Public Co Ltd,SCXBF,OTC,0002066600,SCB X PUBLIC,0
2066601,"Tokyo Ohka Kogyo Co., Ltd./ADR",TOKCF,OTC,0002066601,TOKYO OHKA KOGYO ADR,0
2067592,McKinley Acquisition Corp,MKLYR,Nasdaq,0002067592,MCKINLEY ACQUISITION,1
2067592,McKinley Acquisition Corp,MKLYU,Nasdaq,0002067592,MCKINLEY ACQUISITION,1
2068385,SharonAI Holdings Inc.,SHAZW,OTC,0002068385,SHARONAI,0
2068440,Laopu Gold Co. Ltd./ADR,LPUGF,OTC,0002068440,LAOPU GOLD ADR,0
2068441,Strathcona Resources Ltd.,STHRF,OTC,0002068441,STRATHCONA RESOURCES,0
2068454,"CSLM Digital Asset Acquisition Corp III, Ltd",KOYNU,Nasdaq,0002068454,CSLM DIGITAL ASSET ACQUISITION III,1
2068454,"CSLM Digital Asset Acquisition Corp III, Ltd",KOYNW,Nasdaq,0002068454,CSLM DIGITAL ASSET ACQUISITION III,1
2069238,Pyrophyte Acquisition Corp. II,PAII-UN,NYSE,0002069238,PYROPHYTE ACQUISITION II,1
2069238,Pyrophyte Acquisition Corp. II,PAII-WT,NYSE,0002069238,PYROPHYTE ACQUISITION II,1
2069856,HCM III ACQUISITION CORP.,HCMAU,Nasdaq,0002069856,HCM III ACQUISITION,1
2069856,HCM III ACQUISITION CORP.,HCMAW,Nasdaq,0002069856,HCM III ACQUISITION,1
2070570,Reece Limited/ADR,REECF,OTC,0002070570,REECE ADR,0
2070602,Highview Merger Corp.,HVMCU,Nasdaq,0002070602,HIGHVIEW MERGER,1
2070602,Highview Merger Corp.,HVMCW,Nasdaq,0002070602,HIGHVIEW MERGER,1
2070829,"Contemporary Amperex Technology Co., Limited/ADR",CTATF,OTC,0002070829,CONTEMPORARY AMPEREX TECHNOLOGY ADR,0
2070887,Crown Reserve Acquisition Corp. I,CRACR,Nasdaq,0002070887,CROWN RESERVE ACQUISITION I,1
2070887,Crown Reserve Acquisition Corp. I,CRACU,Nasdaq,0002070887,CROWN RESERVE ACQUISITION I,1
2070887,Crown Reserve Acquisition Corp. I,CRACW,Nasdaq,0002070887,CROWN RESERVE ACQUISITION I,1
2070900,Quantumsphere Acquisition Corp,QUMSR,Nasdaq,0002070900,QUANTUMSPHERE ACQUISITION,1
2070900,Quantumsphere Acquisition Corp,QUMSU,Nasdaq,0002070900,QUANTUMSPHERE ACQUISITION,1
2071868,"Jiangsu Hengrui Pharmaceuticals Co., Ltd./ADR",JNGHF,OTC,0002071868,JIANGSU HENGRUI PHARMACEUTICALS ADR,0
2071881,Tourmaline Oil Corp/ADR,TRMLF,OTC,0002071881,TOURMALINE OIL ADR,0
2071911,Capital Power Corp/ADR,CPRHF,OTC,0002071911,CAPITAL POWER ADR,0
2071911,Capital Power Corp/ADR,CPWPF,OTC,0002071911,CAPITAL POWER ADR,0
2071911,Capital Power Corp/ADR,CPXWF,OTC,0002071911,CAPITAL POWER ADR,0
2071912,PrairieSky Royalty Ltd/ADR,PREKF,OTC,0002071912,PRAIRIESKY ROYALTY ADR,0
2071913,Gibson Energy Inc/ADR,GBNXF,OTC,0002071913,GIBSON ENERGY ADR,0
2072098,Toromont Industries Ltd./ADR,TMTNF,OTC,0002072098,TOROMONT INDUSTRIES ADR,0
2072389,Northland Power Inc./ADR,NPICF,OTC,0002072389,NORTHLAND POWER ADR,0
2072389,Northland Power Inc./ADR,NPIFF,OTC,0002072389,NORTHLAND POWER ADR,0
2072404,GSR IV Acquisition Corp.,GSRFR,Nasdaq,0002072404,GSR IV ACQUISITION,1
2072404,GSR IV Acquisition Corp.,GSRFU,Nasdaq,0002072404,GSR IV ACQUISITION,1
2073268,Birchcliff Energy Ltd./ADR,BIREF,OTC,0002073268,BIRCHCLIFF ENERGY ADR,0
2073340,Talon Capital Corp.,TLNCU,Nasdaq,0002073340,TALON CAPITAL,1
2073340,Talon Capital Corp.,TLNCW,Nasdaq,0002073340,TALON CAPITAL,1
2073515,ARC Group Acquisition I Corp.,ARCLU,Nasdaq,0002073515,ARC ACQUISITION I,1
2073553,AI Infrastructure Acquisition Corp.,AIIA-RI,NYSE,0002073553,AI INFRASTRUCTURE ACQUISITION,1
2073553,AI Infrastructure Acquisition Corp.,AIIA-UN,NYSE,0002073553,AI INFRASTRUCTURE ACQUISITION,1
2073615,Element Fleet Management Corp./ADR,ELEEF,OTC,0002073615,ELEMENT FLEET MANAGEMENT ADR,0
2073620,Parex Resources Inc./ADR,PARXF,OTC,0002073620,PAREX RESOURCES ADR,0
2073638,Finning International Inc./ADR,FINGF,OTC,0002073638,FINNING INTERNATIONAL ADR,0
2073655,Topaz Energy Corp./ADR,TPZEF,OTC,0002073655,TOPAZ ENERGY ADR,0
2073669,Hansoh Pharmaceutical Group Co Limited/ADR,HNSPF,OTC,0002073669,HANSOH PHARMACEUTICAL ADR,0
2073804,TCL Electronics Holdings Limited/ADR,TCLHF,OTC,0002073804,TCL ELECTRONICS ADR,0
2073893,Dollarama Inc./ADR,DLMAF,OTC,0002073893,DOLLARAMA ADR,0
2073901,Tamarack Valley Energy Ltd./ADR,TNEYF,OTC,0002073901,TAMARACK VALLEY ENERGY ADR,0
2073913,North West Co Inc./ADR,NNWWF,OTC,0002073913,NORTH WEST ADR,0
2073928,M3-Brigade Acquisition VI Corp.,MBVIU,Nasdaq,0002073928,M3 BRIGADE ACQUISITION VI,1
2073928,M3-Brigade Acquisition VI Corp.,MBVIW,Nasdaq,0002073928,M3 BRIGADE ACQUISITION VI,1
2073972,Sienna Senior Living Inc./ADR,LWSCF,OTC,0002073972,SIENNA SENIOR LIVING ADR,0
2074059,Winpak Ltd./ADR,WIPKF,OTC,0002074059,WINPAK ADR,0
2074157,StorageVault Canada Inc./ADR,SVAUF,OTC,0002074157,STORAGEVAULT CANADA ADR,0
2074697,FutureCrest Acquisition Corp.,FCRS-UN,NYSE,0002074697,FUTURECREST ACQUISITION,1
2074697,FutureCrest Acquisition Corp.,FCRS-WT,NYSE,0002074697,FUTURECREST ACQUISITION,1
2074850,Spring Valley Acquisition Corp. III,SVACU,Nasdaq,0002074850,SPRING VALLEY ACQUISITION III,1
2074850,Spring Valley Acquisition Corp. III,SVACW,Nasdaq,0002074850,SPRING VALLEY ACQUISITION III,1
2074872,Rice Acquisition Corp 3,KRSP-UN,NYSE,0002074872,RICE ACQUISITION 3,1
2074872,Rice Acquisition Corp 3,KRSP-WT,NYSE,0002074872,RICE ACQUISITION 3,1
2074878,New America Acquisition I Corp.,NWAX-UN,NYSE,0002074878,NEW AMERICA ACQUISITION I,1
2074878,New America Acquisition I Corp.,NWAX-WT,NYSE,0002074878,NEW AMERICA ACQUISITION I,1
2074973,Churchill Capital Corp XI,CCXIU,Nasdaq,0002074973,CHURCHILL CAPITAL XI,1
2074973,Churchill Capital Corp XI,CCXIW,Nasdaq,0002074973,CHURCHILL CAPITAL XI,1
2075068,Invest Green Acquisition Corp,IGACR,Nasdaq,0002075068,INVEST GREEN ACQUISITION,1
2075068,Invest Green Acquisition Corp,IGACU,Nasdaq,0002075068,INVEST GREEN ACQUISITION,1
2075141,VusionGroup,SRBEF,OTC,0002075141,VUSIONGROUP,0
2075310,Trailblazer Acquisition Corp.,BLZRU,Nasdaq,0002075310,TRAILBLAZER ACQUISITION,1
2075310,Trailblazer Acquisition Corp.,BLZRW,Nasdaq,0002075310,TRAILBLAZER ACQUISITION,1
2075336,AA Mission Acquisition Corp. II,YCY-UN,NYSE,0002075336,AA MISSION ACQUISITION II,1
2075336,AA Mission Acquisition Corp. II,YCY-WT,NYSE,0002075336,AA MISSION ACQUISITION II,1
2075349,Top End Energy Ltd/ADR,TNDEF,OTC,0002075349,TOP END ENERGY ADR,0
2075474,GPT Group/ADR,GPTGF,OTC,0002075474,GPT ADR,0
2075816,Emmis Acquisition Corp.,EMISR,Nasdaq,0002075816,EMMIS ACQUISITION,1
2075877,Bank Pekao S.A./ADR,BKPKF,OTC,0002075877,PEKAO S ADR,0
2075918,Capstone Copper Corp./ADR,CSCCF,OTC,0002075918,CAPSTONE COPPER ADR,0
2076163,"ProCap Financial, Inc.",BRRWW,Nasdaq,0002076163,PROCAP,1
2076192,Westin Acquisition Corp,WSTNR,Nasdaq,0002076192,WESTIN ACQUISITION,1
2076192,Westin Acquisition Corp,WSTNU,Nasdaq,0002076192,WESTIN ACQUISITION,1
2076427,Galata Acquisition Corp. II,LATAU,Nasdaq,0002076427,GALATA ACQUISITION II,1
2076427,Galata Acquisition Corp. II,LATAW,Nasdaq,0002076427,GALATA ACQUISITION II,1
2076616,Tailwind 2.0 Acquisition Corp.,TDWDR,Nasdaq,0002076616,TAILWIND 2 0 ACQUISITION,1
2076616,Tailwind 2.0 Acquisition Corp.,TDWDU,Nasdaq,0002076616,TAILWIND 2 0 ACQUISITION,1
2076739,SC II Acquisition Corp.,SCIIR,Nasdaq,0002076739,SC II ACQUISITION,1
2076739,SC II Acquisition Corp.,SCIIU,Nasdaq,0002076739,SC II ACQUISITION,1
2077010,OTG Acquisition Corp. I,OTGAU,Nasdaq,0002077010,OTG ACQUISITION I,1
2077010,OTG Acquisition Corp. I,OTGAW,Nasdaq,0002077010,OTG ACQUISITION I,1
2077033,Miluna Acquisition Corp,MMTXU,Nasdaq,0002077033,MILUNA ACQUISITION,1
2077033,Miluna Acquisition Corp,MMTXW,Nasdaq,0002077033,MILUNA ACQUISITION,1
2077146,"OBIC Co., Ltd./ADR",OBIIF,OTC,0002077146,OBIC ADR,0
2077242,Stella-Jones Inc./ADR,STLJF,OTC,0002077242,STELLA JONES ADR,0
2077785,Iris Acquisition Corp II,IRAB-UN,NYSE,0002077785,IRIS ACQUISITION II,1
2077785,Iris Acquisition Corp II,IRAB-WT,NYSE,0002077785,IRIS ACQUISITION II,1
2077954,Evolution Global Acquisition Corp,EVOXU,Nasdaq,0002077954,EVOLUTION GLOBAL ACQUISITION,1
2077954,Evolution Global Acquisition Corp,EVOXW,Nasdaq,0002077954,EVOLUTION GLOBAL ACQUISITION,1
2078416,"Liberty Live Holdings, Inc.",LLYVB,OTC,0002078416,LIBERTY LIVE,0
2078416,"Liberty Live Holdings, Inc.",LLYVK,Nasdaq,0002078416,LIBERTY LIVE,1
2078653,Range Capital Acquisition Corp II,RNGTU,Nasdaq,0002078653,RANGE CAPITAL ACQUISITION II,1
2078653,Range Capital Acquisition Corp II,RNGTW,Nasdaq,0002078653,RANGE CAPITAL ACQUISITION II,1
2079013,Hall Chadwick Acquisition Corp,HCACR,Nasdaq,0002079013,HALL CHADWICK ACQUISITION,1
2079106,LaFayette Acquisition Corp.,LAFAR,Nasdaq,0002079106,LAFAYETTE ACQUISITION,1
2079106,LaFayette Acquisition Corp.,LAFAU,Nasdaq,0002079106,LAFAYETTE ACQUISITION,1
2079253,Apex Treasury Corp,APXTU,Nasdaq,0002079253,APEX TREASURY,1
2079253,Apex Treasury Corp,APXTW,Nasdaq,0002079253,APEX TREASURY,1
2079292,Insight Digital Partners II,DYORU,Nasdaq,0002079292,INSIGHT DIGITAL PARTNERS II,1
2079292,Insight Digital Partners II,DYORW,Nasdaq,0002079292,INSIGHT DIGITAL PARTNERS II,1
2079706,"Mitsubishi Gas Chemical Company, Inc./ADR",MBGCF,OTC,0002079706,MITSUBISHI GAS CHEMICAL ADR,0
2079933,TGE Value Creative Solutions Corp,BEBE-UN,NYSE,0002079933,TGE VALUE CREATIVE SOLUTIONS,1
2079933,TGE Value Creative Solutions Corp,BEBE-WT,NYSE,0002079933,TGE VALUE CREATIVE SOLUTIONS,1
2080019,GigCapital8 Corp.,GIWWR,Nasdaq,0002080019,GIGCAPITAL8,1
2080019,GigCapital8 Corp.,GIWWU,Nasdaq,0002080019,GIGCAPITAL8,1
2080023,Viking Acquisition Corp I,VACI-UN,NYSE,0002080023,VIKING ACQUISITION I,1
2080023,Viking Acquisition Corp I,VACI-WT,NYSE,0002080023,VIKING ACQUISITION I,1
2080087,Maywood Acquisition Corp. 2,MYXXR,Nasdaq,0002080087,MAYWOOD ACQUISITION 2,1
2080087,Maywood Acquisition Corp. 2,MYXXU,Nasdaq,0002080087,MAYWOOD ACQUISITION 2,1
2080087,Maywood Acquisition Corp. 2,MYXXW,Nasdaq,0002080087,MAYWOOD ACQUISITION 2,1
2080985,ITHAX Acquisition Corp III,ITHAU,Nasdaq,0002080985,ITHAX ACQUISITION III,1
2080985,ITHAX Acquisition Corp III,ITHAW,Nasdaq,0002080985,ITHAX ACQUISITION III,1
2081125,Dynamix Corp III,DNMXU,Nasdaq,0002081125,DYNAMIX III,1
2081125,Dynamix Corp III,DNMXW,Nasdaq,0002081125,DYNAMIX III,1
2081300,SPACSphere Acquisition Corp.,SSACR,Nasdaq,0002081300,SPACSPHERE ACQUISITION,1
2081300,SPACSphere Acquisition Corp.,SSACU,Nasdaq,0002081300,SPACSPHERE ACQUISITION,1
2081300,SPACSphere Acquisition Corp.,SSACW,Nasdaq,0002081300,SPACSPHERE ACQUISITION,1
2081358,Crane Harbor Acquisition Corp. II,CRANR,Nasdaq,0002081358,CRANE HARBOR ACQUISITION II,1
2081358,Crane Harbor Acquisition Corp. II,CRANU,Nasdaq,0002081358,CRANE HARBOR ACQUISITION II,1
2081468,Meshflow Acquisition Corp,MESHU,Nasdaq,0002081468,MESHFLOW ACQUISITION,1
2081468,Meshflow Acquisition Corp,MESHW,Nasdaq,0002081468,MESHFLOW ACQUISITION,1
2081515,Berto Acquisition Corp. II,GUACU,Nasdaq,0002081515,BERTO ACQUISITION II,1
2081532,Bluerock Acquisition Corp.,BLRKU,Nasdaq,0002081532,BLUEROCK ACQUISITION,1
2081532,Bluerock Acquisition Corp.,BLRKW,Nasdaq,0002081532,BLUEROCK ACQUISITION,1
2081536,White Pearl Acquisition Corp.,WPAC-RI,NYSE,0002081536,WHITE PEARL ACQUISITION,1
2081536,White Pearl Acquisition Corp.,WPAC-UN,NYSE,0002081536,WHITE PEARL ACQUISITION,1
2081690,Vernal Capital Acquisition Corp.,VECA-UN,NYSE,0002081690,VERNAL CAPITAL ACQUISITION,1
2081909,SilverBox Corp V,SBXE-UN,NYSE,0002081909,SILVERBOX V,1
2081909,SilverBox Corp V,SBXE-WT,NYSE,0002081909,SILVERBOX V,1
2082119,KRAKacquisition Corp,KRAQU,Nasdaq,0002082119,KRAKACQUISITION,1
2082119,KRAKacquisition Corp,KRAQW,Nasdaq,0002082119,KRAKACQUISITION,1
2082141,Avio S.p.A./ADR,AVVOF,OTC,0002082141,AVIO S P ADR,0
2082149,Daedalus Special Acquisition Corp.,DSACU,Nasdaq,0002082149,DAEDALUS SPECIAL ACQUISITION,1
2082149,Daedalus Special Acquisition Corp.,DSACW,Nasdaq,0002082149,DAEDALUS SPECIAL ACQUISITION,1
2082542,Bitcoin Infrastructure Acquisition Corp Ltd,BIXIU,Nasdaq,0002082542,BITCOIN INFRASTRUCTURE ACQUISITION,1
2082542,Bitcoin Infrastructure Acquisition Corp Ltd,BIXIW,Nasdaq,0002082542,BITCOIN INFRASTRUCTURE ACQUISITION,1
2082844,Safeguard Acquisition Corp.,SAC-UN,NYSE,0002082844,SAFEGUARD ACQUISITION,1
2082844,Safeguard Acquisition Corp.,SAC-WT,NYSE,0002082844,SAFEGUARD ACQUISITION,1
2082847,Blue Water Acquisition Corp. IV,BWIV-UN,NYSE,0002082847,BLUE WATER ACQUISITION IV,1
2082847,Blue Water Acquisition Corp. IV,BWIV-WT,NYSE,0002082847,BLUE WATER ACQUISITION IV,1
2082866,"Pinnacle Financial Partners, Inc.",PNFP-PA,NYSE,0002082866,PINNACLE PARTNERS,1
2082866,"Pinnacle Financial Partners, Inc.",PNFP-PB,NYSE,0002082866,PINNACLE PARTNERS,1
2082866,"Pinnacle Financial Partners, Inc.",PNFP-PC,NYSE,0002082866,PINNACLE PARTNERS,1
2083002,American Drive Acquisition Co,ADACU,Nasdaq,0002083002,AMERICAN DRIVE ACQUISITION,1
2083002,American Drive Acquisition Co,ADACW,Nasdaq,0002083002,AMERICAN DRIVE ACQUISITION,1
2083125,PRESIDIO PRODUCTION Co,FTW-WT,NYSE,0002083125,PRESIDIO PRODUCTION,1
2083143,Social Commerce Partners Corp,SCPQU,Nasdaq,0002083143,SOCIAL COMMERCE PARTNERS,1
2083143,Social Commerce Partners Corp,SCPQW,Nasdaq,0002083143,SOCIAL COMMERCE PARTNERS,1
2083217,QDRO Acquisition Corp.,QADRU,Nasdaq,0002083217,QDRO ACQUISITION,1
2083221,SPIE SA/ADR,SPIWF,OTC,0002083221,SPIE SA ADR,0
2083452,Shreya Acquisition Group,SAGU-UN,NYSE,0002083452,SHREYA ACQUISITION,1
2083493,X3 Acquisition Corp. Ltd.,XCBEU,Nasdaq,0002083493,X3 ACQUISITION,1
2083493,X3 Acquisition Corp. Ltd.,XCBEW,Nasdaq,0002083493,X3 ACQUISITION,1
2083689,Activate Energy Acquisition Corp.,AEAQU,Nasdaq,0002083689,ACTIVATE ENERGY ACQUISITION,1
2083689,Activate Energy Acquisition Corp.,AEAQW,Nasdaq,0002083689,ACTIVATE ENERGY ACQUISITION,1
2083728,Launchpad Cadenza Acquisition Corp I,LPCVU,Nasdaq,0002083728,LAUNCHPAD CADENZA ACQUISITION I,1
2083728,Launchpad Cadenza Acquisition Corp I,LPCVW,Nasdaq,0002083728,LAUNCHPAD CADENZA ACQUISITION I,1
2083910,Archimedes Tech SPAC Partners III Co.,ARCIU,Nasdaq,0002083910,ARCHIMEDES TECH SPAC PARTNERS III,1
2083910,Archimedes Tech SPAC Partners III Co.,ARCIW,Nasdaq,0002083910,ARCHIMEDES TECH SPAC PARTNERS III,1
2083946,Willow Lane Acquisition Corp. II,WLIIU,Nasdaq,0002083946,WILLOW LANE ACQUISITION II,1
2083946,Willow Lane Acquisition Corp. II,WLIIW,Nasdaq,0002083946,WILLOW LANE ACQUISITION II,1
2083989,"Aldabra 4 Liquidity Opportunity Vehicle, Inc.",ALOVU,Nasdaq,0002083989,ALDABRA 4 LIQUIDITY OPPORTUNITY VEHICLE,1
2083989,"Aldabra 4 Liquidity Opportunity Vehicle, Inc.",ALOVW,Nasdaq,0002083989,ALDABRA 4 LIQUIDITY OPPORTUNITY VEHICLE,1
2084261,"URSB Bancorp, Inc.",URSB,OTC,0002084261,URSB,0
2084396,Infinite Eagle Acquisition Corp.,IEAGR,Nasdaq,0002084396,INFINITE EAGLE ACQUISITION,1
2084396,Infinite Eagle Acquisition Corp.,IEAGU,Nasdaq,0002084396,INFINITE EAGLE ACQUISITION,1
2084563,Leapfrog Acquisition Corp,LFACU,Nasdaq,0002084563,LEAPFROG ACQUISITION,1
2084563,Leapfrog Acquisition Corp,LFACW,Nasdaq,0002084563,LEAPFROG ACQUISITION,1
2085177,QuasarEdge Acquisition Corp,QRED-RI,NYSE,0002085177,QUASAREDGE ACQUISITION,1
2085177,QuasarEdge Acquisition Corp,QRED-UN,NYSE,0002085177,QUASAREDGE ACQUISITION,1
2085208,Duality Biotherapeutics Inc/ADR,DUTBF,OTC,0002085208,DUALITY BIOTHERAPEUTICS ADR,0
2085236,AUMOVIO SE,AMVIF,OTC,0002085236,AUMOVIO SE,0
2085408,General Purpose Acquisition Corp.,GPACU,Nasdaq,0002085408,GENERAL PURPOSE ACQUISITION,1
2085408,General Purpose Acquisition Corp.,GPACW,Nasdaq,0002085408,GENERAL PURPOSE ACQUISITION,1
2085485,APEX Tech Acquisition Inc.,TRAD-RI,NYSE,0002085485,APEX TECH ACQUISITION,1
2085485,APEX Tech Acquisition Inc.,TRAD-UN,NYSE,0002085485,APEX TECH ACQUISITION,1
2085659,Silicon Valley Acquisition Corp.,SVAQU,Nasdaq,0002085659,SILICON VALLEY ACQUISITION,1
2085659,Silicon Valley Acquisition Corp.,SVAQW,Nasdaq,0002085659,SILICON VALLEY ACQUISITION,1
2085932,Energy Transition Special Opportunities,ETSS-UN,NYSE,0002085932,ENERGY TRANSITION SPECIAL OPPORTUNITIES,1
2086263,Soren Acquisition Corp.,SORNU,Nasdaq,0002086263,SOREN ACQUISITION,1
2086263,Soren Acquisition Corp.,SORNW,Nasdaq,0002086263,SOREN ACQUISITION,1
2086264,Vine Hill Capital Investment Corp. II,VHCPU,Nasdaq,0002086264,VINE HILL CAPITAL INVESTMENT II,1
2086264,Vine Hill Capital Investment Corp. II,VHCPW,Nasdaq,0002086264,VINE HILL CAPITAL INVESTMENT II,1
2086524,K2 Capital Acquisition Corp,KTWOR,Nasdaq,0002086524,K2 CAPITAL ACQUISITION,1
2086524,K2 Capital Acquisition Corp,KTWOU,Nasdaq,0002086524,K2 CAPITAL ACQUISITION,1
2086545,Art Technology Acquisition Corp.,ARTCU,Nasdaq,0002086545,ART TECHNOLOGY ACQUISITION,1
2086545,Art Technology Acquisition Corp.,ARTCW,Nasdaq,0002086545,ART TECHNOLOGY ACQUISITION,1
2086869,RESOLUTION MINERALS LTD/ADR,RLMLF,OTC,0002086869,RESOLUTION MINERALS ADR,0
2087087,Black Spade Acquisition III Co,BIII-UN,NYSE,0002087087,BLACK SPADE ACQUISITION III,1
2087087,Black Spade Acquisition III Co,BIII-WT,NYSE,0002087087,BLACK SPADE ACQUISITION III,1
2087361,M Evo Global Acquisition Corp II,MEVOU,Nasdaq,0002087361,M EVO GLOBAL ACQUISITION II,1
2087361,M Evo Global Acquisition Corp II,MEVOW,Nasdaq,0002087361,M EVO GLOBAL ACQUISITION II,1
2087446,Proem Acquisition Corp. I,PAACU,Nasdaq,0002087446,PROEM ACQUISITION I,1
2087446,Proem Acquisition Corp. I,PAACW,Nasdaq,0002087446,PROEM ACQUISITION I,1
2087447,Lafayette Digital Acquisition Corp. I,ZKPU,Nasdaq,0002087447,LAFAYETTE DIGITAL ACQUISITION I,1
2087447,Lafayette Digital Acquisition Corp. I,ZKPW,Nasdaq,0002087447,LAFAYETTE DIGITAL ACQUISITION I,1
2087450,Legato Merger Corp. IV,LEGO-UN,NYSE,0002087450,LEGATO MERGER IV,1
2087450,Legato Merger Corp. IV,LEGO-WT,NYSE,0002087450,LEGATO MERGER IV,1
2087500,NHK Spring Co. Ltd/ADR,NHKGF,OTC,0002087500,NHK SPRING ADR,0
2087587,CoinShares PLC,CSHRW,Nasdaq,0002087587,COINSHARES,1
2087840,"Zhejiang Leapmotor Technology Co., Ltd./ADR",ZJLMF,OTC,0002087840,ZHEJIANG LEAPMOTOR TECHNOLOGY ADR,0
2087843,Greatland Resources Limited/ADR,GGPSF,OTC,0002087843,GREATLAND RESOURCES ADR,0
2087844,Mitsui-Soko Holdings Co Limited/ADR,MSOKF,OTC,0002087844,MITSUI SOKO ADR,0
2087852,Sumitomo Bakelite Co Limited/ADR,SBKLF,OTC,0002087852,SUMITOMO BAKELITE ADR,0
2087856,Aica Kogyo Co Limited/ADR,AIKCF,OTC,0002087856,AICA KOGYO ADR,0
2088103,XFLH Capital Corp,XFLH-RI,NYSE,0002088103,XFLH CAPITAL,1
2088103,XFLH Capital Corp,XFLH-UN,NYSE,0002088103,XFLH CAPITAL,1
2088256,Horizon Quantum Holdings Ltd.,HQWWW,Nasdaq,0002088256,HORIZON QUANTUM,1
2088295,Bleichroeder Acquisition Corp. II,BBCQU,Nasdaq,0002088295,BLEICHROEDER ACQUISITION II,1
2088295,Bleichroeder Acquisition Corp. II,BBCQW,Nasdaq,0002088295,BLEICHROEDER ACQUISITION II,1
2088325,OneIM Acquisition Corp.,OIMAU,Nasdaq,0002088325,ONEIM ACQUISITION,1
2088325,OneIM Acquisition Corp.,OIMAW,Nasdaq,0002088325,ONEIM ACQUISITION,1
2088339,"OBIC Business Consultants Co., Ltd./ADR",OBIBF,OTC,0002088339,OBIC BUSINESS CONSULTANTS ADR,0
2088749,Karbon Capital Partners Corp.,KBONU,Nasdaq,0002088749,KARBON CAPITAL PARTNERS,1
2088749,Karbon Capital Partners Corp.,KBONW,Nasdaq,0002088749,KARBON CAPITAL PARTNERS,1
2088776,"Zensho Holdings Co., Ltd./ADR",ZSHOF,OTC,0002088776,ZENSHO ADR,0
2088805,Columbus Circle Capital Corp II,CMIIU,Nasdaq,0002088805,COLUMBUS CIRCLE CAPITAL II,1
2088805,Columbus Circle Capital Corp II,CMIIW,Nasdaq,0002088805,COLUMBUS CIRCLE CAPITAL II,1
2088807,Xsolla SPAC 1,XSLLU,Nasdaq,0002088807,XSOLLA SPAC 1,1
2088807,Xsolla SPAC 1,XSLLW,Nasdaq,0002088807,XSOLLA SPAC 1,1
2088827,"Horiba, Ltd./ADR",HRIBF,OTC,0002088827,HORIBA ADR,0
2089174,Paltac Corporation/ADR,PCCOF,OTC,0002089174,PALTAC ADR,0
2089283,Eagle Nuclear Energy Corp.,NUCLW,Nasdaq,0002089283,EAGLE NUCLEAR ENERGY,1
2089488,SUNEVISION HOLDINGS/ADR,SVNHF,OTC,0002089488,SUNEVISION ADR,0
2089499,GLENVEAGH PROPERTIES PLC/ADR,GLVHF,OTC,0002089499,GLENVEAGH PROPERTIES ADR,0
2089506,TOSEI CORP/ADR,TOETF,OTC,0002089506,TOSEI ADR,0
2089509,JEOL LTD/ADR,JELLF,OTC,0002089509,JEOL ADR,0
2089982,HCM IV Acquisition Corp.,HACQU,Nasdaq,0002089982,HCM IV ACQUISITION,1
2089982,HCM IV Acquisition Corp.,HACQW,Nasdaq,0002089982,HCM IV ACQUISITION,1
2090231,Metlen Energy & Metals PLC/ADR,MTLPF,OTC,0002090231,METLEN ENERGY METALS ADR,0
2090441,Iron Dome Acquisition I Corp.,IDACU,Nasdaq,0002090441,IRON DOME ACQUISITION I,1
2090452,FG Imperii Acquisition Corp.,FGIIU,Nasdaq,0002090452,FG IMPERII ACQUISITION,1
2090452,FG Imperii Acquisition Corp.,FGIIW,Nasdaq,0002090452,FG IMPERII ACQUISITION,1
2090646,Boost Run Inc.,BRUNW,Nasdaq,0002090646,BOOST RUN,1
2091024,Colombier Acquisition Corp. III,CLBR-UN,NYSE,0002091024,COLOMBIER ACQUISITION III,1
2091024,Colombier Acquisition Corp. III,CLBR-WT,NYSE,0002091024,COLOMBIER ACQUISITION III,1
2091028,Metallium Limited/ADR,MTMCF,OTC,0002091028,METALLIUM ADR,0
2091176,Idea Acquisition Corp.,IACOU,Nasdaq,0002091176,IDEA ACQUISITION,1
2091176,Idea Acquisition Corp.,IACOW,Nasdaq,0002091176,IDEA ACQUISITION,1
2091222,Space Asset Acquisition Corp.,SAAQU,Nasdaq,0002091222,SPACE ASSET ACQUISITION,1
2091222,Space Asset Acquisition Corp.,SAAQW,Nasdaq,0002091222,SPACE ASSET ACQUISITION,1
2091484,GalaxyEdge Acquisition Corp,GLED-RI,NYSE,0002091484,GALAXYEDGE ACQUISITION,1
2091484,GalaxyEdge Acquisition Corp,GLED-UN,NYSE,0002091484,GALAXYEDGE ACQUISITION,1
2091585,Locksley Resources Limited/ADR,LKYRF,OTC,0002091585,LOCKSLEY RESOURCES ADR,0
2091663,CONDUIT HOLDINGS LTD/ADR,CNDHF,OTC,0002091663,CONDUIT ADR,0
2091712,RF Acquisition Corp III,RFAMR,Nasdaq,0002091712,RF ACQUISITION III,1
2091712,RF Acquisition Corp III,RFAMU,Nasdaq,0002091712,RF ACQUISITION III,1
2092248,"Nagase & Co., Ltd./ADR",NGSCF,OTC,0002092248,NAGASE ADR,0
2092252,"Rengo Co., Ltd./ADR",RNGOF,OTC,0002092252,RENGO ADR,0
2092258,Air Water Inc./ADR,AWTRF,OTC,0002092258,AIR WATER ADR,0
2092897,Armada Acquisition Corp. III,AACIU,Nasdaq,0002092897,ARMADA ACQUISITION III,1
2092897,Armada Acquisition Corp. III,AACIW,Nasdaq,0002092897,ARMADA ACQUISITION III,1
2093484,Muzero Acquisition Corp,MUZEU,Nasdaq,0002093484,MUZERO ACQUISITION,1
2093484,Muzero Acquisition Corp,MUZEW,Nasdaq,0002093484,MUZERO ACQUISITION,1
2093507,Greenland Energy Co,GLNDW,Nasdaq,0002093507,GREENLAND ENERGY,1
2093654,Zijin Gold International Co Limited/ADR,ZJNGF,OTC,0002093654,ZIJIN GOLD INTERNATIONAL ADR,0
2093667,"Maruwa Co., Ltd./ADR",MAWAF,OTC,0002093667,MARUWA ADR,0
2093856,APEX CRITICAL METALS CORP.,APXCF,OTC,0002093856,APEX CRITICAL METALS,0
2093907,RENK Group AG/ADR,RNKGF,OTC,0002093907,RENK AG ADR,0
2093912,Praetorian Acquisition Corp.,PTORU,Nasdaq,0002093912,PRAETORIAN ACQUISITION,1
2093912,Praetorian Acquisition Corp.,PTORW,Nasdaq,0002093912,PRAETORIAN ACQUISITION,1
2094073,Clearthink 1 Acquisition Corp.,CTAAR,Nasdaq,0002094073,CLEARTHINK 1 ACQUISITION,1
2094073,Clearthink 1 Acquisition Corp.,CTAAU,Nasdaq,0002094073,CLEARTHINK 1 ACQUISITION,1
2094076,Starlink AI Acquisition Corp,OTAI-UN,NYSE,0002094076,STARLINK AI ACQUISITION,1
2094201,DPC DASH LTD/ADR,DPCDF,OTC,0002094201,DPC DASH ADR,0
2094265,Mountain Lake Acquisition Corp. II,MLAAU,Nasdaq,0002094265,MOUNTAIN LAKE ACQUISITION II,1
2094265,Mountain Lake Acquisition Corp. II,MLAAW,Nasdaq,0002094265,MOUNTAIN LAKE ACQUISITION II,1
2094687,"Chery Automobile Co., Ltd./ADR",CRYAF,OTC,0002094687,CHERY AUTOMOBILE ADR,0
2094691,Ottobock SE & Co. KGaA/ADR,OBCKF,OTC,0002094691,OTTOBOCK SE KGAA ADR,0
2094692,Verisure plc/ADR,VSRPF,OTC,0002094692,VERISURE ADR,0
2095161,D. Boral Acquisition I Corp.,DBCAU,Nasdaq,0002095161,D BORAL ACQUISITION I,1
2095161,D. Boral Acquisition I Corp.,DBCAW,Nasdaq,0002095161,D BORAL ACQUISITION I,1
2095297,KPET Ultra Paceline Corp,KPET-UN,NYSE,0002095297,KPET ULTRA PACELINE,1
2095443,Breeze Acquisition Corp. II,BREZU,Nasdaq,0002095443,BREEZE ACQUISITION II,1
2096900,Averin Capital Acquisition Corp.,ACAAU,Nasdaq,0002096900,AVERIN CAPITAL ACQUISITION,1
2096900,Averin Capital Acquisition Corp.,ACAAW,Nasdaq,0002096900,AVERIN CAPITAL ACQUISITION,1
2097288,BHAV Acquisition Corp,BHAVR,Nasdaq,0002097288,BHAV ACQUISITION,1
2097288,BHAV Acquisition Corp,BHAVU,Nasdaq,0002097288,BHAV ACQUISITION,1
2097364,Spartacus Acquisition Corp. II,TMTSU,Nasdaq,0002097364,SPARTACUS ACQUISITION II,1
2097364,Spartacus Acquisition Corp. II,TMTSW,Nasdaq,0002097364,SPARTACUS ACQUISITION II,1
2097376,MOZAYYX Acquisition Corp.,MZYX-UN,NYSE,0002097376,MOZAYYX ACQUISITION,1
2097376,MOZAYYX Acquisition Corp.,MZYX-WT,NYSE,0002097376,MOZAYYX ACQUISITION,1
2097986,Forefront Tech Holdings Acquisition Corp,FTHAU,Nasdaq,0002097986,FOREFRONT TECH ACQUISITION,1
2098242,Spring Valley Acquisition Corp. IV,SVIVU,Nasdaq,0002098242,SPRING VALLEY ACQUISITION IV,1
2098242,Spring Valley Acquisition Corp. IV,SVIVW,Nasdaq,0002098242,SPRING VALLEY ACQUISITION IV,1
2098324,Shawbrook Group plc/ADR,SWBGF,OTC,0002098324,SHAWBROOK ADR,0
2098425,"Beijing Geekplus Technology Co., Ltd./ADR",BGTCF,OTC,0002098425,BEIJING GEEKPLUS TECHNOLOGY ADR,0
2098669,United Acquisition Corp. I,UAC-UN,NYSE,0002098669,UNITED ACQUISITION I,1
2098669,United Acquisition Corp. I,UAC-WT,NYSE,0002098669,UNITED ACQUISITION I,1
2098712,GigCapital9 Corp.,GIXXR,Nasdaq,0002098712,GIGCAPITAL9,1
2098712,GigCapital9 Corp.,GIXXU,Nasdaq,0002098712,GIGCAPITAL9,1
2098780,TRG Latin America Acquisitions Corp.,TRGSR,Nasdaq,0002098780,TRG LATIN AMERICA ACQUISITIONS,1
2098780,TRG Latin America Acquisitions Corp.,TRGSU,Nasdaq,0002098780,TRG LATIN AMERICA ACQUISITIONS,1
2099093,Hennessy Capital Investment Corp. VIII,HCICR,Nasdaq,0002099093,HENNESSY CAPITAL INVESTMENT VIII,1
2099093,Hennessy Capital Investment Corp. VIII,HCICU,Nasdaq,0002099093,HENNESSY CAPITAL INVESTMENT VIII,1
2099095,Patriot Acquisition Corp./CI,PTACU,Nasdaq,0002099095,PATRIOT ACQUISITION CI,1
2099232,Future Money Acquisition Corp,FMACR,Nasdaq,0002099232,FUTURE MONEY ACQUISITION,1
2099232,Future Money Acquisition Corp,FMACU,Nasdaq,0002099232,FUTURE MONEY ACQUISITION,1
2099767,NewHold Investment Corp IV,NHIVU,Nasdaq,0002099767,NEWHOLD INVESTMENT IV,1
2099906,Abony Acquisition Corp. I,AACOU,Nasdaq,0002099906,ABONY ACQUISITION I,1
2099906,Abony Acquisition Corp. I,AACOW,Nasdaq,0002099906,ABONY ACQUISITION I,1
2100125,Cambridge Acquisition Corp.,CAQUU,Nasdaq,0002100125,CAMBRIDGE ACQUISITION,1
2100125,Cambridge Acquisition Corp.,CAQUW,Nasdaq,0002100125,CAMBRIDGE ACQUISITION,1
2100603,Metaplanet Inc.,MTPLF,OTC,0002100603,METAPLANET,0
2101135,Illumination Acquisition Corp. I,ILLUU,Nasdaq,0002101135,ILLUMINATION ACQUISITION I,1
2101135,Illumination Acquisition Corp. I,ILLUW,Nasdaq,0002101135,ILLUMINATION ACQUISITION I,1
2101562,PALOMA ACQUISITION CORP I,PALOU,Nasdaq,0002101562,PALOMA ACQUISITION I,1
2101562,PALOMA ACQUISITION CORP I,PALOW,Nasdaq,0002101562,PALOMA ACQUISITION I,1
2102041,Inflection Point Acquisition Corp. VI,IPFXU,Nasdaq,0002102041,INFLECTION POINT ACQUISITION VI,1
2102041,Inflection Point Acquisition Corp. VI,IPFXW,Nasdaq,0002102041,INFLECTION POINT ACQUISITION VI,1
2102123,Apogee Acquisition Corp,AACPU,Nasdaq,0002102123,APOGEE ACQUISITION,1
2102155,Quantum Leap Acquisition Corp,QLEP-UN,NYSE,0002102155,QUANTUM LEAP ACQUISITION,1
2102713,Kensington Capital Acquisition Corp. VI,KCAC-WT,NYSE,0002102713,KENSINGTON CAPITAL ACQUISITION VI,1
2102713,Kensington Capital Acquisition Corp. VI,KCA-UN,NYSE,0002102713,KENSINGTON CAPITAL ACQUISITION VI,1
2104260,West Enclave Merger Corp.,WENC-RI,NYSE,0002104260,WEST ENCLAVE MERGER,1
2104260,West Enclave Merger Corp.,WENC-UN,NYSE,0002104260,WEST ENCLAVE MERGER,1
2105838,SUMA Acquisition Corp,SUMAR,Nasdaq,0002105838,SUMA ACQUISITION,1
2105838,SUMA Acquisition Corp,SUMAU,Nasdaq,0002105838,SUMA ACQUISITION,1
2106126,Eurobank SA/ADR,EURBF,OTC,0002106126,EUROBANK SA ADR,0
2107724,Metals Acquisition Corp. II,MTAL-UN,NYSE,0002107724,METALS ACQUISITION II,1
2107724,Metals Acquisition Corp. II,MTAL-WT,NYSE,0002107724,METALS ACQUISITION II,1
2107946,Yamato Kogyo Co. Ltd/ADR,YMTKF,OTC,0002107946,YAMATO KOGYO ADR,0
2107960,SWCC Corp/ADR,SWCPF,OTC,0002107960,SWCC ADR,0
2107989,Keisei Electric Railway Co. Ltd/ADR,KELRF,OTC,0002107989,KEISEI ELECTRIC RAILWAY ADR,0
2108124,"Odakyu Electric Railway Co., Ltd./ADR",ODERF,OTC,0002108124,ODAKYU ELECTRIC RAILWAY ADR,0
2108164,"Pono Capital Four, Inc.",PONOR,Nasdaq,0002108164,PONO CAPITAL FOUR,1
2108164,"Pono Capital Four, Inc.",PONOU,Nasdaq,0002108164,PONO CAPITAL FOUR,1
2108180,NOF Corporation/ADR,NOFCF,OTC,0002108180,NOF ADR,0
2108185,Azbil Corporation/ADR,YMATF,OTC,0002108185,AZBIL ADR,0
2108962,General Catalyst Global Resilience Merger Corp.,GCGRU,Nasdaq,0002108962,GENERAL CATALYST GLOBAL RESILIENCE MERGER,1
2109234,BELIMO Holding AG/ADR,BLHWF,OTC,0002109234,BELIMO AG ADR,0
2109545,Knowledge Atlas Technology Joint Stock Co Limited/ADR,KATJF,OTC,0002109545,KNOWLEDGE ATLAS TECHNOLOGY JOINT STOCK ADR,0
2109556,Minimax Group Inc./ADR,MNMXF,OTC,0002109556,MINIMAX ADR,0
2109666,Exosens SAS/ADR,EXOSF,OTC,0002109666,EXOSENS SAS ADR,0
2109876,Mountain Crest Acquisition 6 Corp.,MCAHU,Nasdaq,0002109876,MOUNTAIN CREST ACQUISITION 6,1
2111453,Verdera Energy Corp.,VUECF,OTC,0002111453,VERDERA ENERGY,0
2111542,ACP Holdings Acquisition Corp.,ACGCU,Nasdaq,0002111542,ACP ACQUISITION,1
2111762,GSR V Acquisition Corp.,GSRVU,Nasdaq,0002111762,GSR V ACQUISITION,1
2114227,Churchill Capital Corp XII,CXIIU,Nasdaq,0002114227,CHURCHILL CAPITAL XII,1
2115404,Collective Acquisition Corp. II,CAIIU,Nasdaq,0002115404,COLLECTIVE ACQUISITION II,1
2120046,CVC Capital Partners plc/ADR,CVCCF,OTC,0002120046,CVC CAPITAL PARTNERS ADR,0
2120422,Pfisterer Holdings SE/ADR,PFSEF,OTC,0002120422,PFISTERER SE ADR,0
2122505,Irenic Acquisition Corp.,IACQU,Nasdaq,0002122505,IRENIC ACQUISITION,1
2123531,Eastroc Beverage Group Co. Ltd/ADR,ERBGF,OTC,0002123531,EASTROC BEVERAGE ADR,0
2123969,RRE Ventures Acquisition Corp.,RREVU,Nasdaq,0002123969,RRE VENTURES ACQUISITION,1
2124215,TKMS AG & CO. KGAA/ADR,TKMSF,OTC,0002124215,TKMS AG KGAA ADR,0
2127653,American Tungsten & Antimony Ltd,ATALF,OTC,0002127653,AMERICAN TUNGSTEN ANTIMONY,0
2127839,Bellevue Gold Ltd./ADR,BELGF,OTC,0002127839,BELLEVUE GOLD ADR,0
2127859,EUROPEAN LITHIUM LTD/ADR,EULIF,OTC,0002127859,EUROPEAN LITHIUM ADR,0
2127860,DATELINE RESOURCES LTD/ADR,DTREF,OTC,0002127860,DATELINE RESOURCES ADR,0
2127861,ELIS S.A./ADR,ELSSF,OTC,0002127861,ELIS S ADR,0
2131812,Open House Group Co. Ltd/ADR,OPPPF,OTC,0002131812,OPEN HOUSE ADR,0
